ISO-10303-21;
HEADER;
/* Generated by software containing ST-Developer
 * from STEP Tools, Inc. (www.steptools.com) 
 */
/* OPTION: strings as raw bytes, not using required /X/ escapes */

FILE_DESCRIPTION(
/* description */ ('Unknown'),
/* implementation_level */ '2;1');

FILE_NAME(
/* name */ 'MiniBurner XL Dock Assembly',
/* time_stamp */ '2025-08-24T00:44:18+02:00',
/* author */ ('Unknown'),
/* organization */ ('Unknown'),
/* preprocessor_version */ 'ST-DEVELOPER v20',
/* originating_system */ 'Solid Edge',
/* authorisation */ 'Unknown');

FILE_SCHEMA (('AUTOMOTIVE_DESIGN {1 0 10303 214 3 1 1}'));
ENDSEC;

DATA;
#10=PROPERTY_DEFINITION_REPRESENTATION(#14,#12);
#11=PROPERTY_DEFINITION_REPRESENTATION(#15,#13);
#12=REPRESENTATION('',(#16),#15138);
#13=REPRESENTATION('',(#17),#15138);
#14=PROPERTY_DEFINITION('pmi validation property','',#15167);
#15=PROPERTY_DEFINITION('pmi validation property','',#15167);
#16=VALUE_REPRESENTATION_ITEM('number of annotations',COUNT_MEASURE(0.));
#17=VALUE_REPRESENTATION_ITEM('number of views',COUNT_MEASURE(0.));
#18=SPHERICAL_SURFACE('',#8462,0.5);
#19=SPHERICAL_SURFACE('',#8463,0.5);
#20=SPHERICAL_SURFACE('',#8484,0.5);
#21=SPHERICAL_SURFACE('',#8485,0.5);
#22=VERTEX_LOOP('',#5575);
#23=TOROIDAL_SURFACE('',#8169,2.8,0.2);
#24=TOROIDAL_SURFACE('',#8170,2.8,0.2);
#25=TOROIDAL_SURFACE('',#8397,2.375,0.375);
#26=TOROIDAL_SURFACE('',#8457,3.625,0.5);
#27=TOROIDAL_SURFACE('',#8479,3.625,0.5);
#28=CONTEXT_DEPENDENT_SHAPE_REPRESENTATION(#74,#15170);
#29=CONTEXT_DEPENDENT_SHAPE_REPRESENTATION(#75,#15172);
#30=CONTEXT_DEPENDENT_SHAPE_REPRESENTATION(#76,#15173);
#31=CONTEXT_DEPENDENT_SHAPE_REPRESENTATION(#77,#15175);
#32=CONTEXT_DEPENDENT_SHAPE_REPRESENTATION(#78,#15176);
#33=CONTEXT_DEPENDENT_SHAPE_REPRESENTATION(#79,#15177);
#34=CONTEXT_DEPENDENT_SHAPE_REPRESENTATION(#80,#15178);
#35=CONTEXT_DEPENDENT_SHAPE_REPRESENTATION(#81,#15180);
#36=CONTEXT_DEPENDENT_SHAPE_REPRESENTATION(#82,#15181);
#37=CONTEXT_DEPENDENT_SHAPE_REPRESENTATION(#83,#15183);
#38=CONTEXT_DEPENDENT_SHAPE_REPRESENTATION(#84,#15184);
#39=CONTEXT_DEPENDENT_SHAPE_REPRESENTATION(#85,#15185);
#40=CONTEXT_DEPENDENT_SHAPE_REPRESENTATION(#86,#15186);
#41=CONTEXT_DEPENDENT_SHAPE_REPRESENTATION(#87,#15188);
#42=CONTEXT_DEPENDENT_SHAPE_REPRESENTATION(#88,#15189);
#43=CONTEXT_DEPENDENT_SHAPE_REPRESENTATION(#89,#15191);
#44=CONTEXT_DEPENDENT_SHAPE_REPRESENTATION(#90,#15192);
#45=CONTEXT_DEPENDENT_SHAPE_REPRESENTATION(#91,#15194);
#46=CONTEXT_DEPENDENT_SHAPE_REPRESENTATION(#92,#15195);
#47=CONTEXT_DEPENDENT_SHAPE_REPRESENTATION(#93,#15196);
#48=CONTEXT_DEPENDENT_SHAPE_REPRESENTATION(#94,#15199);
#49=CONTEXT_DEPENDENT_SHAPE_REPRESENTATION(#95,#15201);
#50=CONTEXT_DEPENDENT_SHAPE_REPRESENTATION(#96,#15202);
#51=NEXT_ASSEMBLY_USAGE_OCCURRENCE('Miniburner XL Dock',
'Miniburner XL Dock','Miniburner XL Dock',#15204,#15205,'');
#52=NEXT_ASSEMBLY_USAGE_OCCURRENCE('Miniburner XL Dock - Brim',
'Miniburner XL Dock - Brim','Miniburner XL Dock - Brim',#15204,#15206,
'');
#53=NEXT_ASSEMBLY_USAGE_OCCURRENCE('MiniBurner XL Dock With Brim',
'MiniBurner XL Dock With Brim','MiniBurner XL Dock With Brim',#15203,#15204,
'');
#54=NEXT_ASSEMBLY_USAGE_OCCURRENCE(
'6x3 Magnet With 2mm Coutersunk Hole',
'6x3 Magnet With 2mm Coutersunk Hole',
'6x3 Magnet With 2mm Coutersunk Hole',#15203,#15207,'');
#55=NEXT_ASSEMBLY_USAGE_OCCURRENCE(
'6x3 Magnet With 2mm Coutersunk Hole',
'6x3 Magnet With 2mm Coutersunk Hole',
'6x3 Magnet With 2mm Coutersunk Hole',#15203,#15207,'');
#56=NEXT_ASSEMBLY_USAGE_OCCURRENCE(
'6x3 Magnet With 2mm Coutersunk Hole',
'6x3 Magnet With 2mm Coutersunk Hole',
'6x3 Magnet With 2mm Coutersunk Hole',#15203,#15207,'');
#57=NEXT_ASSEMBLY_USAGE_OCCURRENCE(
'6x3 Magnet With 2mm Coutersunk Hole',
'6x3 Magnet With 2mm Coutersunk Hole',
'6x3 Magnet With 2mm Coutersunk Hole',#15203,#15207,'');
#58=NEXT_ASSEMBLY_USAGE_OCCURRENCE('Heat Insert M3 Short 5x4',
'Heat Insert M3 Short 5x4','Heat Insert M3 Short 5x4',#15203,#15208,'');
#59=NEXT_ASSEMBLY_USAGE_OCCURRENCE('Heat Insert M3 Short 5x4',
'Heat Insert M3 Short 5x4','Heat Insert M3 Short 5x4',#15203,#15208,'');
#60=NEXT_ASSEMBLY_USAGE_OCCURRENCE(
'M2x10mm - Selftapping Screw Countersunk',
'M2x10mm - Selftapping Screw Countersunk',
'M2x10mm - Selftapping Screw Countersunk',#15203,#15209,'');
#61=NEXT_ASSEMBLY_USAGE_OCCURRENCE(
'M2x10mm - Selftapping Screw Countersunk',
'M2x10mm - Selftapping Screw Countersunk',
'M2x10mm - Selftapping Screw Countersunk',#15203,#15209,'');
#62=NEXT_ASSEMBLY_USAGE_OCCURRENCE(
'M2x10mm - Selftapping Screw Countersunk',
'M2x10mm - Selftapping Screw Countersunk',
'M2x10mm - Selftapping Screw Countersunk',#15203,#15209,'');
#63=NEXT_ASSEMBLY_USAGE_OCCURRENCE(
'M2x10mm - Selftapping Screw Countersunk',
'M2x10mm - Selftapping Screw Countersunk',
'M2x10mm - Selftapping Screw Countersunk',#15203,#15209,'');
#64=NEXT_ASSEMBLY_USAGE_OCCURRENCE('M3x8 hex socket cap screw',
'M3x8 hex socket cap screw','M3x8 hex socket cap screw',#15203,#15210,
'');
#65=NEXT_ASSEMBLY_USAGE_OCCURRENCE('M3x8 hex socket cap screw',
'M3x8 hex socket cap screw','M3x8 hex socket cap screw',#15203,#15210,
'');
#66=NEXT_ASSEMBLY_USAGE_OCCURRENCE('M3 Hammerhead T-Nut',
'M3 Hammerhead T-Nut','M3 Hammerhead T-Nut',#15203,#15211,'');
#67=NEXT_ASSEMBLY_USAGE_OCCURRENCE('M3 Hammerhead T-Nut',
'M3 Hammerhead T-Nut','M3 Hammerhead T-Nut',#15203,#15211,'');
#68=NEXT_ASSEMBLY_USAGE_OCCURRENCE('SpringSteel Holder',
'SpringSteel Holder','SpringSteel Holder',#15203,#15212,'');
#69=NEXT_ASSEMBLY_USAGE_OCCURRENCE('M3x8 hex socket cap screw',
'M3x8 hex socket cap screw','M3x8 hex socket cap screw',#15203,#15210,
'');
#70=NEXT_ASSEMBLY_USAGE_OCCURRENCE('M3x8 hex socket cap screw',
'M3x8 hex socket cap screw','M3x8 hex socket cap screw',#15203,#15210,
'');
#71=NEXT_ASSEMBLY_USAGE_OCCURRENCE('Silicon Pad','Silicon Pad',
'Silicon Pad',#15213,#15214,'');
#72=NEXT_ASSEMBLY_USAGE_OCCURRENCE('SpringSteel','SpringSteel',
'SpringSteel',#15213,#15215,'');
#73=NEXT_ASSEMBLY_USAGE_OCCURRENCE('Silicon Pad Assembly',
'Silicon Pad Assembly','Silicon Pad Assembly',#15203,#15213,'');
#74=(
REPRESENTATION_RELATIONSHIP(' ',' ',#7889,#7890)
REPRESENTATION_RELATIONSHIP_WITH_TRANSFORMATION(#97)
SHAPE_REPRESENTATION_RELATIONSHIP()
);
#75=(
REPRESENTATION_RELATIONSHIP(' ',' ',#7891,#7890)
REPRESENTATION_RELATIONSHIP_WITH_TRANSFORMATION(#98)
SHAPE_REPRESENTATION_RELATIONSHIP()
);
#76=(
REPRESENTATION_RELATIONSHIP(' ',' ',#7890,#7892)
REPRESENTATION_RELATIONSHIP_WITH_TRANSFORMATION(#99)
SHAPE_REPRESENTATION_RELATIONSHIP()
);
#77=(
REPRESENTATION_RELATIONSHIP(' ',' ',#7893,#7892)
REPRESENTATION_RELATIONSHIP_WITH_TRANSFORMATION(#100)
SHAPE_REPRESENTATION_RELATIONSHIP()
);
#78=(
REPRESENTATION_RELATIONSHIP(' ',' ',#7893,#7892)
REPRESENTATION_RELATIONSHIP_WITH_TRANSFORMATION(#101)
SHAPE_REPRESENTATION_RELATIONSHIP()
);
#79=(
REPRESENTATION_RELATIONSHIP(' ',' ',#7893,#7892)
REPRESENTATION_RELATIONSHIP_WITH_TRANSFORMATION(#102)
SHAPE_REPRESENTATION_RELATIONSHIP()
);
#80=(
REPRESENTATION_RELATIONSHIP(' ',' ',#7893,#7892)
REPRESENTATION_RELATIONSHIP_WITH_TRANSFORMATION(#103)
SHAPE_REPRESENTATION_RELATIONSHIP()
);
#81=(
REPRESENTATION_RELATIONSHIP(' ',' ',#7894,#7892)
REPRESENTATION_RELATIONSHIP_WITH_TRANSFORMATION(#104)
SHAPE_REPRESENTATION_RELATIONSHIP()
);
#82=(
REPRESENTATION_RELATIONSHIP(' ',' ',#7894,#7892)
REPRESENTATION_RELATIONSHIP_WITH_TRANSFORMATION(#105)
SHAPE_REPRESENTATION_RELATIONSHIP()
);
#83=(
REPRESENTATION_RELATIONSHIP(' ',' ',#7895,#7892)
REPRESENTATION_RELATIONSHIP_WITH_TRANSFORMATION(#106)
SHAPE_REPRESENTATION_RELATIONSHIP()
);
#84=(
REPRESENTATION_RELATIONSHIP(' ',' ',#7895,#7892)
REPRESENTATION_RELATIONSHIP_WITH_TRANSFORMATION(#107)
SHAPE_REPRESENTATION_RELATIONSHIP()
);
#85=(
REPRESENTATION_RELATIONSHIP(' ',' ',#7895,#7892)
REPRESENTATION_RELATIONSHIP_WITH_TRANSFORMATION(#108)
SHAPE_REPRESENTATION_RELATIONSHIP()
);
#86=(
REPRESENTATION_RELATIONSHIP(' ',' ',#7895,#7892)
REPRESENTATION_RELATIONSHIP_WITH_TRANSFORMATION(#109)
SHAPE_REPRESENTATION_RELATIONSHIP()
);
#87=(
REPRESENTATION_RELATIONSHIP(' ',' ',#7896,#7892)
REPRESENTATION_RELATIONSHIP_WITH_TRANSFORMATION(#110)
SHAPE_REPRESENTATION_RELATIONSHIP()
);
#88=(
REPRESENTATION_RELATIONSHIP(' ',' ',#7896,#7892)
REPRESENTATION_RELATIONSHIP_WITH_TRANSFORMATION(#111)
SHAPE_REPRESENTATION_RELATIONSHIP()
);
#89=(
REPRESENTATION_RELATIONSHIP(' ',' ',#7897,#7892)
REPRESENTATION_RELATIONSHIP_WITH_TRANSFORMATION(#112)
SHAPE_REPRESENTATION_RELATIONSHIP()
);
#90=(
REPRESENTATION_RELATIONSHIP(' ',' ',#7897,#7892)
REPRESENTATION_RELATIONSHIP_WITH_TRANSFORMATION(#113)
SHAPE_REPRESENTATION_RELATIONSHIP()
);
#91=(
REPRESENTATION_RELATIONSHIP(' ',' ',#7898,#7892)
REPRESENTATION_RELATIONSHIP_WITH_TRANSFORMATION(#114)
SHAPE_REPRESENTATION_RELATIONSHIP()
);
#92=(
REPRESENTATION_RELATIONSHIP(' ',' ',#7896,#7892)
REPRESENTATION_RELATIONSHIP_WITH_TRANSFORMATION(#115)
SHAPE_REPRESENTATION_RELATIONSHIP()
);
#93=(
REPRESENTATION_RELATIONSHIP(' ',' ',#7896,#7892)
REPRESENTATION_RELATIONSHIP_WITH_TRANSFORMATION(#116)
SHAPE_REPRESENTATION_RELATIONSHIP()
);
#94=(
REPRESENTATION_RELATIONSHIP(' ',' ',#7899,#7900)
REPRESENTATION_RELATIONSHIP_WITH_TRANSFORMATION(#117)
SHAPE_REPRESENTATION_RELATIONSHIP()
);
#95=(
REPRESENTATION_RELATIONSHIP(' ',' ',#7901,#7900)
REPRESENTATION_RELATIONSHIP_WITH_TRANSFORMATION(#118)
SHAPE_REPRESENTATION_RELATIONSHIP()
);
#96=(
REPRESENTATION_RELATIONSHIP(' ',' ',#7900,#7892)
REPRESENTATION_RELATIONSHIP_WITH_TRANSFORMATION(#119)
SHAPE_REPRESENTATION_RELATIONSHIP()
);
#97=ITEM_DEFINED_TRANSFORMATION(' ',' ',#7902,#8151);
#98=ITEM_DEFINED_TRANSFORMATION(' ',' ',#7902,#8158);
#99=ITEM_DEFINED_TRANSFORMATION(' ',' ',#7902,#8159);
#100=ITEM_DEFINED_TRANSFORMATION(' ',' ',#7902,#8174);
#101=ITEM_DEFINED_TRANSFORMATION(' ',' ',#7902,#8175);
#102=ITEM_DEFINED_TRANSFORMATION(' ',' ',#7902,#8176);
#103=ITEM_DEFINED_TRANSFORMATION(' ',' ',#7902,#8177);
#104=ITEM_DEFINED_TRANSFORMATION(' ',' ',#7902,#8339);
#105=ITEM_DEFINED_TRANSFORMATION(' ',' ',#7902,#8340);
#106=ITEM_DEFINED_TRANSFORMATION(' ',' ',#7902,#8388);
#107=ITEM_DEFINED_TRANSFORMATION(' ',' ',#7902,#8389);
#108=ITEM_DEFINED_TRANSFORMATION(' ',' ',#7902,#8390);
#109=ITEM_DEFINED_TRANSFORMATION(' ',' ',#7902,#8391);
#110=ITEM_DEFINED_TRANSFORMATION(' ',' ',#7902,#8424);
#111=ITEM_DEFINED_TRANSFORMATION(' ',' ',#7902,#8425);
#112=ITEM_DEFINED_TRANSFORMATION(' ',' ',#7902,#8501);
#113=ITEM_DEFINED_TRANSFORMATION(' ',' ',#7902,#8502);
#114=ITEM_DEFINED_TRANSFORMATION(' ',' ',#7902,#8563);
#115=ITEM_DEFINED_TRANSFORMATION(' ',' ',#7902,#8564);
#116=ITEM_DEFINED_TRANSFORMATION(' ',' ',#7902,#8565);
#117=ITEM_DEFINED_TRANSFORMATION(' ',' ',#7902,#8589);
#118=ITEM_DEFINED_TRANSFORMATION(' ',' ',#7902,#8596);
#119=ITEM_DEFINED_TRANSFORMATION(' ',' ',#7902,#8597);
#120=SHAPE_REPRESENTATION_RELATIONSHIP('','',#7889,#130);
#121=SHAPE_REPRESENTATION_RELATIONSHIP('','',#7891,#131);
#122=SHAPE_REPRESENTATION_RELATIONSHIP('','',#7893,#132);
#123=SHAPE_REPRESENTATION_RELATIONSHIP('','',#7894,#133);
#124=SHAPE_REPRESENTATION_RELATIONSHIP('','',#7895,#134);
#125=SHAPE_REPRESENTATION_RELATIONSHIP('','',#7896,#135);
#126=SHAPE_REPRESENTATION_RELATIONSHIP('','',#7897,#136);
#127=SHAPE_REPRESENTATION_RELATIONSHIP('','',#7898,#137);
#128=SHAPE_REPRESENTATION_RELATIONSHIP('','',#7899,#138);
#129=SHAPE_REPRESENTATION_RELATIONSHIP('','',#7901,#139);
#130=ADVANCED_BREP_SHAPE_REPRESENTATION('',(#7866),#15140);
#131=ADVANCED_BREP_SHAPE_REPRESENTATION('',(#7867),#15141);
#132=ADVANCED_BREP_SHAPE_REPRESENTATION('',(#7868),#15142);
#133=ADVANCED_BREP_SHAPE_REPRESENTATION('',(#7869),#15143);
#134=ADVANCED_BREP_SHAPE_REPRESENTATION('',(#7870),#15144);
#135=ADVANCED_BREP_SHAPE_REPRESENTATION('',(#7871),#15145);
#136=ADVANCED_BREP_SHAPE_REPRESENTATION('',(#7872),#15146);
#137=ADVANCED_BREP_SHAPE_REPRESENTATION('',(#7873),#15147);
#138=ADVANCED_BREP_SHAPE_REPRESENTATION('',(#7874),#15149);
#139=ADVANCED_BREP_SHAPE_REPRESENTATION('',(#7875),#15150);
#140=B_SPLINE_SURFACE_WITH_KNOTS('',1,3,((#11522,#11523,#11524,#11525,#11526,
#11527),(#11528,#11529,#11530,#11531,#11532,#11533)),.RULED_SURF.,.F.,.F.,
 .F.,(2,2),(4,2,4),(0.,1.),(0.0833506904298748,0.494027807497903,0.904704924565932),
 .UNSPECIFIED.);
#141=B_SPLINE_SURFACE_WITH_KNOTS('',1,3,((#11563,#11564,#11565,#11566,#11567,
#11568),(#11569,#11570,#11571,#11572,#11573,#11574)),.RULED_SURF.,.F.,.F.,
 .F.,(2,2),(4,2,4),(0.,1.),(0.0952725234222896,0.505960913422129,0.916649303421968),
 .UNSPECIFIED.);
#142=B_SPLINE_SURFACE_WITH_KNOTS('',3,3,((#11726,#11727,#11728,#11729,#11730,
#11731,#11732,#11733,#11734,#11735,#11736,#11737,#11738,#11739,#11740,#11741,
#11742,#11743,#11744,#11745,#11746,#11747,#11748,#11749,#11750,#11751,#11752,
#11753,#11754,#11755,#11756,#11757,#11758,#11759,#11760,#11761,#11762,#11763,
#11764,#11765,#11766,#11767,#11768,#11769,#11770,#11771,#11772,#11773,#11774,
#11775,#11776,#11777,#11778,#11779,#11780,#11781),(#11782,#11783,#11784,
#11785,#11786,#11787,#11788,#11789,#11790,#11791,#11792,#11793,#11794,#11795,
#11796,#11797,#11798,#11799,#11800,#11801,#11802,#11803,#11804,#11805,#11806,
#11807,#11808,#11809,#11810,#11811,#11812,#11813,#11814,#11815,#11816,#11817,
#11818,#11819,#11820,#11821,#11822,#11823,#11824,#11825,#11826,#11827,#11828,
#11829,#11830,#11831,#11832,#11833,#11834,#11835,#11836,#11837),(#11838,
#11839,#11840,#11841,#11842,#11843,#11844,#11845,#11846,#11847,#11848,#11849,
#11850,#11851,#11852,#11853,#11854,#11855,#11856,#11857,#11858,#11859,#11860,
#11861,#11862,#11863,#11864,#11865,#11866,#11867,#11868,#11869,#11870,#11871,
#11872,#11873,#11874,#11875,#11876,#11877,#11878,#11879,#11880,#11881,#11882,
#11883,#11884,#11885,#11886,#11887,#11888,#11889,#11890,#11891,#11892,#11893),
(#11894,#11895,#11896,#11897,#11898,#11899,#11900,#11901,#11902,#11903,
#11904,#11905,#11906,#11907,#11908,#11909,#11910,#11911,#11912,#11913,#11914,
#11915,#11916,#11917,#11918,#11919,#11920,#11921,#11922,#11923,#11924,#11925,
#11926,#11927,#11928,#11929,#11930,#11931,#11932,#11933,#11934,#11935,#11936,
#11937,#11938,#11939,#11940,#11941,#11942,#11943,#11944,#11945,#11946,#11947,
#11948,#11949)),.RULED_SURF.,.F.,.F.,.F.,(4,4),(4,1,1,1,1,1,1,1,1,1,1,1,
1,1,1,1,1,1,1,1,1,1,1,1,1,1,1,1,1,1,1,1,1,1,1,1,1,1,1,1,1,1,1,1,1,1,1,1,
1,1,1,1,1,4),(-0.000219976129122442,0.0323326093138009),(14.3984001269718,
15.3849294656359,16.3714588042999,17.3579881429639,18.3445174816279,19.331046820292,
20.317576158956,21.30410549762,22.2906348362841,23.2771641749481,24.2636935136121,
25.2502228522762,26.2367521909402,27.2232815296042,28.2098108682683,29.1963402069323,
30.1828695455963,31.1693988842604,32.1559282229244,33.1424575615884,34.1289869002524,
35.1155162389165,36.1020455775805,37.0885749162445,38.0751042549086,39.0616335935726,
40.0481629322366,41.0346922709007,42.0212216095647,43.0077509482287,43.9942802868928,
44.9808096255568,45.9673389642208,46.9538683028848,47.9403976415489,48.9269269802129,
49.9134563188769,50.899985657541,51.886514996205,52.873044334869,53.8595736735331,
54.8461030121971,55.8326323508611,56.8191616895252,57.8056910281892,58.7922203668532,
59.7787497055172,60.7652790441813,61.7518083828453,62.7383377215093,63.7248670601734,
64.7113963988374,65.6979257375014,66.6844550761655),.UNSPECIFIED.);
#143=B_SPLINE_SURFACE_WITH_KNOTS('',3,3,((#12300,#12301,#12302,#12303,#12304,
#12305,#12306,#12307,#12308,#12309,#12310,#12311,#12312,#12313,#12314,#12315,
#12316,#12317,#12318,#12319,#12320,#12321,#12322,#12323,#12324,#12325,#12326,
#12327,#12328,#12329,#12330,#12331,#12332,#12333,#12334,#12335,#12336,#12337,
#12338,#12339,#12340,#12341,#12342,#12343,#12344,#12345,#12346,#12347,#12348,
#12349,#12350,#12351,#12352,#12353,#12354,#12355),(#12356,#12357,#12358,
#12359,#12360,#12361,#12362,#12363,#12364,#12365,#12366,#12367,#12368,#12369,
#12370,#12371,#12372,#12373,#12374,#12375,#12376,#12377,#12378,#12379,#12380,
#12381,#12382,#12383,#12384,#12385,#12386,#12387,#12388,#12389,#12390,#12391,
#12392,#12393,#12394,#12395,#12396,#12397,#12398,#12399,#12400,#12401,#12402,
#12403,#12404,#12405,#12406,#12407,#12408,#12409,#12410,#12411),(#12412,
#12413,#12414,#12415,#12416,#12417,#12418,#12419,#12420,#12421,#12422,#12423,
#12424,#12425,#12426,#12427,#12428,#12429,#12430,#12431,#12432,#12433,#12434,
#12435,#12436,#12437,#12438,#12439,#12440,#12441,#12442,#12443,#12444,#12445,
#12446,#12447,#12448,#12449,#12450,#12451,#12452,#12453,#12454,#12455,#12456,
#12457,#12458,#12459,#12460,#12461,#12462,#12463,#12464,#12465,#12466,#12467),
(#12468,#12469,#12470,#12471,#12472,#12473,#12474,#12475,#12476,#12477,
#12478,#12479,#12480,#12481,#12482,#12483,#12484,#12485,#12486,#12487,#12488,
#12489,#12490,#12491,#12492,#12493,#12494,#12495,#12496,#12497,#12498,#12499,
#12500,#12501,#12502,#12503,#12504,#12505,#12506,#12507,#12508,#12509,#12510,
#12511,#12512,#12513,#12514,#12515,#12516,#12517,#12518,#12519,#12520,#12521,
#12522,#12523)),.RULED_SURF.,.F.,.F.,.F.,(4,4),(4,1,1,1,1,1,1,1,1,1,1,1,
1,1,1,1,1,1,1,1,1,1,1,1,1,1,1,1,1,1,1,1,1,1,1,1,1,1,1,1,1,1,1,1,1,1,1,1,
1,1,1,1,1,4),(-0.000174551466531416,0.0323685197835687),(11.8553612635793,
12.8418906022434,13.8284199409074,14.8149492795714,15.8014786182354,16.7880079568995,
17.7745372955635,18.7610666342275,19.7475959728916,20.7341253115556,21.7206546502196,
22.7071839888837,23.6937133275477,24.6802426662117,25.6667720048758,26.6533013435398,
27.6398306822038,28.6263600208678,29.6128893595319,30.5994186981959,31.5859480368599,
32.572477375524,33.559006714188,34.545536052852,35.5320653915161,36.5185947301801,
37.5051240688441,38.4916534075081,39.4781827461722,40.4647120848362,41.4512414235002,
42.4377707621643,43.4243001008283,44.4108294394923,45.3973587781564,46.3838881168204,
47.3704174554844,48.3569467941485,49.3434761328125,50.3300054714765,51.3165348101405,
52.3030641488046,53.2895934874686,54.2761228261326,55.2626521647967,56.2491815034607,
57.2357108421247,58.2222401807888,59.2087695194528,60.1952988581168,61.1818281967808,
62.1683575354449,63.1548868741089,64.1414162127729),.UNSPECIFIED.);
#144=B_SPLINE_SURFACE_WITH_KNOTS('',3,3,((#12768,#12769,#12770,#12771),
(#12772,#12773,#12774,#12775),(#12776,#12777,#12778,#12779),(#12780,#12781,
#12782,#12783)),.RULED_SURF.,.F.,.F.,.F.,(4,4),(4,4),(-0.0736390603138526,
0.),(0.,0.11),.PIECEWISE_BEZIER_KNOTS.);
#145=B_SPLINE_SURFACE_WITH_KNOTS('',3,3,((#12797,#12798,#12799,#12800),
(#12801,#12802,#12803,#12804),(#12805,#12806,#12807,#12808),(#12809,#12810,
#12811,#12812)),.RULED_SURF.,.F.,.F.,.F.,(4,4),(4,4),(-0.0736390603138526,
0.),(0.,0.11),.PIECEWISE_BEZIER_KNOTS.);
#146=B_SPLINE_SURFACE_WITH_KNOTS('',3,3,((#12863,#12864,#12865,#12866),
(#12867,#12868,#12869,#12870),(#12871,#12872,#12873,#12874),(#12875,#12876,
#12877,#12878)),.RULED_SURF.,.F.,.F.,.F.,(4,4),(4,4),(-0.0736390603138527,
1.20037035866716E-11),(-2.40282618663271E-17,0.11),
 .PIECEWISE_BEZIER_KNOTS.);
#147=B_SPLINE_SURFACE_WITH_KNOTS('',3,3,((#12885,#12886,#12887,#12888),
(#12889,#12890,#12891,#12892),(#12893,#12894,#12895,#12896),(#12897,#12898,
#12899,#12900)),.RULED_SURF.,.F.,.F.,.F.,(4,4),(4,4),(-0.0736390603258563,
6.5410959565926E-17),(-1.30134207657312E-17,0.11),
 .PIECEWISE_BEZIER_KNOTS.);
#148=B_SPLINE_SURFACE_WITH_KNOTS('',3,3,((#12920,#12921,#12922,#12923),
(#12924,#12925,#12926,#12927),(#12928,#12929,#12930,#12931),(#12932,#12933,
#12934,#12935)),.RULED_SURF.,.F.,.F.,.F.,(4,4),(4,4),(-0.0736390603138526,
1.20037035866716E-11),(-2.53111035414109E-17,0.11),
 .PIECEWISE_BEZIER_KNOTS.);
#149=B_SPLINE_SURFACE_WITH_KNOTS('',3,3,((#12942,#12943,#12944,#12945),
(#12946,#12947,#12948,#12949),(#12950,#12951,#12952,#12953),(#12954,#12955,
#12956,#12957)),.RULED_SURF.,.F.,.F.,.F.,(4,4),(4,4),(-0.0736390603258563,
2.60208521396521E-17),(-2.73758677397165E-18,0.11),
 .PIECEWISE_BEZIER_KNOTS.);
#150=B_SPLINE_SURFACE_WITH_KNOTS('',3,3,((#12977,#12978,#12979,#12980),
(#12981,#12982,#12983,#12984),(#12985,#12986,#12987,#12988),(#12989,#12990,
#12991,#12992)),.RULED_SURF.,.F.,.F.,.F.,(4,4),(4,4),(-0.0736390603138527,
1.20037035866716E-11),(-1.45457312903497E-17,0.11),
 .PIECEWISE_BEZIER_KNOTS.);
#151=B_SPLINE_SURFACE_WITH_KNOTS('',3,3,((#12999,#13000,#13001,#13002),
(#13003,#13004,#13005,#13006),(#13007,#13008,#13009,#13010),(#13011,#13012,
#13013,#13014)),.RULED_SURF.,.F.,.F.,.F.,(4,4),(4,4),(-0.0736390603258563,
6.93889390390723E-18),(-2.6174815243186E-17,0.11),
 .PIECEWISE_BEZIER_KNOTS.);
#152=B_SPLINE_SURFACE_WITH_KNOTS('',3,3,((#13034,#13035,#13036,#13037),
(#13038,#13039,#13040,#13041),(#13042,#13043,#13044,#13045),(#13046,#13047,
#13048,#13049)),.RULED_SURF.,.F.,.F.,.F.,(4,4),(4,4),(-0.0736390603138527,
1.20037035866716E-11),(-1.07147408569413E-17,0.11),
 .PIECEWISE_BEZIER_KNOTS.);
#153=B_SPLINE_SURFACE_WITH_KNOTS('',3,3,((#13056,#13057,#13058,#13059),
(#13060,#13061,#13062,#13063),(#13064,#13065,#13066,#13067),(#13068,#13069,
#13070,#13071)),.RULED_SURF.,.F.,.F.,.F.,(4,4),(4,4),(-0.0736390603258563,
3.40107336247629E-18),(-7.73280220062981E-18,0.11),
 .PIECEWISE_BEZIER_KNOTS.);
#154=B_SPLINE_SURFACE_WITH_KNOTS('',3,3,((#13091,#13092,#13093,#13094),
(#13095,#13096,#13097,#13098),(#13099,#13100,#13101,#13102),(#13103,#13104,
#13105,#13106)),.RULED_SURF.,.F.,.F.,.F.,(4,4),(4,4),(-0.0736390603138527,
1.20037035866716E-11),(-3.6063548870386E-18,0.11),
 .PIECEWISE_BEZIER_KNOTS.);
#155=B_SPLINE_SURFACE_WITH_KNOTS('',3,3,((#13113,#13114,#13115,#13116),
(#13117,#13118,#13119,#13120),(#13121,#13122,#13123,#13124),(#13125,#13126,
#13127,#13128)),.RULED_SURF.,.F.,.F.,.F.,(4,4),(4,4),(-0.0736390603258563,
3.31585471386962E-18),(-3.53602256266764E-17,0.11),
 .PIECEWISE_BEZIER_KNOTS.);
#156=B_SPLINE_SURFACE_WITH_KNOTS('',3,3,((#13148,#13149,#13150,#13151),
(#13152,#13153,#13154,#13155),(#13156,#13157,#13158,#13159),(#13160,#13161,
#13162,#13163)),.RULED_SURF.,.F.,.F.,.F.,(4,4),(4,4),(-0.0736390603138526,
1.20037035866716E-11),(-2.80685724860832E-17,0.11),
 .PIECEWISE_BEZIER_KNOTS.);
#157=B_SPLINE_SURFACE_WITH_KNOTS('',3,3,((#13170,#13171,#13172,#13173),
(#13174,#13175,#13176,#13177),(#13178,#13179,#13180,#13181),(#13182,#13183,
#13184,#13185)),.RULED_SURF.,.F.,.F.,.F.,(4,4),(4,4),(-0.0736390603258563,
9.74230136789089E-19),(0.,0.11),.PIECEWISE_BEZIER_KNOTS.);
#158=B_SPLINE_SURFACE_WITH_KNOTS('',3,3,((#13205,#13206,#13207,#13208),
(#13209,#13210,#13211,#13212),(#13213,#13214,#13215,#13216),(#13217,#13218,
#13219,#13220)),.RULED_SURF.,.F.,.F.,.F.,(4,4),(4,4),(-0.0736390603138527,
1.20037035866716E-11),(-4.01386076041863E-18,0.11),
 .PIECEWISE_BEZIER_KNOTS.);
#159=B_SPLINE_SURFACE_WITH_KNOTS('',3,3,((#13227,#13228,#13229,#13230),
(#13231,#13232,#13233,#13234),(#13235,#13236,#13237,#13238),(#13239,#13240,
#13241,#13242)),.RULED_SURF.,.F.,.F.,.F.,(4,4),(4,4),(-0.0736390603258563,
4.42574037488187E-18),(-2.66951331788416E-17,0.11),
 .PIECEWISE_BEZIER_KNOTS.);
#160=B_SPLINE_SURFACE_WITH_KNOTS('',3,3,((#13262,#13263,#13264,#13265),
(#13266,#13267,#13268,#13269),(#13270,#13271,#13272,#13273),(#13274,#13275,
#13276,#13277)),.RULED_SURF.,.F.,.F.,.F.,(4,4),(4,4),(-0.0736390603138527,
1.20037035866716E-11),(-1.32998295636965E-17,0.11),
 .PIECEWISE_BEZIER_KNOTS.);
#161=B_SPLINE_SURFACE_WITH_KNOTS('',3,3,((#13284,#13285,#13286,#13287),
(#13288,#13289,#13290,#13291),(#13292,#13293,#13294,#13295),(#13296,#13297,
#13298,#13299)),.RULED_SURF.,.F.,.F.,.F.,(4,4),(4,4),(-0.0736390603258563,
3.54565059614865E-18),(-1.8423587547555E-17,0.11),
 .PIECEWISE_BEZIER_KNOTS.);
#162=B_SPLINE_SURFACE_WITH_KNOTS('',3,3,((#13322,#13323,#13324,#13325),
(#13326,#13327,#13328,#13329),(#13330,#13331,#13332,#13333),(#13334,#13335,
#13336,#13337)),.RULED_SURF.,.F.,.F.,.F.,(4,4),(4,4),(-0.0736390603138527,
1.20037035866716E-11),(-2.98315880972444E-17,0.11),
 .PIECEWISE_BEZIER_KNOTS.);
#163=B_SPLINE_SURFACE_WITH_KNOTS('',3,3,((#13342,#13343,#13344,#13345),
(#13346,#13347,#13348,#13349),(#13350,#13351,#13352,#13353),(#13354,#13355,
#13356,#13357)),.RULED_SURF.,.F.,.F.,.F.,(4,4),(4,4),(-0.0736390603258563,
3.54429174515354E-18),(-4.32805267565604E-17,0.11),
 .PIECEWISE_BEZIER_KNOTS.);
#164=B_SPLINE_SURFACE_WITH_KNOTS('',3,3,((#13358,#13359,#13360,#13361),
(#13362,#13363,#13364,#13365),(#13366,#13367,#13368,#13369),(#13370,#13371,
#13372,#13373),(#13374,#13375,#13376,#13377),(#13378,#13379,#13380,#13381),
(#13382,#13383,#13384,#13385)),.RULED_SURF.,.F.,.F.,.F.,(4,3,4),(4,4),(-0.0736390603138527,
0.,0.000574219185982899),(0.,0.14),.PIECEWISE_BEZIER_KNOTS.);
#165=B_SPLINE_SURFACE_WITH_KNOTS('',3,3,((#13399,#13400,#13401,#13402),
(#13403,#13404,#13405,#13406),(#13407,#13408,#13409,#13410),(#13411,#13412,
#13413,#13414),(#13415,#13416,#13417,#13418),(#13419,#13420,#13421,#13422),
(#13423,#13424,#13425,#13426)),.RULED_SURF.,.F.,.F.,.F.,(4,3,4),(4,4),(-0.0742847746142723,
-0.0736390603138525,0.),(0.,0.14),.PIECEWISE_BEZIER_KNOTS.);
#166=B_SPLINE_SURFACE_WITH_KNOTS('',3,3,((#13452,#13453,#13454,#13455),
(#13456,#13457,#13458,#13459),(#13460,#13461,#13462,#13463),(#13464,#13465,
#13466,#13467),(#13468,#13469,#13470,#13471),(#13472,#13473,#13474,#13475),
(#13476,#13477,#13478,#13479)),.RULED_SURF.,.F.,.F.,.F.,(4,3,4),(4,4),(-0.0736390603138527,
0.,0.000574219185983896),(0.,0.14),.PIECEWISE_BEZIER_KNOTS.);
#167=B_SPLINE_SURFACE_WITH_KNOTS('',3,3,((#13493,#13494,#13495,#13496),
(#13497,#13498,#13499,#13500),(#13501,#13502,#13503,#13504),(#13505,#13506,
#13507,#13508),(#13509,#13510,#13511,#13512),(#13513,#13514,#13515,#13516),
(#13517,#13518,#13519,#13520)),.RULED_SURF.,.F.,.F.,.F.,(4,3,4),(4,4),(-0.0742847746142715,
-0.0736390603138525,0.),(0.,0.14),.PIECEWISE_BEZIER_KNOTS.);
#168=B_SPLINE_SURFACE_WITH_KNOTS('',3,3,((#13540,#13541,#13542,#13543),
(#13544,#13545,#13546,#13547),(#13548,#13549,#13550,#13551),(#13552,#13553,
#13554,#13555),(#13556,#13557,#13558,#13559),(#13560,#13561,#13562,#13563),
(#13564,#13565,#13566,#13567)),.RULED_SURF.,.F.,.F.,.F.,(4,3,4),(4,4),(-0.0736390603138527,
0.,0.000574219185984024),(0.,0.14),.PIECEWISE_BEZIER_KNOTS.);
#169=B_SPLINE_SURFACE_WITH_KNOTS('',3,3,((#13581,#13582,#13583,#13584),
(#13585,#13586,#13587,#13588),(#13589,#13590,#13591,#13592),(#13593,#13594,
#13595,#13596),(#13597,#13598,#13599,#13600),(#13601,#13602,#13603,#13604),
(#13605,#13606,#13607,#13608)),.RULED_SURF.,.F.,.F.,.F.,(4,3,4),(4,4),(-0.0742847746142721,
-0.0736390603138525,0.),(0.,0.14),.PIECEWISE_BEZIER_KNOTS.);
#170=B_SPLINE_SURFACE_WITH_KNOTS('',3,3,((#13628,#13629,#13630,#13631),
(#13632,#13633,#13634,#13635),(#13636,#13637,#13638,#13639),(#13640,#13641,
#13642,#13643),(#13644,#13645,#13646,#13647),(#13648,#13649,#13650,#13651),
(#13652,#13653,#13654,#13655)),.RULED_SURF.,.F.,.F.,.F.,(4,3,4),(4,4),(-0.0736390603138527,
0.,0.000574219185983184),(0.,0.14),.PIECEWISE_BEZIER_KNOTS.);
#171=B_SPLINE_SURFACE_WITH_KNOTS('',3,3,((#13671,#13672,#13673,#13674),
(#13675,#13676,#13677,#13678),(#13679,#13680,#13681,#13682),(#13683,#13684,
#13685,#13686),(#13687,#13688,#13689,#13690),(#13691,#13692,#13693,#13694),
(#13695,#13696,#13697,#13698)),.RULED_SURF.,.F.,.F.,.F.,(4,3,4),(4,4),(-0.0742847746142715,
-0.0736390603138525,0.),(0.,0.14),.PIECEWISE_BEZIER_KNOTS.);
#172=B_SPLINE_SURFACE_WITH_KNOTS('',3,3,((#13718,#13719,#13720,#13721),
(#13722,#13723,#13724,#13725),(#13726,#13727,#13728,#13729),(#13730,#13731,
#13732,#13733),(#13734,#13735,#13736,#13737),(#13738,#13739,#13740,#13741),
(#13742,#13743,#13744,#13745)),.RULED_SURF.,.F.,.F.,.F.,(4,3,4),(4,4),(-0.0736390603138527,
0.,0.00057421918598351),(0.,0.14),.PIECEWISE_BEZIER_KNOTS.);
#173=B_SPLINE_SURFACE_WITH_KNOTS('',3,3,((#13759,#13760,#13761,#13762),
(#13763,#13764,#13765,#13766),(#13767,#13768,#13769,#13770),(#13771,#13772,
#13773,#13774),(#13775,#13776,#13777,#13778),(#13779,#13780,#13781,#13782),
(#13783,#13784,#13785,#13786)),.RULED_SURF.,.F.,.F.,.F.,(4,3,4),(4,4),(-0.0742847746142718,
-0.0736390603138525,0.),(0.,0.14),.PIECEWISE_BEZIER_KNOTS.);
#174=B_SPLINE_SURFACE_WITH_KNOTS('',3,3,((#13806,#13807,#13808,#13809),
(#13810,#13811,#13812,#13813),(#13814,#13815,#13816,#13817),(#13818,#13819,
#13820,#13821),(#13822,#13823,#13824,#13825),(#13826,#13827,#13828,#13829),
(#13830,#13831,#13832,#13833)),.RULED_SURF.,.F.,.F.,.F.,(4,3,4),(4,4),(-0.0736390603138527,
0.,0.000574219185982432),(0.,0.14),.PIECEWISE_BEZIER_KNOTS.);
#175=B_SPLINE_SURFACE_WITH_KNOTS('',3,3,((#13847,#13848,#13849,#13850),
(#13851,#13852,#13853,#13854),(#13855,#13856,#13857,#13858),(#13859,#13860,
#13861,#13862),(#13863,#13864,#13865,#13866),(#13867,#13868,#13869,#13870),
(#13871,#13872,#13873,#13874)),.RULED_SURF.,.F.,.F.,.F.,(4,3,4),(4,4),(-0.0742847746142721,
-0.0736390603138525,0.),(0.,0.14),.PIECEWISE_BEZIER_KNOTS.);
#176=B_SPLINE_SURFACE_WITH_KNOTS('',3,3,((#13894,#13895,#13896,#13897),
(#13898,#13899,#13900,#13901),(#13902,#13903,#13904,#13905),(#13906,#13907,
#13908,#13909),(#13910,#13911,#13912,#13913),(#13914,#13915,#13916,#13917),
(#13918,#13919,#13920,#13921)),.RULED_SURF.,.F.,.F.,.F.,(4,3,4),(4,4),(-0.0736390603138527,
0.,0.000574219185983695),(0.,0.14),.PIECEWISE_BEZIER_KNOTS.);
#177=B_SPLINE_SURFACE_WITH_KNOTS('',3,3,((#13935,#13936,#13937,#13938),
(#13939,#13940,#13941,#13942),(#13943,#13944,#13945,#13946),(#13947,#13948,
#13949,#13950),(#13951,#13952,#13953,#13954),(#13955,#13956,#13957,#13958),
(#13959,#13960,#13961,#13962)),.RULED_SURF.,.F.,.F.,.F.,(4,3,4),(4,4),(-0.0742847746142713,
-0.0736390603138525,0.),(0.,0.14),.PIECEWISE_BEZIER_KNOTS.);
#178=B_SPLINE_SURFACE_WITH_KNOTS('',3,3,((#13982,#13983,#13984,#13985),
(#13986,#13987,#13988,#13989),(#13990,#13991,#13992,#13993),(#13994,#13995,
#13996,#13997),(#13998,#13999,#14000,#14001),(#14002,#14003,#14004,#14005),
(#14006,#14007,#14008,#14009)),.RULED_SURF.,.F.,.F.,.F.,(4,3,4),(4,4),(-0.0736390603138527,
0.,0.000574219185983914),(0.,0.14),.PIECEWISE_BEZIER_KNOTS.);
#179=B_SPLINE_SURFACE_WITH_KNOTS('',3,3,((#14023,#14024,#14025,#14026),
(#14027,#14028,#14029,#14030),(#14031,#14032,#14033,#14034),(#14035,#14036,
#14037,#14038),(#14039,#14040,#14041,#14042),(#14043,#14044,#14045,#14046),
(#14047,#14048,#14049,#14050)),.RULED_SURF.,.F.,.F.,.F.,(4,3,4),(4,4),(-0.0742847746142715,
-0.0736390603138525,0.),(0.,0.14),.PIECEWISE_BEZIER_KNOTS.);
#180=B_SPLINE_SURFACE_WITH_KNOTS('',3,3,((#14070,#14071,#14072,#14073),
(#14074,#14075,#14076,#14077),(#14078,#14079,#14080,#14081),(#14082,#14083,
#14084,#14085),(#14086,#14087,#14088,#14089),(#14090,#14091,#14092,#14093),
(#14094,#14095,#14096,#14097)),.RULED_SURF.,.F.,.F.,.F.,(4,3,4),(4,4),(-0.0736390603138527,
0.,0.000574219185983171),(0.,0.14),.PIECEWISE_BEZIER_KNOTS.);
#181=B_SPLINE_SURFACE_WITH_KNOTS('',3,3,((#14112,#14113,#14114,#14115),
(#14116,#14117,#14118,#14119),(#14120,#14121,#14122,#14123),(#14124,#14125,
#14126,#14127),(#14128,#14129,#14130,#14131),(#14132,#14133,#14134,#14135),
(#14136,#14137,#14138,#14139)),.RULED_SURF.,.F.,.F.,.F.,(4,3,4),(4,4),(-0.0742847746142713,
-0.0736390603138525,0.),(0.,0.14),.PIECEWISE_BEZIER_KNOTS.);
#182=B_SPLINE_SURFACE_WITH_KNOTS('',3,3,((#14162,#14163,#14164,#14165),
(#14166,#14167,#14168,#14169),(#14170,#14171,#14172,#14173),(#14174,#14175,
#14176,#14177),(#14178,#14179,#14180,#14181),(#14182,#14183,#14184,#14185),
(#14186,#14187,#14188,#14189)),.RULED_SURF.,.F.,.F.,.F.,(4,3,4),(4,4),(-0.0736390603138527,
0.,0.000574219185983305),(0.,0.14),.PIECEWISE_BEZIER_KNOTS.);
#183=B_SPLINE_SURFACE_WITH_KNOTS('',3,3,((#14194,#14195,#14196,#14197),
(#14198,#14199,#14200,#14201),(#14202,#14203,#14204,#14205),(#14206,#14207,
#14208,#14209),(#14210,#14211,#14212,#14213),(#14214,#14215,#14216,#14217),
(#14218,#14219,#14220,#14221)),.RULED_SURF.,.F.,.F.,.F.,(4,3,4),(4,4),(-0.0742847746142719,
-0.0736390603138525,0.),(0.,0.14),.PIECEWISE_BEZIER_KNOTS.);
#184=B_SPLINE_SURFACE_WITH_KNOTS('',3,3,((#14594,#14595,#14596,#14597,#14598,
#14599),(#14600,#14601,#14602,#14603,#14604,#14605),(#14606,#14607,#14608,
#14609,#14610,#14611),(#14612,#14613,#14614,#14615,#14616,#14617)),
 .UNSPECIFIED.,.F.,.F.,.F.,(4,4),(4,1,1,4),(0.,1.),(-0.492845775499288,
-0.484284169202458,-0.467160956608799,-0.432914531421481),.UNSPECIFIED.);
#185=B_SPLINE_SURFACE_WITH_KNOTS('',3,3,((#14648,#14649,#14650,#14651,#14652,
#14653),(#14654,#14655,#14656,#14657,#14658,#14659),(#14660,#14661,#14662,
#14663,#14664,#14665),(#14666,#14667,#14668,#14669,#14670,#14671),(#14672,
#14673,#14674,#14675,#14676,#14677)),.UNSPECIFIED.,.F.,.F.,.F.,(4,1,4),
(4,1,1,4),(0.,0.5,1.),(0.181281619427216,0.319872364461688,0.41226619448467,
0.504660024507652),.UNSPECIFIED.);
#186=B_SPLINE_SURFACE_WITH_KNOTS('',3,3,((#14709,#14710,#14711,#14712,#14713,
#14714),(#14715,#14716,#14717,#14718,#14719,#14720),(#14721,#14722,#14723,
#14724,#14725,#14726),(#14727,#14728,#14729,#14730,#14731,#14732)),
 .UNSPECIFIED.,.F.,.F.,.F.,(4,4),(4,1,1,4),(0.,1.),(-0.492845774531247,
-0.48428416837213,-0.467160956053897,-0.43291453141743),.UNSPECIFIED.);
#187=B_SPLINE_SURFACE_WITH_KNOTS('',3,3,((#14769,#14770,#14771,#14772,#14773,
#14774),(#14775,#14776,#14777,#14778,#14779,#14780),(#14781,#14782,#14783,
#14784,#14785,#14786),(#14787,#14788,#14789,#14790,#14791,#14792),(#14793,
#14794,#14795,#14796,#14797,#14798)),.UNSPECIFIED.,.F.,.F.,.F.,(4,1,4),
(4,1,1,4),(0.,0.5,1.),(0.181280831743676,0.319872329111258,0.412266660689645,
0.504660992268033),.UNSPECIFIED.);
#188=CONICAL_SURFACE('',#7938,3.39999999999994,0.78539816339745);
#189=CONICAL_SURFACE('',#7941,3.39999999999993,0.785398163397443);
#190=CONICAL_SURFACE('',#7982,1.99999999999992,0.785398163397449);
#191=CONICAL_SURFACE('',#7984,1.99999999999992,0.785398163397449);
#192=CONICAL_SURFACE('',#8013,1.6,0.78539816339745);
#193=CONICAL_SURFACE('',#8014,1.6,0.78539816339745);
#194=CONICAL_SURFACE('',#8020,3.5,0.785398163397439);
#195=CONICAL_SURFACE('',#8022,3.5,0.785398163397447);
#196=CONICAL_SURFACE('',#8038,3.48,0.785398163397449);
#197=CONICAL_SURFACE('',#8039,3.48,0.785398163397449);
#198=CONICAL_SURFACE('',#8040,1.38,0.785398163397448);
#199=CONICAL_SURFACE('',#8041,1.38,0.785398163397448);
#200=CONICAL_SURFACE('',#8050,2.255,0.785398163397449);
#201=CONICAL_SURFACE('',#8051,2.255,0.785398163397449);
#202=CONICAL_SURFACE('',#8094,2.20000000000002,0.785398163398063);
#203=CONICAL_SURFACE('',#8096,2.19999999999998,0.78539816339745);
#204=CONICAL_SURFACE('',#8100,2.40000000000025,0.785398163397448);
#205=CONICAL_SURFACE('',#8103,2.40000000000004,0.785398163397448);
#206=CONICAL_SURFACE('',#8115,1.60000000000001,0.785398163397448);
#207=CONICAL_SURFACE('',#8117,1.60000000000001,0.785398163397447);
#208=CONICAL_SURFACE('',#8122,1.6,0.785398163397449);
#209=CONICAL_SURFACE('',#8124,1.60000000000008,0.785398163397439);
#210=CONICAL_SURFACE('',#8137,2.,0.785398163397447);
#211=CONICAL_SURFACE('',#8143,1.60000000000003,0.785398163397445);
#212=CONICAL_SURFACE('',#8173,2.5,0.785398163397448);
#213=CONICAL_SURFACE('',#8219,2.075,0.785398163397446);
#214=CONICAL_SURFACE('',#8221,1.4145,0.785398163397448);
#215=CONICAL_SURFACE('',#8227,1.4145,0.785398163397448);
#216=CONICAL_SURFACE('',#8231,2.25,0.785398163397446);
#217=CONICAL_SURFACE('',#8276,2.25,0.785398163397446);
#218=CONICAL_SURFACE('',#8281,2.25,0.785398163397446);
#219=CONICAL_SURFACE('',#8286,2.25,0.785398163397446);
#220=CONICAL_SURFACE('',#8291,2.25,0.785398163397446);
#221=CONICAL_SURFACE('',#8296,2.25,0.785398163397446);
#222=CONICAL_SURFACE('',#8301,2.25,0.785398163397446);
#223=CONICAL_SURFACE('',#8306,2.25,0.785398163397446);
#224=CONICAL_SURFACE('',#8311,2.25,0.785398163397446);
#225=CONICAL_SURFACE('',#8316,2.25,0.785398163397446);
#226=CONICAL_SURFACE('',#8341,1.88658990353781,0.392699081698725);
#227=CONICAL_SURFACE('',#8349,1.4606,0.785398163397449);
#228=CONICAL_SURFACE('',#8351,1.874325,0.78539816339743);
#229=CONICAL_SURFACE('',#8378,0.3484,1.02974425867665);
#230=CONICAL_SURFACE('',#8387,0.7,0.785398163397448);
#231=CONICAL_SURFACE('',#8400,1.25,1.0471975511966);
#232=CONICAL_SURFACE('',#8423,1.2,0.785398163397448);
#233=CONICAL_SURFACE('',#8427,3.075,0.785398163397448);
#234=CONICAL_SURFACE('',#8431,3.075,0.785398163397448);
#235=CONICAL_SURFACE('',#8494,1.7,0.785398163397449);
#236=CONICAL_SURFACE('',#8500,1.7,0.785398163397448);
#237=CONICAL_SURFACE('',#8545,3.6,0.785398163397448);
#238=CONICAL_SURFACE('',#8548,3.6,0.785398163397448);
#239=CONICAL_SURFACE('',#8549,3.6,0.785398163397448);
#240=CONICAL_SURFACE('',#8552,3.6,0.785398163397447);
#241=CONICAL_SURFACE('',#8553,3.6,0.785398163397447);
#242=CONICAL_SURFACE('',#8556,3.6,0.785398163397448);
#243=CONICAL_SURFACE('',#8557,3.6,0.785398163397448);
#244=CONICAL_SURFACE('',#8560,3.6,0.785398163397447);
#245=CONICAL_SURFACE('',#8561,1.6,0.785398163397446);
#246=CONICAL_SURFACE('',#8562,1.6,0.785398163397448);
#247=ELLIPSE('',#7934,9.00000000000001,4.5);
#248=ELLIPSE('',#7981,9.00000000000001,4.5);
#249=ELLIPSE('',#8455,0.707106781186547,0.5);
#250=ELLIPSE('',#8477,0.707106781186547,0.5);
#251=CYLINDRICAL_SURFACE('',#7932,4.5);
#252=CYLINDRICAL_SURFACE('',#7937,2.3);
#253=CYLINDRICAL_SURFACE('',#7944,3.);
#254=CYLINDRICAL_SURFACE('',#7946,3.);
#255=CYLINDRICAL_SURFACE('',#7969,0.825);
#256=CYLINDRICAL_SURFACE('',#7971,0.825);
#257=CYLINDRICAL_SURFACE('',#7973,0.825);
#258=CYLINDRICAL_SURFACE('',#7975,0.825);
#259=CYLINDRICAL_SURFACE('',#7980,4.5);
#260=CYLINDRICAL_SURFACE('',#7994,3.5);
#261=CYLINDRICAL_SURFACE('',#7999,3.5);
#262=CYLINDRICAL_SURFACE('',#8009,1.6);
#263=CYLINDRICAL_SURFACE('',#8011,1.6);
#264=CYLINDRICAL_SURFACE('',#8015,2.3);
#265=CYLINDRICAL_SURFACE('',#8030,2.);
#266=CYLINDRICAL_SURFACE('',#8035,2.);
#267=CYLINDRICAL_SURFACE('',#8044,1.7);
#268=CYLINDRICAL_SURFACE('',#8048,1.7);
#269=CYLINDRICAL_SURFACE('',#8077,2.);
#270=CYLINDRICAL_SURFACE('',#8080,2.);
#271=CYLINDRICAL_SURFACE('',#8104,2.);
#272=CYLINDRICAL_SURFACE('',#8106,2.);
#273=CYLINDRICAL_SURFACE('',#8108,2.);
#274=CYLINDRICAL_SURFACE('',#8111,2.);
#275=CYLINDRICAL_SURFACE('',#8160,3.);
#276=CYLINDRICAL_SURFACE('',#8171,1.1);
#277=CYLINDRICAL_SURFACE('',#8178,2.);
#278=CYLINDRICAL_SURFACE('',#8201,2.);
#279=CYLINDRICAL_SURFACE('',#8216,2.125);
#280=CYLINDRICAL_SURFACE('',#8237,2.5);
#281=CYLINDRICAL_SURFACE('',#8239,2.5);
#282=CYLINDRICAL_SURFACE('',#8243,2.5);
#283=CYLINDRICAL_SURFACE('',#8247,2.5);
#284=CYLINDRICAL_SURFACE('',#8251,2.5);
#285=CYLINDRICAL_SURFACE('',#8255,2.5);
#286=CYLINDRICAL_SURFACE('',#8259,2.5);
#287=CYLINDRICAL_SURFACE('',#8263,2.5);
#288=CYLINDRICAL_SURFACE('',#8267,2.5);
#289=CYLINDRICAL_SURFACE('',#8273,2.5);
#290=CYLINDRICAL_SURFACE('',#8278,2.5);
#291=CYLINDRICAL_SURFACE('',#8283,2.5);
#292=CYLINDRICAL_SURFACE('',#8288,2.5);
#293=CYLINDRICAL_SURFACE('',#8293,2.5);
#294=CYLINDRICAL_SURFACE('',#8298,2.5);
#295=CYLINDRICAL_SURFACE('',#8303,2.5);
#296=CYLINDRICAL_SURFACE('',#8308,2.5);
#297=CYLINDRICAL_SURFACE('',#8313,2.5);
#298=CYLINDRICAL_SURFACE('',#8318,2.5);
#299=CYLINDRICAL_SURFACE('',#8320,2.5);
#300=CYLINDRICAL_SURFACE('',#8322,1.543);
#301=CYLINDRICAL_SURFACE('',#8323,1.2645);
#302=CYLINDRICAL_SURFACE('',#8324,1.2645);
#303=CYLINDRICAL_SURFACE('',#8325,1.2645);
#304=CYLINDRICAL_SURFACE('',#8326,1.2645);
#305=CYLINDRICAL_SURFACE('',#8327,1.2645);
#306=CYLINDRICAL_SURFACE('',#8328,1.2645);
#307=CYLINDRICAL_SURFACE('',#8329,1.2645);
#308=CYLINDRICAL_SURFACE('',#8330,1.2645);
#309=CYLINDRICAL_SURFACE('',#8331,1.543);
#310=CYLINDRICAL_SURFACE('',#8332,1.543);
#311=CYLINDRICAL_SURFACE('',#8333,1.543);
#312=CYLINDRICAL_SURFACE('',#8334,1.543);
#313=CYLINDRICAL_SURFACE('',#8335,1.543);
#314=CYLINDRICAL_SURFACE('',#8336,1.543);
#315=CYLINDRICAL_SURFACE('',#8337,1.543);
#316=CYLINDRICAL_SURFACE('',#8338,1.543);
#317=CYLINDRICAL_SURFACE('',#8346,1.9162);
#318=CYLINDRICAL_SURFACE('',#8382,1.);
#319=CYLINDRICAL_SURFACE('',#8386,0.016608975563343);
#320=CYLINDRICAL_SURFACE('',#8394,1.5);
#321=CYLINDRICAL_SURFACE('',#8407,2.75);
#322=CYLINDRICAL_SURFACE('',#8436,2.5);
#323=CYLINDRICAL_SURFACE('',#8439,2.5);
#324=CYLINDRICAL_SURFACE('',#8448,4.125);
#325=CYLINDRICAL_SURFACE('',#8450,0.5);
#326=CYLINDRICAL_SURFACE('',#8452,0.5);
#327=CYLINDRICAL_SURFACE('',#8454,0.5);
#328=CYLINDRICAL_SURFACE('',#8460,0.5);
#329=CYLINDRICAL_SURFACE('',#8470,4.125);
#330=CYLINDRICAL_SURFACE('',#8472,0.5);
#331=CYLINDRICAL_SURFACE('',#8474,0.5);
#332=CYLINDRICAL_SURFACE('',#8476,0.5);
#333=CYLINDRICAL_SURFACE('',#8482,0.5);
#334=CYLINDRICAL_SURFACE('',#8487,0.5);
#335=CYLINDRICAL_SURFACE('',#8490,0.5);
#336=CYLINDRICAL_SURFACE('',#8498,1.5);
#337=CYLINDRICAL_SURFACE('',#8521,1.6);
#338=CYLINDRICAL_SURFACE('',#8524,1.6);
#339=CYLINDRICAL_SURFACE('',#8529,3.);
#340=CYLINDRICAL_SURFACE('',#8532,3.);
#341=CYLINDRICAL_SURFACE('',#8533,4.);
#342=CYLINDRICAL_SURFACE('',#8536,4.);
#343=CYLINDRICAL_SURFACE('',#8539,4.);
#344=CYLINDRICAL_SURFACE('',#8542,4.);
#345=B_SPLINE_CURVE_WITH_KNOTS('',3,(#10813,#10814,#10815,#10816),
 .UNSPECIFIED.,.F.,.F.,(4,4),(0.,0.00139213649691189),.UNSPECIFIED.);
#346=B_SPLINE_CURVE_WITH_KNOTS('',3,(#10824,#10825,#10826,#10827),
 .UNSPECIFIED.,.F.,.F.,(4,4),(0.,0.00139210553986643),.UNSPECIFIED.);
#347=B_SPLINE_CURVE_WITH_KNOTS('',3,(#10845,#10846,#10847,#10848),
 .UNSPECIFIED.,.F.,.F.,(4,4),(2.4532694666934E-18,0.00227180299909842),
 .UNSPECIFIED.);
#348=B_SPLINE_CURVE_WITH_KNOTS('',3,(#10852,#10853,#10854,#10855),
 .UNSPECIFIED.,.F.,.F.,(4,4),(0.,0.00129235941239472),.UNSPECIFIED.);
#349=B_SPLINE_CURVE_WITH_KNOTS('',3,(#10859,#10860,#10861,#10862),
 .UNSPECIFIED.,.F.,.F.,(4,4),(8.67361737988404E-19,0.00129414219832597),
 .UNSPECIFIED.);
#350=B_SPLINE_CURVE_WITH_KNOTS('',3,(#10866,#10867,#10868,#10869),
 .UNSPECIFIED.,.F.,.F.,(4,4),(0.,0.00227180299909841),.UNSPECIFIED.);
#351=B_SPLINE_CURVE_WITH_KNOTS('',3,(#10881,#10882,#10883,#10884),
 .UNSPECIFIED.,.F.,.F.,(4,4),(0.,0.00227180299909844),.UNSPECIFIED.);
#352=B_SPLINE_CURVE_WITH_KNOTS('',3,(#10888,#10889,#10890,#10891),
 .UNSPECIFIED.,.F.,.F.,(4,4),(0.,0.00129235941239486),.UNSPECIFIED.);
#353=B_SPLINE_CURVE_WITH_KNOTS('',3,(#10895,#10896,#10897,#10898),
 .UNSPECIFIED.,.F.,.F.,(4,4),(5.4856772946511E-18,0.00129414219832612),
 .UNSPECIFIED.);
#354=B_SPLINE_CURVE_WITH_KNOTS('',3,(#10902,#10903,#10904,#10905),
 .UNSPECIFIED.,.F.,.F.,(4,4),(0.,0.00227180299909843),.UNSPECIFIED.);
#355=B_SPLINE_CURVE_WITH_KNOTS('',3,(#11254,#11255,#11256,#11257),
 .UNSPECIFIED.,.F.,.F.,(4,4),(0.00215889974480417,0.00278730387943534),
 .UNSPECIFIED.);
#356=B_SPLINE_CURVE_WITH_KNOTS('',3,(#11259,#11260,#11261,#11262),
 .UNSPECIFIED.,.F.,.F.,(4,4),(0.00215889974480416,0.00278730387943534),
 .UNSPECIFIED.);
#357=B_SPLINE_CURVE_WITH_KNOTS('',3,(#11264,#11265,#11266,#11267),
 .UNSPECIFIED.,.F.,.F.,(4,4),(0.00215889974480416,0.00278730387943534),
 .UNSPECIFIED.);
#358=B_SPLINE_CURVE_WITH_KNOTS('',3,(#11269,#11270,#11271,#11272),
 .UNSPECIFIED.,.F.,.F.,(4,4),(0.00215889974480416,0.00278730387943535),
 .UNSPECIFIED.);
#359=B_SPLINE_CURVE_WITH_KNOTS('',3,(#11443,#11444,#11445,#11446,#11447),
 .UNSPECIFIED.,.F.,.F.,(4,1,4),(0.,0.5,1.),.UNSPECIFIED.);
#360=B_SPLINE_CURVE_WITH_KNOTS('',3,(#11450,#11451,#11452,#11453,#11454),
 .UNSPECIFIED.,.F.,.F.,(4,1,4),(0.,0.5,1.),.UNSPECIFIED.);
#361=B_SPLINE_CURVE_WITH_KNOTS('',3,(#11502,#11503,#11504,#11505,#11506,
#11507,#11508),.UNSPECIFIED.,.F.,.F.,(4,1,1,1,4),(0.,0.25,0.5,0.75,1.),
 .UNSPECIFIED.);
#362=B_SPLINE_CURVE_WITH_KNOTS('',3,(#11518,#11519,#11520,#11521),
 .UNSPECIFIED.,.F.,.F.,(4,4),(0.,1.),.UNSPECIFIED.);
#363=B_SPLINE_CURVE_WITH_KNOTS('',3,(#11534,#11535,#11536,#11537),
 .UNSPECIFIED.,.F.,.F.,(4,4),(0.,1.),.UNSPECIFIED.);
#364=B_SPLINE_CURVE_WITH_KNOTS('',3,(#11541,#11542,#11543,#11544,#11545,
#11546,#11547),.UNSPECIFIED.,.F.,.F.,(4,1,1,1,4),(0.,0.25,0.5,0.75,1.),
 .UNSPECIFIED.);
#365=B_SPLINE_CURVE_WITH_KNOTS('',3,(#11559,#11560,#11561,#11562),
 .UNSPECIFIED.,.F.,.F.,(4,4),(0.,1.),.UNSPECIFIED.);
#366=B_SPLINE_CURVE_WITH_KNOTS('',3,(#11575,#11576,#11577,#11578),
 .UNSPECIFIED.,.F.,.F.,(4,4),(0.,1.),.UNSPECIFIED.);
#367=B_SPLINE_CURVE_WITH_KNOTS('',3,(#11950,#11951,#11952,#11953,#11954,
#11955,#11956,#11957,#11958,#11959,#11960),.UNSPECIFIED.,.F.,.F.,(4,1,1,
1,1,1,1,1,4),(0.,0.25,0.375,0.4375,0.5,0.5625,0.625,0.75,1.),
 .UNSPECIFIED.);
#368=B_SPLINE_CURVE_WITH_KNOTS('',3,(#11963,#11964,#11965,#11966),
 .UNSPECIFIED.,.F.,.F.,(4,4),(0.,1.),.UNSPECIFIED.);
#369=B_SPLINE_CURVE_WITH_KNOTS('',3,(#11968,#11969,#11970,#11971,#11972),
 .UNSPECIFIED.,.F.,.F.,(4,1,4),(0.,0.5,1.),.UNSPECIFIED.);
#370=B_SPLINE_CURVE_WITH_KNOTS('',3,(#11974,#11975,#11976,#11977,#11978,
#11979,#11980),.UNSPECIFIED.,.F.,.F.,(4,1,1,1,4),(0.,0.25,0.5,0.75,1.),
 .UNSPECIFIED.);
#371=B_SPLINE_CURVE_WITH_KNOTS('',3,(#11982,#11983,#11984,#11985,#11986),
 .UNSPECIFIED.,.F.,.F.,(4,1,4),(0.,0.5,1.),.UNSPECIFIED.);
#372=B_SPLINE_CURVE_WITH_KNOTS('',3,(#11988,#11989,#11990,#11991,#11992,
#11993,#11994),.UNSPECIFIED.,.F.,.F.,(4,1,1,1,4),(0.,0.25,0.5,0.75,1.),
 .UNSPECIFIED.);
#373=B_SPLINE_CURVE_WITH_KNOTS('',3,(#11996,#11997,#11998,#11999,#12000),
 .UNSPECIFIED.,.F.,.F.,(4,1,4),(0.,0.5,1.),.UNSPECIFIED.);
#374=B_SPLINE_CURVE_WITH_KNOTS('',3,(#12002,#12003,#12004,#12005,#12006,
#12007,#12008),.UNSPECIFIED.,.F.,.F.,(4,1,1,1,4),(0.,0.25,0.5,0.75,1.),
 .UNSPECIFIED.);
#375=B_SPLINE_CURVE_WITH_KNOTS('',3,(#12010,#12011,#12012,#12013,#12014),
 .UNSPECIFIED.,.F.,.F.,(4,1,4),(0.,0.5,1.),.UNSPECIFIED.);
#376=B_SPLINE_CURVE_WITH_KNOTS('',3,(#12016,#12017,#12018,#12019,#12020,
#12021,#12022),.UNSPECIFIED.,.F.,.F.,(4,1,1,1,4),(0.,0.25,0.5,0.75,1.),
 .UNSPECIFIED.);
#377=B_SPLINE_CURVE_WITH_KNOTS('',3,(#12024,#12025,#12026,#12027,#12028),
 .UNSPECIFIED.,.F.,.F.,(4,1,4),(0.,0.5,1.),.UNSPECIFIED.);
#378=B_SPLINE_CURVE_WITH_KNOTS('',3,(#12030,#12031,#12032,#12033,#12034,
#12035,#12036),.UNSPECIFIED.,.F.,.F.,(4,1,1,1,4),(0.,0.25,0.5,0.75,1.),
 .UNSPECIFIED.);
#379=B_SPLINE_CURVE_WITH_KNOTS('',3,(#12038,#12039,#12040,#12041,#12042),
 .UNSPECIFIED.,.F.,.F.,(4,1,4),(0.,0.5,1.),.UNSPECIFIED.);
#380=B_SPLINE_CURVE_WITH_KNOTS('',3,(#12044,#12045,#12046,#12047,#12048,
#12049,#12050),.UNSPECIFIED.,.F.,.F.,(4,1,1,1,4),(0.,0.25,0.5,0.75,1.),
 .UNSPECIFIED.);
#381=B_SPLINE_CURVE_WITH_KNOTS('',3,(#12052,#12053,#12054,#12055,#12056),
 .UNSPECIFIED.,.F.,.F.,(4,1,4),(0.,0.5,1.),.UNSPECIFIED.);
#382=B_SPLINE_CURVE_WITH_KNOTS('',3,(#12058,#12059,#12060,#12061,#12062,
#12063,#12064),.UNSPECIFIED.,.F.,.F.,(4,1,1,1,4),(0.,0.25,0.5,0.75,1.),
 .UNSPECIFIED.);
#383=B_SPLINE_CURVE_WITH_KNOTS('',3,(#12066,#12067,#12068,#12069,#12070),
 .UNSPECIFIED.,.F.,.F.,(4,1,4),(0.,0.5,1.),.UNSPECIFIED.);
#384=B_SPLINE_CURVE_WITH_KNOTS('',3,(#12072,#12073,#12074,#12075,#12076),
 .UNSPECIFIED.,.F.,.F.,(4,1,4),(0.,0.5,1.),.UNSPECIFIED.);
#385=B_SPLINE_CURVE_WITH_KNOTS('',3,(#12078,#12079,#12080,#12081,#12082),
 .UNSPECIFIED.,.F.,.F.,(4,1,4),(0.,0.5,1.),.UNSPECIFIED.);
#386=B_SPLINE_CURVE_WITH_KNOTS('',3,(#12084,#12085,#12086,#12087,#12088,
#12089,#12090),.UNSPECIFIED.,.F.,.F.,(4,1,1,1,4),(0.,0.25,0.5,0.75,1.),
 .UNSPECIFIED.);
#387=B_SPLINE_CURVE_WITH_KNOTS('',3,(#12092,#12093,#12094,#12095),
 .UNSPECIFIED.,.F.,.F.,(4,4),(0.,1.),.UNSPECIFIED.);
#388=B_SPLINE_CURVE_WITH_KNOTS('',3,(#12097,#12098,#12099,#12100,#12101,
#12102,#12103,#12104,#12105,#12106,#12107),.UNSPECIFIED.,.F.,.F.,(4,1,1,
1,1,1,1,1,4),(0.,0.125,0.25,0.375,0.5,0.625,0.75,0.875,1.),
 .UNSPECIFIED.);
#389=B_SPLINE_CURVE_WITH_KNOTS('',3,(#12109,#12110,#12111,#12112),
 .UNSPECIFIED.,.F.,.F.,(4,4),(0.,1.),.UNSPECIFIED.);
#390=B_SPLINE_CURVE_WITH_KNOTS('',3,(#12114,#12115,#12116,#12117,#12118,
#12119,#12120,#12121,#12122,#12123,#12124),.UNSPECIFIED.,.F.,.F.,(4,1,1,
1,1,1,1,1,4),(0.,0.125,0.25,0.375,0.5,0.625,0.75,0.875,1.),
 .UNSPECIFIED.);
#391=B_SPLINE_CURVE_WITH_KNOTS('',3,(#12126,#12127,#12128,#12129),
 .UNSPECIFIED.,.F.,.F.,(4,4),(0.,1.),.UNSPECIFIED.);
#392=B_SPLINE_CURVE_WITH_KNOTS('',3,(#12131,#12132,#12133,#12134,#12135,
#12136,#12137,#12138,#12139,#12140,#12141),.UNSPECIFIED.,.F.,.F.,(4,1,1,
1,1,1,1,1,4),(0.,0.125,0.25,0.375,0.5,0.625,0.75,0.875,1.),
 .UNSPECIFIED.);
#393=B_SPLINE_CURVE_WITH_KNOTS('',3,(#12143,#12144,#12145,#12146),
 .UNSPECIFIED.,.F.,.F.,(4,4),(0.,1.),.UNSPECIFIED.);
#394=B_SPLINE_CURVE_WITH_KNOTS('',3,(#12148,#12149,#12150,#12151,#12152,
#12153,#12154,#12155,#12156,#12157,#12158),.UNSPECIFIED.,.F.,.F.,(4,1,1,
1,1,1,1,1,4),(0.,0.125,0.25,0.375,0.5,0.625,0.75,0.875,1.),
 .UNSPECIFIED.);
#395=B_SPLINE_CURVE_WITH_KNOTS('',3,(#12160,#12161,#12162,#12163),
 .UNSPECIFIED.,.F.,.F.,(4,4),(0.,1.),.UNSPECIFIED.);
#396=B_SPLINE_CURVE_WITH_KNOTS('',3,(#12165,#12166,#12167,#12168,#12169,
#12170,#12171,#12172,#12173,#12174,#12175),.UNSPECIFIED.,.F.,.F.,(4,1,1,
1,1,1,1,1,4),(0.,0.125,0.25,0.375,0.5,0.625,0.75,0.875,1.),
 .UNSPECIFIED.);
#397=B_SPLINE_CURVE_WITH_KNOTS('',3,(#12177,#12178,#12179,#12180),
 .UNSPECIFIED.,.F.,.F.,(4,4),(0.,1.),.UNSPECIFIED.);
#398=B_SPLINE_CURVE_WITH_KNOTS('',3,(#12182,#12183,#12184,#12185,#12186,
#12187,#12188,#12189,#12190,#12191,#12192),.UNSPECIFIED.,.F.,.F.,(4,1,1,
1,1,1,1,1,4),(0.,0.125,0.25,0.375,0.5,0.625,0.75,0.875,1.),
 .UNSPECIFIED.);
#399=B_SPLINE_CURVE_WITH_KNOTS('',3,(#12194,#12195,#12196,#12197),
 .UNSPECIFIED.,.F.,.F.,(4,4),(0.,1.),.UNSPECIFIED.);
#400=B_SPLINE_CURVE_WITH_KNOTS('',3,(#12199,#12200,#12201,#12202),
 .UNSPECIFIED.,.F.,.F.,(4,4),(0.,1.),.UNSPECIFIED.);
#401=B_SPLINE_CURVE_WITH_KNOTS('',3,(#12204,#12205,#12206,#12207,#12208,
#12209,#12210,#12211,#12212,#12213,#12214,#12215,#12216,#12217,#12218,#12219,
#12220,#12221,#12222,#12223,#12224,#12225,#12226,#12227,#12228,#12229,#12230,
#12231,#12232,#12233,#12234,#12235,#12236,#12237),.UNSPECIFIED.,.F.,.F.,
(4,1,1,1,1,1,1,1,1,1,1,1,1,1,1,1,1,1,1,1,1,1,1,1,1,1,1,1,1,1,1,4),(0.,0.0625,
0.125,0.15625,0.1875,0.21875,0.25,0.28125,0.3125,0.34375,0.375,0.40625,
0.4375,0.46875,0.5,0.53125,0.5625,0.59375,0.625,0.65625,0.6875,0.75,0.78125,
0.796875,0.8125,0.828125,0.84375,0.859375,0.875,0.90625,0.9375,1.),
 .UNSPECIFIED.);
#402=B_SPLINE_CURVE_WITH_KNOTS('',3,(#12239,#12240,#12241,#12242),
 .UNSPECIFIED.,.F.,.F.,(4,4),(0.,1.),.UNSPECIFIED.);
#403=B_SPLINE_CURVE_WITH_KNOTS('',3,(#12244,#12245,#12246,#12247,#12248,
#12249,#12250,#12251,#12252,#12253,#12254,#12255,#12256,#12257,#12258,#12259,
#12260,#12261,#12262,#12263,#12264,#12265,#12266,#12267,#12268,#12269,#12270,
#12271,#12272,#12273),.UNSPECIFIED.,.F.,.F.,(4,1,1,1,1,1,1,1,1,1,1,1,1,
1,1,1,1,1,1,1,1,1,1,1,1,1,1,4),(0.,0.0625,0.125,0.15625,0.1875,0.25,0.28125,
0.3125,0.34375,0.375,0.4375,0.5,0.53125,0.5625,0.59375,0.625,0.65625,0.6875,
0.71875,0.75,0.78125,0.8125,0.875,0.90625,0.9375,0.953125,0.96875,1.),
 .UNSPECIFIED.);
#404=B_SPLINE_CURVE_WITH_KNOTS('',3,(#12279,#12280,#12281,#12282,#12283,
#12284,#12285,#12286,#12287,#12288,#12289,#12290,#12291,#12292,#12293),
 .UNSPECIFIED.,.F.,.F.,(4,1,1,1,1,1,1,1,1,1,1,1,4),(0.,0.125,0.1875,0.25,
0.3125,0.375,0.5,0.625,0.6875,0.75,0.8125,0.875,1.),.UNSPECIFIED.);
#405=B_SPLINE_CURVE_WITH_KNOTS('',3,(#12524,#12525,#12526,#12527,#12528),
 .UNSPECIFIED.,.F.,.F.,(4,1,4),(0.,0.5,1.),.UNSPECIFIED.);
#406=B_SPLINE_CURVE_WITH_KNOTS('',3,(#12531,#12532,#12533,#12534),
 .UNSPECIFIED.,.F.,.F.,(4,4),(0.,1.),.UNSPECIFIED.);
#407=B_SPLINE_CURVE_WITH_KNOTS('',3,(#12536,#12537,#12538,#12539,#12540,
#12541,#12542,#12543,#12544,#12545,#12546),.UNSPECIFIED.,.F.,.F.,(4,1,1,
1,1,1,1,1,4),(0.,0.125,0.25,0.375,0.5,0.625,0.75,0.875,1.),
 .UNSPECIFIED.);
#408=B_SPLINE_CURVE_WITH_KNOTS('',3,(#12548,#12549,#12550,#12551),
 .UNSPECIFIED.,.F.,.F.,(4,4),(0.,1.),.UNSPECIFIED.);
#409=B_SPLINE_CURVE_WITH_KNOTS('',3,(#12553,#12554,#12555,#12556,#12557,
#12558,#12559,#12560,#12561,#12562,#12563),.UNSPECIFIED.,.F.,.F.,(4,1,1,
1,1,1,1,1,4),(0.,0.125,0.25,0.375,0.5,0.625,0.75,0.875,1.),
 .UNSPECIFIED.);
#410=B_SPLINE_CURVE_WITH_KNOTS('',3,(#12565,#12566,#12567,#12568),
 .UNSPECIFIED.,.F.,.F.,(4,4),(0.,1.),.UNSPECIFIED.);
#411=B_SPLINE_CURVE_WITH_KNOTS('',3,(#12570,#12571,#12572,#12573,#12574,
#12575,#12576,#12577,#12578,#12579,#12580),.UNSPECIFIED.,.F.,.F.,(4,1,1,
1,1,1,1,1,4),(0.,0.125,0.25,0.375,0.5,0.625,0.75,0.875,1.),
 .UNSPECIFIED.);
#412=B_SPLINE_CURVE_WITH_KNOTS('',3,(#12582,#12583,#12584,#12585),
 .UNSPECIFIED.,.F.,.F.,(4,4),(0.,1.),.UNSPECIFIED.);
#413=B_SPLINE_CURVE_WITH_KNOTS('',3,(#12587,#12588,#12589,#12590,#12591,
#12592,#12593,#12594,#12595,#12596,#12597),.UNSPECIFIED.,.F.,.F.,(4,1,1,
1,1,1,1,1,4),(0.,0.125,0.25,0.375,0.5,0.625,0.75,0.875,1.),
 .UNSPECIFIED.);
#414=B_SPLINE_CURVE_WITH_KNOTS('',3,(#12599,#12600,#12601,#12602),
 .UNSPECIFIED.,.F.,.F.,(4,4),(0.,1.),.UNSPECIFIED.);
#415=B_SPLINE_CURVE_WITH_KNOTS('',3,(#12604,#12605,#12606,#12607,#12608,
#12609,#12610,#12611,#12612,#12613,#12614),.UNSPECIFIED.,.F.,.F.,(4,1,1,
1,1,1,1,1,4),(0.,0.125,0.25,0.375,0.5,0.625,0.75,0.875,1.),
 .UNSPECIFIED.);
#416=B_SPLINE_CURVE_WITH_KNOTS('',3,(#12616,#12617,#12618,#12619),
 .UNSPECIFIED.,.F.,.F.,(4,4),(0.,1.),.UNSPECIFIED.);
#417=B_SPLINE_CURVE_WITH_KNOTS('',3,(#12621,#12622,#12623,#12624,#12625,
#12626,#12627,#12628,#12629,#12630,#12631),.UNSPECIFIED.,.F.,.F.,(4,1,1,
1,1,1,1,1,4),(0.,0.125,0.25,0.375,0.5,0.625,0.75,0.875,1.),
 .UNSPECIFIED.);
#418=B_SPLINE_CURVE_WITH_KNOTS('',3,(#12633,#12634,#12635,#12636),
 .UNSPECIFIED.,.F.,.F.,(4,4),(0.,1.),.UNSPECIFIED.);
#419=B_SPLINE_CURVE_WITH_KNOTS('',3,(#12638,#12639,#12640,#12641,#12642,
#12643,#12644,#12645,#12646),.UNSPECIFIED.,.F.,.F.,(4,1,1,1,1,1,4),(0.,
0.25,0.375,0.5,0.625,0.75,1.),.UNSPECIFIED.);
#420=B_SPLINE_CURVE_WITH_KNOTS('',3,(#12647,#12648,#12649,#12650,#12651),
 .UNSPECIFIED.,.F.,.F.,(4,1,4),(0.,0.5,1.),.UNSPECIFIED.);
#421=B_SPLINE_CURVE_WITH_KNOTS('',3,(#12653,#12654,#12655,#12656,#12657),
 .UNSPECIFIED.,.F.,.F.,(4,1,4),(0.,0.5,1.),.UNSPECIFIED.);
#422=B_SPLINE_CURVE_WITH_KNOTS('',3,(#12659,#12660,#12661,#12662,#12663,
#12664,#12665),.UNSPECIFIED.,.F.,.F.,(4,1,1,1,4),(0.,0.25,0.5,0.75,1.),
 .UNSPECIFIED.);
#423=B_SPLINE_CURVE_WITH_KNOTS('',3,(#12667,#12668,#12669,#12670,#12671),
 .UNSPECIFIED.,.F.,.F.,(4,1,4),(0.,0.5,1.),.UNSPECIFIED.);
#424=B_SPLINE_CURVE_WITH_KNOTS('',3,(#12673,#12674,#12675,#12676,#12677,
#12678,#12679),.UNSPECIFIED.,.F.,.F.,(4,1,1,1,4),(0.,0.25,0.5,0.75,1.),
 .UNSPECIFIED.);
#425=B_SPLINE_CURVE_WITH_KNOTS('',3,(#12681,#12682,#12683,#12684,#12685),
 .UNSPECIFIED.,.F.,.F.,(4,1,4),(0.,0.5,1.),.UNSPECIFIED.);
#426=B_SPLINE_CURVE_WITH_KNOTS('',3,(#12687,#12688,#12689,#12690,#12691,
#12692,#12693),.UNSPECIFIED.,.F.,.F.,(4,1,1,1,4),(0.,0.25,0.5,0.75,1.),
 .UNSPECIFIED.);
#427=B_SPLINE_CURVE_WITH_KNOTS('',3,(#12695,#12696,#12697,#12698,#12699),
 .UNSPECIFIED.,.F.,.F.,(4,1,4),(0.,0.5,1.),.UNSPECIFIED.);
#428=B_SPLINE_CURVE_WITH_KNOTS('',3,(#12701,#12702,#12703,#12704,#12705,
#12706,#12707),.UNSPECIFIED.,.F.,.F.,(4,1,1,1,4),(0.,0.25,0.5,0.75,1.),
 .UNSPECIFIED.);
#429=B_SPLINE_CURVE_WITH_KNOTS('',3,(#12709,#12710,#12711,#12712,#12713),
 .UNSPECIFIED.,.F.,.F.,(4,1,4),(0.,0.5,1.),.UNSPECIFIED.);
#430=B_SPLINE_CURVE_WITH_KNOTS('',3,(#12715,#12716,#12717,#12718,#12719,
#12720,#12721),.UNSPECIFIED.,.F.,.F.,(4,1,1,1,4),(0.,0.25,0.5,0.75,1.),
 .UNSPECIFIED.);
#431=B_SPLINE_CURVE_WITH_KNOTS('',3,(#12723,#12724,#12725,#12726,#12727),
 .UNSPECIFIED.,.F.,.F.,(4,1,4),(0.,0.5,1.),.UNSPECIFIED.);
#432=B_SPLINE_CURVE_WITH_KNOTS('',3,(#12729,#12730,#12731,#12732,#12733,
#12734,#12735),.UNSPECIFIED.,.F.,.F.,(4,1,1,1,4),(0.,0.25,0.5,0.75,1.),
 .UNSPECIFIED.);
#433=B_SPLINE_CURVE_WITH_KNOTS('',3,(#12737,#12738,#12739,#12740,#12741),
 .UNSPECIFIED.,.F.,.F.,(4,1,4),(0.,0.5,1.),.UNSPECIFIED.);
#434=B_SPLINE_CURVE_WITH_KNOTS('',3,(#12743,#12744,#12745,#12746,#12747,
#12748,#12749),.UNSPECIFIED.,.F.,.F.,(4,1,1,1,4),(0.,0.25,0.5,0.75,1.),
 .UNSPECIFIED.);
#435=B_SPLINE_CURVE_WITH_KNOTS('',3,(#12751,#12752,#12753,#12754,#12755),
 .UNSPECIFIED.,.F.,.F.,(4,1,4),(0.,0.5,1.),.UNSPECIFIED.);
#436=B_SPLINE_CURVE_WITH_KNOTS('',3,(#12757,#12758,#12759,#12760,#12761),
 .UNSPECIFIED.,.F.,.F.,(4,1,4),(0.,0.5,1.),.UNSPECIFIED.);
#437=B_SPLINE_CURVE_WITH_KNOTS('',3,(#12787,#12788,#12789,#12790),
 .UNSPECIFIED.,.F.,.F.,(4,4),(0.,1.),.UNSPECIFIED.);
#438=B_SPLINE_CURVE_WITH_KNOTS('',3,(#12793,#12794,#12795,#12796),
 .UNSPECIFIED.,.F.,.F.,(4,4),(0.,0.11),.UNSPECIFIED.);
#439=B_SPLINE_CURVE_WITH_KNOTS('',3,(#12817,#12818,#12819,#12820),
 .UNSPECIFIED.,.F.,.F.,(4,4),(0.,1.),.UNSPECIFIED.);
#440=B_SPLINE_CURVE_WITH_KNOTS('',3,(#12822,#12823,#12824,#12825),
 .UNSPECIFIED.,.F.,.F.,(4,4),(0.,1.),.UNSPECIFIED.);
#441=B_SPLINE_CURVE_WITH_KNOTS('',3,(#12827,#12828,#12829,#12830,#12831),
 .UNSPECIFIED.,.F.,.F.,(4,1,4),(0.,0.5,1.),.UNSPECIFIED.);
#442=B_SPLINE_CURVE_WITH_KNOTS('',3,(#12845,#12846,#12847,#12848),
 .UNSPECIFIED.,.F.,.F.,(4,4),(0.,1.),.UNSPECIFIED.);
#443=B_SPLINE_CURVE_WITH_KNOTS('',3,(#12852,#12853,#12854,#12855),
 .UNSPECIFIED.,.F.,.F.,(4,4),(0.,1.),.UNSPECIFIED.);
#444=B_SPLINE_CURVE_WITH_KNOTS('',3,(#12857,#12858,#12859,#12860),
 .UNSPECIFIED.,.F.,.F.,(4,4),(0.,1.),.UNSPECIFIED.);
#445=B_SPLINE_CURVE_WITH_KNOTS('',3,(#12881,#12882,#12883,#12884),
 .UNSPECIFIED.,.F.,.F.,(4,4),(-1.30134207657312E-17,0.11),.UNSPECIFIED.);
#446=B_SPLINE_CURVE_WITH_KNOTS('',3,(#12909,#12910,#12911,#12912),
 .UNSPECIFIED.,.F.,.F.,(4,4),(0.,1.),.UNSPECIFIED.);
#447=B_SPLINE_CURVE_WITH_KNOTS('',3,(#12916,#12917,#12918,#12919),
 .UNSPECIFIED.,.F.,.F.,(4,4),(0.,1.),.UNSPECIFIED.);
#448=B_SPLINE_CURVE_WITH_KNOTS('',3,(#12938,#12939,#12940,#12941),
 .UNSPECIFIED.,.F.,.F.,(4,4),(-2.73758677397165E-18,0.11),.UNSPECIFIED.);
#449=B_SPLINE_CURVE_WITH_KNOTS('',3,(#12966,#12967,#12968,#12969),
 .UNSPECIFIED.,.F.,.F.,(4,4),(0.,1.),.UNSPECIFIED.);
#450=B_SPLINE_CURVE_WITH_KNOTS('',3,(#12973,#12974,#12975,#12976),
 .UNSPECIFIED.,.F.,.F.,(4,4),(0.,1.),.UNSPECIFIED.);
#451=B_SPLINE_CURVE_WITH_KNOTS('',3,(#12995,#12996,#12997,#12998),
 .UNSPECIFIED.,.F.,.F.,(4,4),(-2.6174815243186E-17,0.11),.UNSPECIFIED.);
#452=B_SPLINE_CURVE_WITH_KNOTS('',3,(#13023,#13024,#13025,#13026),
 .UNSPECIFIED.,.F.,.F.,(4,4),(0.,1.),.UNSPECIFIED.);
#453=B_SPLINE_CURVE_WITH_KNOTS('',3,(#13030,#13031,#13032,#13033),
 .UNSPECIFIED.,.F.,.F.,(4,4),(0.,1.),.UNSPECIFIED.);
#454=B_SPLINE_CURVE_WITH_KNOTS('',3,(#13052,#13053,#13054,#13055),
 .UNSPECIFIED.,.F.,.F.,(4,4),(-7.73280220062981E-18,0.11),.UNSPECIFIED.);
#455=B_SPLINE_CURVE_WITH_KNOTS('',3,(#13080,#13081,#13082,#13083),
 .UNSPECIFIED.,.F.,.F.,(4,4),(0.,1.),.UNSPECIFIED.);
#456=B_SPLINE_CURVE_WITH_KNOTS('',3,(#13087,#13088,#13089,#13090),
 .UNSPECIFIED.,.F.,.F.,(4,4),(0.,1.),.UNSPECIFIED.);
#457=B_SPLINE_CURVE_WITH_KNOTS('',3,(#13109,#13110,#13111,#13112),
 .UNSPECIFIED.,.F.,.F.,(4,4),(-3.53602256266764E-17,0.11),.UNSPECIFIED.);
#458=B_SPLINE_CURVE_WITH_KNOTS('',3,(#13137,#13138,#13139,#13140),
 .UNSPECIFIED.,.F.,.F.,(4,4),(0.,1.),.UNSPECIFIED.);
#459=B_SPLINE_CURVE_WITH_KNOTS('',3,(#13144,#13145,#13146,#13147),
 .UNSPECIFIED.,.F.,.F.,(4,4),(0.,1.),.UNSPECIFIED.);
#460=B_SPLINE_CURVE_WITH_KNOTS('',3,(#13166,#13167,#13168,#13169),
 .UNSPECIFIED.,.F.,.F.,(4,4),(0.,0.11),.UNSPECIFIED.);
#461=B_SPLINE_CURVE_WITH_KNOTS('',3,(#13194,#13195,#13196,#13197),
 .UNSPECIFIED.,.F.,.F.,(4,4),(0.,1.),.UNSPECIFIED.);
#462=B_SPLINE_CURVE_WITH_KNOTS('',3,(#13201,#13202,#13203,#13204),
 .UNSPECIFIED.,.F.,.F.,(4,4),(0.,1.),.UNSPECIFIED.);
#463=B_SPLINE_CURVE_WITH_KNOTS('',3,(#13223,#13224,#13225,#13226),
 .UNSPECIFIED.,.F.,.F.,(4,4),(-2.66951331788416E-17,0.11),.UNSPECIFIED.);
#464=B_SPLINE_CURVE_WITH_KNOTS('',3,(#13251,#13252,#13253,#13254),
 .UNSPECIFIED.,.F.,.F.,(4,4),(0.,1.),.UNSPECIFIED.);
#465=B_SPLINE_CURVE_WITH_KNOTS('',3,(#13258,#13259,#13260,#13261),
 .UNSPECIFIED.,.F.,.F.,(4,4),(0.,1.),.UNSPECIFIED.);
#466=B_SPLINE_CURVE_WITH_KNOTS('',3,(#13280,#13281,#13282,#13283),
 .UNSPECIFIED.,.F.,.F.,(4,4),(-1.8423587547555E-17,0.11),.UNSPECIFIED.);
#467=B_SPLINE_CURVE_WITH_KNOTS('',3,(#13312,#13313,#13314,#13315),
 .UNSPECIFIED.,.F.,.F.,(4,4),(0.,1.),.UNSPECIFIED.);
#468=B_SPLINE_CURVE_WITH_KNOTS('',3,(#13338,#13339,#13340,#13341),
 .UNSPECIFIED.,.F.,.F.,(4,4),(-4.32805267565604E-17,0.11),.UNSPECIFIED.);
#469=B_SPLINE_CURVE_WITH_KNOTS('',3,(#13386,#13387,#13388,#13389),
 .UNSPECIFIED.,.F.,.F.,(4,4),(0.,1.),.UNSPECIFIED.);
#470=B_SPLINE_CURVE_WITH_KNOTS('',3,(#13391,#13392,#13393,#13394),
 .UNSPECIFIED.,.F.,.F.,(4,4),(0.,1.),.UNSPECIFIED.);
#471=B_SPLINE_CURVE_WITH_KNOTS('',3,(#13395,#13396,#13397,#13398),
 .UNSPECIFIED.,.F.,.F.,(4,4),(0.,0.14),.UNSPECIFIED.);
#472=B_SPLINE_CURVE_WITH_KNOTS('',3,(#13429,#13430,#13431,#13432),
 .UNSPECIFIED.,.F.,.F.,(4,4),(0.,1.),.UNSPECIFIED.);
#473=B_SPLINE_CURVE_WITH_KNOTS('',3,(#13434,#13435,#13436,#13437,#13438),
 .UNSPECIFIED.,.F.,.F.,(4,1,4),(0.,0.5,1.),.UNSPECIFIED.);
#474=B_SPLINE_CURVE_WITH_KNOTS('',3,(#13442,#13443,#13444,#13445),
 .UNSPECIFIED.,.F.,.F.,(4,4),(0.,1.),.UNSPECIFIED.);
#475=B_SPLINE_CURVE_WITH_KNOTS('',3,(#13480,#13481,#13482,#13483),
 .UNSPECIFIED.,.F.,.F.,(4,4),(0.,1.),.UNSPECIFIED.);
#476=B_SPLINE_CURVE_WITH_KNOTS('',3,(#13485,#13486,#13487,#13488),
 .UNSPECIFIED.,.F.,.F.,(4,4),(0.,1.),.UNSPECIFIED.);
#477=B_SPLINE_CURVE_WITH_KNOTS('',3,(#13489,#13490,#13491,#13492),
 .UNSPECIFIED.,.F.,.F.,(4,4),(0.,0.14),.UNSPECIFIED.);
#478=B_SPLINE_CURVE_WITH_KNOTS('',3,(#13522,#13523,#13524,#13525,#13526),
 .UNSPECIFIED.,.F.,.F.,(4,1,4),(0.,0.5,1.),.UNSPECIFIED.);
#479=B_SPLINE_CURVE_WITH_KNOTS('',3,(#13530,#13531,#13532,#13533),
 .UNSPECIFIED.,.F.,.F.,(4,4),(0.,1.),.UNSPECIFIED.);
#480=B_SPLINE_CURVE_WITH_KNOTS('',3,(#13568,#13569,#13570,#13571),
 .UNSPECIFIED.,.F.,.F.,(4,4),(0.,1.),.UNSPECIFIED.);
#481=B_SPLINE_CURVE_WITH_KNOTS('',3,(#13573,#13574,#13575,#13576),
 .UNSPECIFIED.,.F.,.F.,(4,4),(0.,1.),.UNSPECIFIED.);
#482=B_SPLINE_CURVE_WITH_KNOTS('',3,(#13577,#13578,#13579,#13580),
 .UNSPECIFIED.,.F.,.F.,(4,4),(0.,0.14),.UNSPECIFIED.);
#483=B_SPLINE_CURVE_WITH_KNOTS('',3,(#13610,#13611,#13612,#13613,#13614),
 .UNSPECIFIED.,.F.,.F.,(4,1,4),(0.,0.5,1.),.UNSPECIFIED.);
#484=B_SPLINE_CURVE_WITH_KNOTS('',3,(#13618,#13619,#13620,#13621),
 .UNSPECIFIED.,.F.,.F.,(4,4),(0.,1.),.UNSPECIFIED.);
#485=B_SPLINE_CURVE_WITH_KNOTS('',3,(#13656,#13657,#13658,#13659,#13660,
#13661),.UNSPECIFIED.,.F.,.F.,(4,1,1,4),(0.,0.25,0.5,1.),.UNSPECIFIED.);
#486=B_SPLINE_CURVE_WITH_KNOTS('',3,(#13663,#13664,#13665,#13666),
 .UNSPECIFIED.,.F.,.F.,(4,4),(0.,1.),.UNSPECIFIED.);
#487=B_SPLINE_CURVE_WITH_KNOTS('',3,(#13667,#13668,#13669,#13670),
 .UNSPECIFIED.,.F.,.F.,(4,4),(0.,0.14),.UNSPECIFIED.);
#488=B_SPLINE_CURVE_WITH_KNOTS('',3,(#13700,#13701,#13702,#13703,#13704),
 .UNSPECIFIED.,.F.,.F.,(4,1,4),(0.,0.5,1.),.UNSPECIFIED.);
#489=B_SPLINE_CURVE_WITH_KNOTS('',3,(#13708,#13709,#13710,#13711),
 .UNSPECIFIED.,.F.,.F.,(4,4),(0.,1.),.UNSPECIFIED.);
#490=B_SPLINE_CURVE_WITH_KNOTS('',3,(#13746,#13747,#13748,#13749),
 .UNSPECIFIED.,.F.,.F.,(4,4),(0.,1.),.UNSPECIFIED.);
#491=B_SPLINE_CURVE_WITH_KNOTS('',3,(#13751,#13752,#13753,#13754),
 .UNSPECIFIED.,.F.,.F.,(4,4),(0.,1.),.UNSPECIFIED.);
#492=B_SPLINE_CURVE_WITH_KNOTS('',3,(#13755,#13756,#13757,#13758),
 .UNSPECIFIED.,.F.,.F.,(4,4),(0.,0.14),.UNSPECIFIED.);
#493=B_SPLINE_CURVE_WITH_KNOTS('',3,(#13788,#13789,#13790,#13791,#13792),
 .UNSPECIFIED.,.F.,.F.,(4,1,4),(0.,0.5,1.),.UNSPECIFIED.);
#494=B_SPLINE_CURVE_WITH_KNOTS('',3,(#13796,#13797,#13798,#13799),
 .UNSPECIFIED.,.F.,.F.,(4,4),(0.,1.),.UNSPECIFIED.);
#495=B_SPLINE_CURVE_WITH_KNOTS('',3,(#13834,#13835,#13836,#13837),
 .UNSPECIFIED.,.F.,.F.,(4,4),(0.,1.),.UNSPECIFIED.);
#496=B_SPLINE_CURVE_WITH_KNOTS('',3,(#13839,#13840,#13841,#13842),
 .UNSPECIFIED.,.F.,.F.,(4,4),(0.,1.),.UNSPECIFIED.);
#497=B_SPLINE_CURVE_WITH_KNOTS('',3,(#13843,#13844,#13845,#13846),
 .UNSPECIFIED.,.F.,.F.,(4,4),(0.,0.14),.UNSPECIFIED.);
#498=B_SPLINE_CURVE_WITH_KNOTS('',3,(#13876,#13877,#13878,#13879,#13880),
 .UNSPECIFIED.,.F.,.F.,(4,1,4),(0.,0.5,1.),.UNSPECIFIED.);
#499=B_SPLINE_CURVE_WITH_KNOTS('',3,(#13884,#13885,#13886,#13887),
 .UNSPECIFIED.,.F.,.F.,(4,4),(0.,1.),.UNSPECIFIED.);
#500=B_SPLINE_CURVE_WITH_KNOTS('',3,(#13922,#13923,#13924,#13925),
 .UNSPECIFIED.,.F.,.F.,(4,4),(0.,1.),.UNSPECIFIED.);
#501=B_SPLINE_CURVE_WITH_KNOTS('',3,(#13927,#13928,#13929,#13930),
 .UNSPECIFIED.,.F.,.F.,(4,4),(0.,1.),.UNSPECIFIED.);
#502=B_SPLINE_CURVE_WITH_KNOTS('',3,(#13931,#13932,#13933,#13934),
 .UNSPECIFIED.,.F.,.F.,(4,4),(0.,0.14),.UNSPECIFIED.);
#503=B_SPLINE_CURVE_WITH_KNOTS('',3,(#13964,#13965,#13966,#13967,#13968),
 .UNSPECIFIED.,.F.,.F.,(4,1,4),(0.,0.5,1.),.UNSPECIFIED.);
#504=B_SPLINE_CURVE_WITH_KNOTS('',3,(#13972,#13973,#13974,#13975),
 .UNSPECIFIED.,.F.,.F.,(4,4),(0.,1.),.UNSPECIFIED.);
#505=B_SPLINE_CURVE_WITH_KNOTS('',3,(#14010,#14011,#14012,#14013),
 .UNSPECIFIED.,.F.,.F.,(4,4),(0.,1.),.UNSPECIFIED.);
#506=B_SPLINE_CURVE_WITH_KNOTS('',3,(#14015,#14016,#14017,#14018),
 .UNSPECIFIED.,.F.,.F.,(4,4),(0.,1.),.UNSPECIFIED.);
#507=B_SPLINE_CURVE_WITH_KNOTS('',3,(#14019,#14020,#14021,#14022),
 .UNSPECIFIED.,.F.,.F.,(4,4),(0.,0.14),.UNSPECIFIED.);
#508=B_SPLINE_CURVE_WITH_KNOTS('',3,(#14052,#14053,#14054,#14055,#14056),
 .UNSPECIFIED.,.F.,.F.,(4,1,4),(0.,0.5,1.),.UNSPECIFIED.);
#509=B_SPLINE_CURVE_WITH_KNOTS('',3,(#14060,#14061,#14062,#14063),
 .UNSPECIFIED.,.F.,.F.,(4,4),(0.,1.),.UNSPECIFIED.);
#510=B_SPLINE_CURVE_WITH_KNOTS('',3,(#14098,#14099,#14100,#14101,#14102),
 .UNSPECIFIED.,.F.,.F.,(4,1,4),(0.,0.5,1.),.UNSPECIFIED.);
#511=B_SPLINE_CURVE_WITH_KNOTS('',3,(#14104,#14105,#14106,#14107),
 .UNSPECIFIED.,.F.,.F.,(4,4),(0.,1.),.UNSPECIFIED.);
#512=B_SPLINE_CURVE_WITH_KNOTS('',3,(#14108,#14109,#14110,#14111),
 .UNSPECIFIED.,.F.,.F.,(4,4),(0.,0.14),.UNSPECIFIED.);
#513=B_SPLINE_CURVE_WITH_KNOTS('',3,(#14141,#14142,#14143,#14144,#14145),
 .UNSPECIFIED.,.F.,.F.,(4,1,4),(0.,0.5,1.),.UNSPECIFIED.);
#514=B_SPLINE_CURVE_WITH_KNOTS('',3,(#14149,#14150,#14151,#14152),
 .UNSPECIFIED.,.F.,.F.,(4,4),(0.,1.),.UNSPECIFIED.);
#515=B_SPLINE_CURVE_WITH_KNOTS('',3,(#14156,#14157,#14158,#14159),
 .UNSPECIFIED.,.F.,.F.,(4,4),(0.,1.),.UNSPECIFIED.);
#516=B_SPLINE_CURVE_WITH_KNOTS('',3,(#14190,#14191,#14192,#14193),
 .UNSPECIFIED.,.F.,.F.,(4,4),(0.,0.14),.UNSPECIFIED.);
#517=B_SPLINE_CURVE_WITH_KNOTS('',3,(#14478,#14479,#14480,#14481,#14482,
#14483,#14484,#14485,#14486,#14487,#14488),.UNSPECIFIED.,.F.,.F.,(4,1,1,
1,1,1,1,1,4),(0.,0.25,0.375,0.4375,0.5,0.5625,0.625,0.75,1.),
 .UNSPECIFIED.);
#518=B_SPLINE_CURVE_WITH_KNOTS('',3,(#14503,#14504,#14505,#14506,#14507,
#14508,#14509,#14510,#14511,#14512,#14513),.UNSPECIFIED.,.F.,.F.,(4,1,1,
1,1,1,1,1,4),(0.,0.25,0.375,0.4375,0.5,0.5625,0.625,0.75,1.),
 .UNSPECIFIED.);
#519=B_SPLINE_CURVE_WITH_KNOTS('',3,(#14528,#14529,#14530,#14531,#14532,
#14533),.UNSPECIFIED.,.F.,.F.,(4,1,1,4),(0.432914531421481,0.467160956608799,
0.484284169202458,0.492845775499288),.UNSPECIFIED.);
#520=B_SPLINE_CURVE_WITH_KNOTS('',3,(#14535,#14536,#14537,#14538,#14539,
#14540),.UNSPECIFIED.,.F.,.F.,(4,1,1,4),(0.181281619427216,0.319872364461688,
0.41226619448467,0.504660024507652),.UNSPECIFIED.);
#521=B_SPLINE_CURVE_WITH_KNOTS('',3,(#14618,#14619,#14620,#14621),
 .UNSPECIFIED.,.F.,.F.,(4,4),(-1.,0.),.UNSPECIFIED.);
#522=B_SPLINE_CURVE_WITH_KNOTS('',3,(#14623,#14624,#14625,#14626),
 .UNSPECIFIED.,.F.,.F.,(4,4),(0.,1.),.UNSPECIFIED.);
#523=B_SPLINE_CURVE_WITH_KNOTS('',3,(#14627,#14628,#14629,#14630),
 .UNSPECIFIED.,.F.,.F.,(4,4),(0.,1.),.UNSPECIFIED.);
#524=B_SPLINE_CURVE_WITH_KNOTS('',3,(#14678,#14679,#14680,#14681,#14682,
#14683,#14684),.UNSPECIFIED.,.F.,.F.,(4,1,1,1,4),(0.,0.25,0.5,0.75,1.),
 .UNSPECIFIED.);
#525=B_SPLINE_CURVE_WITH_KNOTS('',3,(#14733,#14734,#14735,#14736),
 .UNSPECIFIED.,.F.,.F.,(4,4),(-1.,0.),.UNSPECIFIED.);
#526=B_SPLINE_CURVE_WITH_KNOTS('',3,(#14739,#14740,#14741,#14742),
 .UNSPECIFIED.,.F.,.F.,(4,4),(0.,1.),.UNSPECIFIED.);
#527=B_SPLINE_CURVE_WITH_KNOTS('',3,(#14743,#14744,#14745,#14746),
 .UNSPECIFIED.,.F.,.F.,(4,4),(0.,1.),.UNSPECIFIED.);
#528=B_SPLINE_CURVE_WITH_KNOTS('',3,(#14748,#14749,#14750,#14751,#14752,
#14753),.UNSPECIFIED.,.F.,.F.,(4,1,1,4),(0.43291453141743,0.467160956053897,
0.48428416837213,0.492845774531247),.UNSPECIFIED.);
#529=B_SPLINE_CURVE_WITH_KNOTS('',3,(#14799,#14800,#14801,#14802,#14803,
#14804,#14805),.UNSPECIFIED.,.F.,.F.,(4,1,1,1,4),(0.,0.25,0.5,0.75,1.),
 .UNSPECIFIED.);
#530=B_SPLINE_CURVE_WITH_KNOTS('',3,(#14806,#14807,#14808,#14809,#14810,
#14811),.UNSPECIFIED.,.F.,.F.,(4,1,1,4),(0.181280831743676,0.319872329111258,
0.412266660689645,0.504660992268033),.UNSPECIFIED.);
#531=LINE('',#10634,#1170);
#532=LINE('',#10636,#1171);
#533=LINE('',#10638,#1172);
#534=LINE('',#10640,#1173);
#535=LINE('',#10642,#1174);
#536=LINE('',#10644,#1175);
#537=LINE('',#10646,#1176);
#538=LINE('',#10648,#1177);
#539=LINE('',#10651,#1178);
#540=LINE('',#10653,#1179);
#541=LINE('',#10655,#1180);
#542=LINE('',#10657,#1181);
#543=LINE('',#10659,#1182);
#544=LINE('',#10669,#1183);
#545=LINE('',#10672,#1184);
#546=LINE('',#10674,#1185);
#547=LINE('',#10676,#1186);
#548=LINE('',#10678,#1187);
#549=LINE('',#10680,#1188);
#550=LINE('',#10682,#1189);
#551=LINE('',#10686,#1190);
#552=LINE('',#10690,#1191);
#553=LINE('',#10692,#1192);
#554=LINE('',#10694,#1193);
#555=LINE('',#10696,#1194);
#556=LINE('',#10698,#1195);
#557=LINE('',#10700,#1196);
#558=LINE('',#10702,#1197);
#559=LINE('',#10704,#1198);
#560=LINE('',#10706,#1199);
#561=LINE('',#10709,#1200);
#562=LINE('',#10711,#1201);
#563=LINE('',#10713,#1202);
#564=LINE('',#10715,#1203);
#565=LINE('',#10717,#1204);
#566=LINE('',#10719,#1205);
#567=LINE('',#10721,#1206);
#568=LINE('',#10723,#1207);
#569=LINE('',#10726,#1208);
#570=LINE('',#10728,#1209);
#571=LINE('',#10730,#1210);
#572=LINE('',#10732,#1211);
#573=LINE('',#10734,#1212);
#574=LINE('',#10736,#1213);
#575=LINE('',#10740,#1214);
#576=LINE('',#10744,#1215);
#577=LINE('',#10747,#1216);
#578=LINE('',#10751,#1217);
#579=LINE('',#10755,#1218);
#580=LINE('',#10757,#1219);
#581=LINE('',#10759,#1220);
#582=LINE('',#10761,#1221);
#583=LINE('',#10763,#1222);
#584=LINE('',#10765,#1223);
#585=LINE('',#10768,#1224);
#586=LINE('',#10770,#1225);
#587=LINE('',#10772,#1226);
#588=LINE('',#10774,#1227);
#589=LINE('',#10776,#1228);
#590=LINE('',#10778,#1229);
#591=LINE('',#10780,#1230);
#592=LINE('',#10782,#1231);
#593=LINE('',#10785,#1232);
#594=LINE('',#10787,#1233);
#595=LINE('',#10789,#1234);
#596=LINE('',#10791,#1235);
#597=LINE('',#10793,#1236);
#598=LINE('',#10796,#1237);
#599=LINE('',#10798,#1238);
#600=LINE('',#10800,#1239);
#601=LINE('',#10802,#1240);
#602=LINE('',#10804,#1241);
#603=LINE('',#10805,#1242);
#604=LINE('',#10808,#1243);
#605=LINE('',#10809,#1244);
#606=LINE('',#10811,#1245);
#607=LINE('',#10818,#1246);
#608=LINE('',#10820,#1247);
#609=LINE('',#10822,#1248);
#610=LINE('',#10829,#1249);
#611=LINE('',#10831,#1250);
#612=LINE('',#10833,#1251);
#613=LINE('',#10835,#1252);
#614=LINE('',#10837,#1253);
#615=LINE('',#10839,#1254);
#616=LINE('',#10841,#1255);
#617=LINE('',#10843,#1256);
#618=LINE('',#10850,#1257);
#619=LINE('',#10857,#1258);
#620=LINE('',#10864,#1259);
#621=LINE('',#10871,#1260);
#622=LINE('',#10873,#1261);
#623=LINE('',#10875,#1262);
#624=LINE('',#10877,#1263);
#625=LINE('',#10879,#1264);
#626=LINE('',#10886,#1265);
#627=LINE('',#10893,#1266);
#628=LINE('',#10900,#1267);
#629=LINE('',#10907,#1268);
#630=LINE('',#10909,#1269);
#631=LINE('',#10911,#1270);
#632=LINE('',#10913,#1271);
#633=LINE('',#10916,#1272);
#634=LINE('',#10918,#1273);
#635=LINE('',#10920,#1274);
#636=LINE('',#10922,#1275);
#637=LINE('',#10924,#1276);
#638=LINE('',#10927,#1277);
#639=LINE('',#10931,#1278);
#640=LINE('',#10933,#1279);
#641=LINE('',#10935,#1280);
#642=LINE('',#10936,#1281);
#643=LINE('',#10948,#1282);
#644=LINE('',#10953,#1283);
#645=LINE('',#10957,#1284);
#646=LINE('',#10960,#1285);
#647=LINE('',#10962,#1286);
#648=LINE('',#10963,#1287);
#649=LINE('',#10965,#1288);
#650=LINE('',#10967,#1289);
#651=LINE('',#10971,#1290);
#652=LINE('',#10973,#1291);
#653=LINE('',#10975,#1292);
#654=LINE('',#10977,#1293);
#655=LINE('',#11008,#1294);
#656=LINE('',#11011,#1295);
#657=LINE('',#11013,#1296);
#658=LINE('',#11015,#1297);
#659=LINE('',#11017,#1298);
#660=LINE('',#11019,#1299);
#661=LINE('',#11021,#1300);
#662=LINE('',#11023,#1301);
#663=LINE('',#11025,#1302);
#664=LINE('',#11027,#1303);
#665=LINE('',#11029,#1304);
#666=LINE('',#11031,#1305);
#667=LINE('',#11033,#1306);
#668=LINE('',#11036,#1307);
#669=LINE('',#11038,#1308);
#670=LINE('',#11040,#1309);
#671=LINE('',#11042,#1310);
#672=LINE('',#11045,#1311);
#673=LINE('',#11047,#1312);
#674=LINE('',#11049,#1313);
#675=LINE('',#11052,#1314);
#676=LINE('',#11053,#1315);
#677=LINE('',#11054,#1316);
#678=LINE('',#11056,#1317);
#679=LINE('',#11064,#1318);
#680=LINE('',#11066,#1319);
#681=LINE('',#11067,#1320);
#682=LINE('',#11069,#1321);
#683=LINE('',#11072,#1322);
#684=LINE('',#11074,#1323);
#685=LINE('',#11076,#1324);
#686=LINE('',#11078,#1325);
#687=LINE('',#11080,#1326);
#688=LINE('',#11082,#1327);
#689=LINE('',#11083,#1328);
#690=LINE('',#11097,#1329);
#691=LINE('',#11099,#1330);
#692=LINE('',#11101,#1331);
#693=LINE('',#11103,#1332);
#694=LINE('',#11104,#1333);
#695=LINE('',#11106,#1334);
#696=LINE('',#11109,#1335);
#697=LINE('',#11111,#1336);
#698=LINE('',#11113,#1337);
#699=LINE('',#11114,#1338);
#700=LINE('',#11116,#1339);
#701=LINE('',#11118,#1340);
#702=LINE('',#11120,#1341);
#703=LINE('',#11123,#1342);
#704=LINE('',#11125,#1343);
#705=LINE('',#11127,#1344);
#706=LINE('',#11129,#1345);
#707=LINE('',#11131,#1346);
#708=LINE('',#11133,#1347);
#709=LINE('',#11135,#1348);
#710=LINE('',#11137,#1349);
#711=LINE('',#11139,#1350);
#712=LINE('',#11140,#1351);
#713=LINE('',#11141,#1352);
#714=LINE('',#11142,#1353);
#715=LINE('',#11144,#1354);
#716=LINE('',#11146,#1355);
#717=LINE('',#11147,#1356);
#718=LINE('',#11148,#1357);
#719=LINE('',#11149,#1358);
#720=LINE('',#11151,#1359);
#721=LINE('',#11161,#1360);
#722=LINE('',#11162,#1361);
#723=LINE('',#11164,#1362);
#724=LINE('',#11166,#1363);
#725=LINE('',#11168,#1364);
#726=LINE('',#11171,#1365);
#727=LINE('',#11172,#1366);
#728=LINE('',#11173,#1367);
#729=LINE('',#11175,#1368);
#730=LINE('',#11176,#1369);
#731=LINE('',#11177,#1370);
#732=LINE('',#11179,#1371);
#733=LINE('',#11181,#1372);
#734=LINE('',#11183,#1373);
#735=LINE('',#11185,#1374);
#736=LINE('',#11188,#1375);
#737=LINE('',#11189,#1376);
#738=LINE('',#11201,#1377);
#739=LINE('',#11204,#1378);
#740=LINE('',#11205,#1379);
#741=LINE('',#11209,#1380);
#742=LINE('',#11213,#1381);
#743=LINE('',#11215,#1382);
#744=LINE('',#11218,#1383);
#745=LINE('',#11219,#1384);
#746=LINE('',#11221,#1385);
#747=LINE('',#11222,#1386);
#748=LINE('',#11224,#1387);
#749=LINE('',#11226,#1388);
#750=LINE('',#11228,#1389);
#751=LINE('',#11230,#1390);
#752=LINE('',#11232,#1391);
#753=LINE('',#11234,#1392);
#754=LINE('',#11236,#1393);
#755=LINE('',#11247,#1394);
#756=LINE('',#11249,#1395);
#757=LINE('',#11251,#1396);
#758=LINE('',#11252,#1397);
#759=LINE('',#11274,#1398);
#760=LINE('',#11276,#1399);
#761=LINE('',#11278,#1400);
#762=LINE('',#11279,#1401);
#763=LINE('',#11281,#1402);
#764=LINE('',#11283,#1403);
#765=LINE('',#11313,#1404);
#766=LINE('',#11314,#1405);
#767=LINE('',#11316,#1406);
#768=LINE('',#11317,#1407);
#769=LINE('',#11319,#1408);
#770=LINE('',#11321,#1409);
#771=LINE('',#11325,#1410);
#772=LINE('',#11327,#1411);
#773=LINE('',#11330,#1412);
#774=LINE('',#11333,#1413);
#775=LINE('',#11337,#1414);
#776=LINE('',#11339,#1415);
#777=LINE('',#11341,#1416);
#778=LINE('',#11345,#1417);
#779=LINE('',#11347,#1418);
#780=LINE('',#11350,#1419);
#781=LINE('',#11352,#1420);
#782=LINE('',#11354,#1421);
#783=LINE('',#11356,#1422);
#784=LINE('',#11360,#1423);
#785=LINE('',#11362,#1424);
#786=LINE('',#11364,#1425);
#787=LINE('',#11366,#1426);
#788=LINE('',#11368,#1427);
#789=LINE('',#11370,#1428);
#790=LINE('',#11372,#1429);
#791=LINE('',#11374,#1430);
#792=LINE('',#11376,#1431);
#793=LINE('',#11378,#1432);
#794=LINE('',#11380,#1433);
#795=LINE('',#11382,#1434);
#796=LINE('',#11384,#1435);
#797=LINE('',#11386,#1436);
#798=LINE('',#11394,#1437);
#799=LINE('',#11395,#1438);
#800=LINE('',#11396,#1439);
#801=LINE('',#11398,#1440);
#802=LINE('',#11400,#1441);
#803=LINE('',#11401,#1442);
#804=LINE('',#11402,#1443);
#805=LINE('',#11404,#1444);
#806=LINE('',#11406,#1445);
#807=LINE('',#11408,#1446);
#808=LINE('',#11409,#1447);
#809=LINE('',#11410,#1448);
#810=LINE('',#11412,#1449);
#811=LINE('',#11414,#1450);
#812=LINE('',#11415,#1451);
#813=LINE('',#11416,#1452);
#814=LINE('',#11422,#1453);
#815=LINE('',#11424,#1454);
#816=LINE('',#11426,#1455);
#817=LINE('',#11428,#1456);
#818=LINE('',#11431,#1457);
#819=LINE('',#11432,#1458);
#820=LINE('',#11434,#1459);
#821=LINE('',#11437,#1460);
#822=LINE('',#11438,#1461);
#823=LINE('',#11440,#1462);
#824=LINE('',#11463,#1463);
#825=LINE('',#11465,#1464);
#826=LINE('',#11467,#1465);
#827=LINE('',#11469,#1466);
#828=LINE('',#11473,#1467);
#829=LINE('',#11475,#1468);
#830=LINE('',#11477,#1469);
#831=LINE('',#11479,#1470);
#832=LINE('',#11481,#1471);
#833=LINE('',#11484,#1472);
#834=LINE('',#11487,#1473);
#835=LINE('',#11488,#1474);
#836=LINE('',#11489,#1475);
#837=LINE('',#11491,#1476);
#838=LINE('',#11492,#1477);
#839=LINE('',#11493,#1478);
#840=LINE('',#11500,#1479);
#841=LINE('',#11510,#1480);
#842=LINE('',#11512,#1481);
#843=LINE('',#11514,#1482);
#844=LINE('',#11516,#1483);
#845=LINE('',#11539,#1484);
#846=LINE('',#11550,#1485);
#847=LINE('',#11551,#1486);
#848=LINE('',#11553,#1487);
#849=LINE('',#11555,#1488);
#850=LINE('',#11557,#1489);
#851=LINE('',#11580,#1490);
#852=LINE('',#11582,#1491);
#853=LINE('',#11585,#1492);
#854=LINE('',#11589,#1493);
#855=LINE('',#11592,#1494);
#856=LINE('',#11594,#1495);
#857=LINE('',#11596,#1496);
#858=LINE('',#11598,#1497);
#859=LINE('',#11600,#1498);
#860=LINE('',#11602,#1499);
#861=LINE('',#11604,#1500);
#862=LINE('',#11606,#1501);
#863=LINE('',#11608,#1502);
#864=LINE('',#11610,#1503);
#865=LINE('',#11611,#1504);
#866=LINE('',#11664,#1505);
#867=LINE('',#11710,#1506);
#868=LINE('',#11717,#1507);
#869=LINE('',#11723,#1508);
#870=LINE('',#12276,#1509);
#871=LINE('',#12763,#1510);
#872=LINE('',#12784,#1511);
#873=LINE('',#12792,#1512);
#874=LINE('',#12813,#1513);
#875=LINE('',#12815,#1514);
#876=LINE('',#12835,#1515);
#877=LINE('',#12839,#1516);
#878=LINE('',#12841,#1517);
#879=LINE('',#12879,#1518);
#880=LINE('',#12901,#1519);
#881=LINE('',#12903,#1520);
#882=LINE('',#12907,#1521);
#883=LINE('',#12936,#1522);
#884=LINE('',#12958,#1523);
#885=LINE('',#12960,#1524);
#886=LINE('',#12964,#1525);
#887=LINE('',#12993,#1526);
#888=LINE('',#13015,#1527);
#889=LINE('',#13017,#1528);
#890=LINE('',#13021,#1529);
#891=LINE('',#13050,#1530);
#892=LINE('',#13072,#1531);
#893=LINE('',#13074,#1532);
#894=LINE('',#13078,#1533);
#895=LINE('',#13107,#1534);
#896=LINE('',#13129,#1535);
#897=LINE('',#13131,#1536);
#898=LINE('',#13135,#1537);
#899=LINE('',#13164,#1538);
#900=LINE('',#13186,#1539);
#901=LINE('',#13188,#1540);
#902=LINE('',#13192,#1541);
#903=LINE('',#13221,#1542);
#904=LINE('',#13243,#1543);
#905=LINE('',#13245,#1544);
#906=LINE('',#13249,#1545);
#907=LINE('',#13278,#1546);
#908=LINE('',#13300,#1547);
#909=LINE('',#13302,#1548);
#910=LINE('',#13304,#1549);
#911=LINE('',#13308,#1550);
#912=LINE('',#13319,#1551);
#913=LINE('',#13321,#1552);
#914=LINE('',#13427,#1553);
#915=LINE('',#13447,#1554);
#916=LINE('',#13449,#1555);
#917=LINE('',#13535,#1556);
#918=LINE('',#13537,#1557);
#919=LINE('',#13623,#1558);
#920=LINE('',#13625,#1559);
#921=LINE('',#13713,#1560);
#922=LINE('',#13715,#1561);
#923=LINE('',#13801,#1562);
#924=LINE('',#13803,#1563);
#925=LINE('',#13889,#1564);
#926=LINE('',#13891,#1565);
#927=LINE('',#13977,#1566);
#928=LINE('',#13979,#1567);
#929=LINE('',#14065,#1568);
#930=LINE('',#14067,#1569);
#931=LINE('',#14161,#1570);
#932=LINE('',#14223,#1571);
#933=LINE('',#14224,#1572);
#934=LINE('',#14226,#1573);
#935=LINE('',#14227,#1574);
#936=LINE('',#14230,#1575);
#937=LINE('',#14232,#1576);
#938=LINE('',#14234,#1577);
#939=LINE('',#14236,#1578);
#940=LINE('',#14238,#1579);
#941=LINE('',#14242,#1580);
#942=LINE('',#14244,#1581);
#943=LINE('',#14246,#1582);
#944=LINE('',#14248,#1583);
#945=LINE('',#14250,#1584);
#946=LINE('',#14252,#1585);
#947=LINE('',#14261,#1586);
#948=LINE('',#14270,#1587);
#949=LINE('',#14273,#1588);
#950=LINE('',#14277,#1589);
#951=LINE('',#14281,#1590);
#952=LINE('',#14284,#1591);
#953=LINE('',#14286,#1592);
#954=LINE('',#14288,#1593);
#955=LINE('',#14290,#1594);
#956=LINE('',#14292,#1595);
#957=LINE('',#14294,#1596);
#958=LINE('',#14296,#1597);
#959=LINE('',#14298,#1598);
#960=LINE('',#14300,#1599);
#961=LINE('',#14302,#1600);
#962=LINE('',#14304,#1601);
#963=LINE('',#14306,#1602);
#964=LINE('',#14308,#1603);
#965=LINE('',#14311,#1604);
#966=LINE('',#14312,#1605);
#967=LINE('',#14314,#1606);
#968=LINE('',#14316,#1607);
#969=LINE('',#14318,#1608);
#970=LINE('',#14320,#1609);
#971=LINE('',#14322,#1610);
#972=LINE('',#14324,#1611);
#973=LINE('',#14326,#1612);
#974=LINE('',#14328,#1613);
#975=LINE('',#14330,#1614);
#976=LINE('',#14332,#1615);
#977=LINE('',#14334,#1616);
#978=LINE('',#14336,#1617);
#979=LINE('',#14342,#1618);
#980=LINE('',#14346,#1619);
#981=LINE('',#14348,#1620);
#982=LINE('',#14352,#1621);
#983=LINE('',#14354,#1622);
#984=LINE('',#14357,#1623);
#985=LINE('',#14361,#1624);
#986=LINE('',#14363,#1625);
#987=LINE('',#14368,#1626);
#988=LINE('',#14379,#1627);
#989=LINE('',#14416,#1628);
#990=LINE('',#14418,#1629);
#991=LINE('',#14420,#1630);
#992=LINE('',#14422,#1631);
#993=LINE('',#14424,#1632);
#994=LINE('',#14426,#1633);
#995=LINE('',#14428,#1634);
#996=LINE('',#14430,#1635);
#997=LINE('',#14432,#1636);
#998=LINE('',#14434,#1637);
#999=LINE('',#14436,#1638);
#1000=LINE('',#14438,#1639);
#1001=LINE('',#14440,#1640);
#1002=LINE('',#14443,#1641);
#1003=LINE('',#14445,#1642);
#1004=LINE('',#14447,#1643);
#1005=LINE('',#14449,#1644);
#1006=LINE('',#14451,#1645);
#1007=LINE('',#14454,#1646);
#1008=LINE('',#14455,#1647);
#1009=LINE('',#14457,#1648);
#1010=LINE('',#14459,#1649);
#1011=LINE('',#14461,#1650);
#1012=LINE('',#14463,#1651);
#1013=LINE('',#14469,#1652);
#1014=LINE('',#14472,#1653);
#1015=LINE('',#14474,#1654);
#1016=LINE('',#14476,#1655);
#1017=LINE('',#14494,#1656);
#1018=LINE('',#14497,#1657);
#1019=LINE('',#14499,#1658);
#1020=LINE('',#14501,#1659);
#1021=LINE('',#14519,#1660);
#1022=LINE('',#14522,#1661);
#1023=LINE('',#14524,#1662);
#1024=LINE('',#14526,#1663);
#1025=LINE('',#14542,#1664);
#1026=LINE('',#14544,#1665);
#1027=LINE('',#14546,#1666);
#1028=LINE('',#14548,#1667);
#1029=LINE('',#14550,#1668);
#1030=LINE('',#14552,#1669);
#1031=LINE('',#14555,#1670);
#1032=LINE('',#14557,#1671);
#1033=LINE('',#14559,#1672);
#1034=LINE('',#14567,#1673);
#1035=LINE('',#14571,#1674);
#1036=LINE('',#14577,#1675);
#1037=LINE('',#14581,#1676);
#1038=LINE('',#14585,#1677);
#1039=LINE('',#14588,#1678);
#1040=LINE('',#14589,#1679);
#1041=LINE('',#14591,#1680);
#1042=LINE('',#14636,#1681);
#1043=LINE('',#14640,#1682);
#1044=LINE('',#14692,#1683);
#1045=LINE('',#14697,#1684);
#1046=LINE('',#14698,#1685);
#1047=LINE('',#14700,#1686);
#1048=LINE('',#14703,#1687);
#1049=LINE('',#14704,#1688);
#1050=LINE('',#14706,#1689);
#1051=LINE('',#14755,#1690);
#1052=LINE('',#14814,#1691);
#1053=LINE('',#14816,#1692);
#1054=LINE('',#14817,#1693);
#1055=LINE('',#14821,#1694);
#1056=LINE('',#14823,#1695);
#1057=LINE('',#14830,#1696);
#1058=LINE('',#14839,#1697);
#1059=LINE('',#14841,#1698);
#1060=LINE('',#14845,#1699);
#1061=LINE('',#14848,#1700);
#1062=LINE('',#14850,#1701);
#1063=LINE('',#14852,#1702);
#1064=LINE('',#14854,#1703);
#1065=LINE('',#14857,#1704);
#1066=LINE('',#14859,#1705);
#1067=LINE('',#14861,#1706);
#1068=LINE('',#14863,#1707);
#1069=LINE('',#14866,#1708);
#1070=LINE('',#14868,#1709);
#1071=LINE('',#14870,#1710);
#1072=LINE('',#14872,#1711);
#1073=LINE('',#14875,#1712);
#1074=LINE('',#14877,#1713);
#1075=LINE('',#14879,#1714);
#1076=LINE('',#14881,#1715);
#1077=LINE('',#14886,#1716);
#1078=LINE('',#14890,#1717);
#1079=LINE('',#14894,#1718);
#1080=LINE('',#14906,#1719);
#1081=LINE('',#14911,#1720);
#1082=LINE('',#14915,#1721);
#1083=LINE('',#14919,#1722);
#1084=LINE('',#14953,#1723);
#1085=LINE('',#14954,#1724);
#1086=LINE('',#14956,#1725);
#1087=LINE('',#14958,#1726);
#1088=LINE('',#14960,#1727);
#1089=LINE('',#14962,#1728);
#1090=LINE('',#14964,#1729);
#1091=LINE('',#14966,#1730);
#1092=LINE('',#14969,#1731);
#1093=LINE('',#14970,#1732);
#1094=LINE('',#14972,#1733);
#1095=LINE('',#14974,#1734);
#1096=LINE('',#14976,#1735);
#1097=LINE('',#14978,#1736);
#1098=LINE('',#14980,#1737);
#1099=LINE('',#14982,#1738);
#1100=LINE('',#14990,#1739);
#1101=LINE('',#14993,#1740);
#1102=LINE('',#14995,#1741);
#1103=LINE('',#14997,#1742);
#1104=LINE('',#14999,#1743);
#1105=LINE('',#15002,#1744);
#1106=LINE('',#15004,#1745);
#1107=LINE('',#15005,#1746);
#1108=LINE('',#15007,#1747);
#1109=LINE('',#15009,#1748);
#1110=LINE('',#15011,#1749);
#1111=LINE('',#15013,#1750);
#1112=LINE('',#15015,#1751);
#1113=LINE('',#15016,#1752);
#1114=LINE('',#15018,#1753);
#1115=LINE('',#15020,#1754);
#1116=LINE('',#15022,#1755);
#1117=LINE('',#15024,#1756);
#1118=LINE('',#15026,#1757);
#1119=LINE('',#15028,#1758);
#1120=LINE('',#15031,#1759);
#1121=LINE('',#15032,#1760);
#1122=LINE('',#15034,#1761);
#1123=LINE('',#15036,#1762);
#1124=LINE('',#15039,#1763);
#1125=LINE('',#15041,#1764);
#1126=LINE('',#15042,#1765);
#1127=LINE('',#15044,#1766);
#1128=LINE('',#15046,#1767);
#1129=LINE('',#15048,#1768);
#1130=LINE('',#15050,#1769);
#1131=LINE('',#15052,#1770);
#1132=LINE('',#15054,#1771);
#1133=LINE('',#15056,#1772);
#1134=LINE('',#15058,#1773);
#1135=LINE('',#15060,#1774);
#1136=LINE('',#15062,#1775);
#1137=LINE('',#15063,#1776);
#1138=LINE('',#15066,#1777);
#1139=LINE('',#15068,#1778);
#1140=LINE('',#15070,#1779);
#1141=LINE('',#15072,#1780);
#1142=LINE('',#15074,#1781);
#1143=LINE('',#15076,#1782);
#1144=LINE('',#15078,#1783);
#1145=LINE('',#15080,#1784);
#1146=LINE('',#15082,#1785);
#1147=LINE('',#15084,#1786);
#1148=LINE('',#15086,#1787);
#1149=LINE('',#15088,#1788);
#1150=LINE('',#15090,#1789);
#1151=LINE('',#15092,#1790);
#1152=LINE('',#15094,#1791);
#1153=LINE('',#15096,#1792);
#1154=LINE('',#15098,#1793);
#1155=LINE('',#15100,#1794);
#1156=LINE('',#15102,#1795);
#1157=LINE('',#15104,#1796);
#1158=LINE('',#15110,#1797);
#1159=LINE('',#15113,#1798);
#1160=LINE('',#15115,#1799);
#1161=LINE('',#15117,#1800);
#1162=LINE('',#15119,#1801);
#1163=LINE('',#15121,#1802);
#1164=LINE('',#15123,#1803);
#1165=LINE('',#15125,#1804);
#1166=LINE('',#15127,#1805);
#1167=LINE('',#15129,#1806);
#1168=LINE('',#15131,#1807);
#1169=LINE('',#15132,#1808);
#1170=VECTOR('',#8604,1000.);
#1171=VECTOR('',#8605,1000.);
#1172=VECTOR('',#8606,1000.);
#1173=VECTOR('',#8607,1000.);
#1174=VECTOR('',#8608,1000.);
#1175=VECTOR('',#8609,1000.);
#1176=VECTOR('',#8610,1000.);
#1177=VECTOR('',#8613,1000.);
#1178=VECTOR('',#8614,1000.);
#1179=VECTOR('',#8615,1000.);
#1180=VECTOR('',#8616,1000.);
#1181=VECTOR('',#8617,1000.);
#1182=VECTOR('',#8618,1000.);
#1183=VECTOR('',#8629,1000.);
#1184=VECTOR('',#8630,1000.);
#1185=VECTOR('',#8631,1000.);
#1186=VECTOR('',#8632,1000.);
#1187=VECTOR('',#8633,1000.);
#1188=VECTOR('',#8634,1000.);
#1189=VECTOR('',#8635,1000.);
#1190=VECTOR('',#8638,1000.);
#1191=VECTOR('',#8641,1000.);
#1192=VECTOR('',#8642,1000.);
#1193=VECTOR('',#8643,1000.);
#1194=VECTOR('',#8644,1000.);
#1195=VECTOR('',#8645,1000.);
#1196=VECTOR('',#8646,1000.);
#1197=VECTOR('',#8647,1000.);
#1198=VECTOR('',#8648,1000.);
#1199=VECTOR('',#8651,1000.);
#1200=VECTOR('',#8652,1000.);
#1201=VECTOR('',#8653,1000.);
#1202=VECTOR('',#8654,1000.);
#1203=VECTOR('',#8655,1000.);
#1204=VECTOR('',#8656,1000.);
#1205=VECTOR('',#8657,1000.);
#1206=VECTOR('',#8658,1000.);
#1207=VECTOR('',#8661,1000.);
#1208=VECTOR('',#8662,1000.);
#1209=VECTOR('',#8663,1000.);
#1210=VECTOR('',#8664,1000.);
#1211=VECTOR('',#8665,1000.);
#1212=VECTOR('',#8666,1000.);
#1213=VECTOR('',#8667,1000.);
#1214=VECTOR('',#8670,1000.);
#1215=VECTOR('',#8675,1000.);
#1216=VECTOR('',#8676,1000.);
#1217=VECTOR('',#8679,1000.);
#1218=VECTOR('',#8682,1000.);
#1219=VECTOR('',#8683,1000.);
#1220=VECTOR('',#8684,1000.);
#1221=VECTOR('',#8685,1000.);
#1222=VECTOR('',#8686,1000.);
#1223=VECTOR('',#8689,1000.);
#1224=VECTOR('',#8690,1000.);
#1225=VECTOR('',#8691,1000.);
#1226=VECTOR('',#8692,1000.);
#1227=VECTOR('',#8693,1000.);
#1228=VECTOR('',#8694,1000.);
#1229=VECTOR('',#8695,1000.);
#1230=VECTOR('',#8696,1000.);
#1231=VECTOR('',#8699,1000.);
#1232=VECTOR('',#8700,1000.);
#1233=VECTOR('',#8701,1000.);
#1234=VECTOR('',#8702,1000.);
#1235=VECTOR('',#8703,1000.);
#1236=VECTOR('',#8706,1000.);
#1237=VECTOR('',#8707,1000.);
#1238=VECTOR('',#8708,1000.);
#1239=VECTOR('',#8709,1000.);
#1240=VECTOR('',#8710,1000.);
#1241=VECTOR('',#8711,1000.);
#1242=VECTOR('',#8712,1000.);
#1243=VECTOR('',#8713,1000.);
#1244=VECTOR('',#8714,1000.);
#1245=VECTOR('',#8715,1000.);
#1246=VECTOR('',#8716,1000.);
#1247=VECTOR('',#8717,1000.);
#1248=VECTOR('',#8718,1000.);
#1249=VECTOR('',#8719,1000.);
#1250=VECTOR('',#8720,1000.);
#1251=VECTOR('',#8721,1000.);
#1252=VECTOR('',#8722,1000.);
#1253=VECTOR('',#8723,1000.);
#1254=VECTOR('',#8724,1000.);
#1255=VECTOR('',#8725,1000.);
#1256=VECTOR('',#8726,1000.);
#1257=VECTOR('',#8727,1000.);
#1258=VECTOR('',#8728,1000.);
#1259=VECTOR('',#8729,1000.);
#1260=VECTOR('',#8730,1000.);
#1261=VECTOR('',#8731,1000.);
#1262=VECTOR('',#8732,1000.);
#1263=VECTOR('',#8733,1000.);
#1264=VECTOR('',#8734,1000.);
#1265=VECTOR('',#8735,1000.);
#1266=VECTOR('',#8736,1000.);
#1267=VECTOR('',#8737,1000.);
#1268=VECTOR('',#8738,1000.);
#1269=VECTOR('',#8739,1000.);
#1270=VECTOR('',#8740,1000.);
#1271=VECTOR('',#8743,1000.);
#1272=VECTOR('',#8744,1000.);
#1273=VECTOR('',#8745,1000.);
#1274=VECTOR('',#8746,1000.);
#1275=VECTOR('',#8747,1000.);
#1276=VECTOR('',#8750,1000.);
#1277=VECTOR('',#8751,1000.);
#1278=VECTOR('',#8754,1000.);
#1279=VECTOR('',#8755,1000.);
#1280=VECTOR('',#8756,1000.);
#1281=VECTOR('',#8757,1000.);
#1282=VECTOR('',#8772,1000.);
#1283=VECTOR('',#8775,1000.);
#1284=VECTOR('',#8780,1000.);
#1285=VECTOR('',#8781,1000.);
#1286=VECTOR('',#8782,1000.);
#1287=VECTOR('',#8783,1000.);
#1288=VECTOR('',#8784,1000.);
#1289=VECTOR('',#8785,1000.);
#1290=VECTOR('',#8788,1000.);
#1291=VECTOR('',#8789,1000.);
#1292=VECTOR('',#8790,1000.);
#1293=VECTOR('',#8791,1000.);
#1294=VECTOR('',#8832,1000.);
#1295=VECTOR('',#8833,1000.);
#1296=VECTOR('',#8834,1000.);
#1297=VECTOR('',#8835,1000.);
#1298=VECTOR('',#8836,1000.);
#1299=VECTOR('',#8837,1000.);
#1300=VECTOR('',#8838,1000.);
#1301=VECTOR('',#8841,1000.);
#1302=VECTOR('',#8842,1000.);
#1303=VECTOR('',#8845,1000.);
#1304=VECTOR('',#8846,1000.);
#1305=VECTOR('',#8847,1000.);
#1306=VECTOR('',#8850,1000.);
#1307=VECTOR('',#8851,1000.);
#1308=VECTOR('',#8852,1000.);
#1309=VECTOR('',#8853,1000.);
#1310=VECTOR('',#8856,1000.);
#1311=VECTOR('',#8857,1000.);
#1312=VECTOR('',#8858,1000.);
#1313=VECTOR('',#8861,1000.);
#1314=VECTOR('',#8862,1000.);
#1315=VECTOR('',#8863,1000.);
#1316=VECTOR('',#8864,1000.);
#1317=VECTOR('',#8865,1000.);
#1318=VECTOR('',#8876,1000.);
#1319=VECTOR('',#8877,1000.);
#1320=VECTOR('',#8878,1000.);
#1321=VECTOR('',#8881,1000.);
#1322=VECTOR('',#8882,1000.);
#1323=VECTOR('',#8883,1000.);
#1324=VECTOR('',#8884,1000.);
#1325=VECTOR('',#8885,1000.);
#1326=VECTOR('',#8888,1000.);
#1327=VECTOR('',#8889,1000.);
#1328=VECTOR('',#8890,1000.);
#1329=VECTOR('',#8909,1000.);
#1330=VECTOR('',#8910,1000.);
#1331=VECTOR('',#8911,1000.);
#1332=VECTOR('',#8912,1000.);
#1333=VECTOR('',#8913,1000.);
#1334=VECTOR('',#8916,1000.);
#1335=VECTOR('',#8917,1000.);
#1336=VECTOR('',#8918,1000.);
#1337=VECTOR('',#8919,1000.);
#1338=VECTOR('',#8920,1000.);
#1339=VECTOR('',#8921,1000.);
#1340=VECTOR('',#8922,1000.);
#1341=VECTOR('',#8925,1000.);
#1342=VECTOR('',#8926,1000.);
#1343=VECTOR('',#8927,1000.);
#1344=VECTOR('',#8928,1000.);
#1345=VECTOR('',#8929,1000.);
#1346=VECTOR('',#8930,1000.);
#1347=VECTOR('',#8931,1000.);
#1348=VECTOR('',#8932,1000.);
#1349=VECTOR('',#8933,1000.);
#1350=VECTOR('',#8934,1000.);
#1351=VECTOR('',#8935,1000.);
#1352=VECTOR('',#8936,1000.);
#1353=VECTOR('',#8937,1000.);
#1354=VECTOR('',#8938,1000.);
#1355=VECTOR('',#8939,1000.);
#1356=VECTOR('',#8940,1000.);
#1357=VECTOR('',#8941,1000.);
#1358=VECTOR('',#8942,1000.);
#1359=VECTOR('',#8945,1000.);
#1360=VECTOR('',#8958,1000.);
#1361=VECTOR('',#8959,1000.);
#1362=VECTOR('',#8960,1000.);
#1363=VECTOR('',#8961,1000.);
#1364=VECTOR('',#8964,1000.);
#1365=VECTOR('',#8965,1000.);
#1366=VECTOR('',#8966,1000.);
#1367=VECTOR('',#8967,1000.);
#1368=VECTOR('',#8970,1000.);
#1369=VECTOR('',#8971,1000.);
#1370=VECTOR('',#8972,1000.);
#1371=VECTOR('',#8975,1000.);
#1372=VECTOR('',#8976,1000.);
#1373=VECTOR('',#8977,1000.);
#1374=VECTOR('',#8980,1000.);
#1375=VECTOR('',#8981,1000.);
#1376=VECTOR('',#8982,1000.);
#1377=VECTOR('',#9005,1000.);
#1378=VECTOR('',#9006,1000.);
#1379=VECTOR('',#9007,1000.);
#1380=VECTOR('',#9010,1000.);
#1381=VECTOR('',#9013,1000.);
#1382=VECTOR('',#9016,1000.);
#1383=VECTOR('',#9017,1000.);
#1384=VECTOR('',#9018,1000.);
#1385=VECTOR('',#9021,1000.);
#1386=VECTOR('',#9022,1000.);
#1387=VECTOR('',#9025,1000.);
#1388=VECTOR('',#9026,1000.);
#1389=VECTOR('',#9027,1000.);
#1390=VECTOR('',#9030,1000.);
#1391=VECTOR('',#9031,1000.);
#1392=VECTOR('',#9034,1000.);
#1393=VECTOR('',#9035,1000.);
#1394=VECTOR('',#9052,1000.);
#1395=VECTOR('',#9055,1000.);
#1396=VECTOR('',#9058,1000.);
#1397=VECTOR('',#9059,1000.);
#1398=VECTOR('',#9070,1000.);
#1399=VECTOR('',#9073,1000.);
#1400=VECTOR('',#9076,1000.);
#1401=VECTOR('',#9077,1000.);
#1402=VECTOR('',#9080,1000.);
#1403=VECTOR('',#9083,1000.);
#1404=VECTOR('',#9134,1000.);
#1405=VECTOR('',#9135,1000.);
#1406=VECTOR('',#9138,1000.);
#1407=VECTOR('',#9139,1000.);
#1408=VECTOR('',#9142,1000.);
#1409=VECTOR('',#9145,1000.);
#1410=VECTOR('',#9152,1000.);
#1411=VECTOR('',#9155,1000.);
#1412=VECTOR('',#9160,1000.);
#1413=VECTOR('',#9165,1000.);
#1414=VECTOR('',#9172,1000.);
#1415=VECTOR('',#9173,1000.);
#1416=VECTOR('',#9176,1000.);
#1417=VECTOR('',#9179,1000.);
#1418=VECTOR('',#9182,1000.);
#1419=VECTOR('',#9183,1000.);
#1420=VECTOR('',#9184,1000.);
#1421=VECTOR('',#9185,1000.);
#1422=VECTOR('',#9186,1000.);
#1423=VECTOR('',#9191,1000.);
#1424=VECTOR('',#9192,1000.);
#1425=VECTOR('',#9193,1000.);
#1426=VECTOR('',#9196,1000.);
#1427=VECTOR('',#9199,1000.);
#1428=VECTOR('',#9200,1000.);
#1429=VECTOR('',#9201,1000.);
#1430=VECTOR('',#9204,1000.);
#1431=VECTOR('',#9205,1000.);
#1432=VECTOR('',#9208,1000.);
#1433=VECTOR('',#9209,1000.);
#1434=VECTOR('',#9210,1000.);
#1435=VECTOR('',#9213,1000.);
#1436=VECTOR('',#9214,1000.);
#1437=VECTOR('',#9229,1000.);
#1438=VECTOR('',#9230,1000.);
#1439=VECTOR('',#9231,1000.);
#1440=VECTOR('',#9234,1000.);
#1441=VECTOR('',#9237,1000.);
#1442=VECTOR('',#9238,1000.);
#1443=VECTOR('',#9239,1000.);
#1444=VECTOR('',#9242,1000.);
#1445=VECTOR('',#9245,1000.);
#1446=VECTOR('',#9246,1000.);
#1447=VECTOR('',#9247,1000.);
#1448=VECTOR('',#9248,1000.);
#1449=VECTOR('',#9251,1000.);
#1450=VECTOR('',#9252,1000.);
#1451=VECTOR('',#9253,1000.);
#1452=VECTOR('',#9254,1000.);
#1453=VECTOR('',#9265,1000.);
#1454=VECTOR('',#9268,1000.);
#1455=VECTOR('',#9271,1000.);
#1456=VECTOR('',#9274,1000.);
#1457=VECTOR('',#9279,1000.);
#1458=VECTOR('',#9280,1000.);
#1459=VECTOR('',#9283,1000.);
#1460=VECTOR('',#9288,1000.);
#1461=VECTOR('',#9289,1000.);
#1462=VECTOR('',#9292,1000.);
#1463=VECTOR('',#9317,1000.);
#1464=VECTOR('',#9320,1000.);
#1465=VECTOR('',#9323,1000.);
#1466=VECTOR('',#9326,1000.);
#1467=VECTOR('',#9333,1000.);
#1468=VECTOR('',#9336,1000.);
#1469=VECTOR('',#9339,1000.);
#1470=VECTOR('',#9342,1000.);
#1471=VECTOR('',#9345,1000.);
#1472=VECTOR('',#9350,1000.);
#1473=VECTOR('',#9355,1000.);
#1474=VECTOR('',#9356,1000.);
#1475=VECTOR('',#9357,1000.);
#1476=VECTOR('',#9360,1000.);
#1477=VECTOR('',#9361,1000.);
#1478=VECTOR('',#9362,1000.);
#1479=VECTOR('',#9375,1000.);
#1480=VECTOR('',#9376,1000.);
#1481=VECTOR('',#9379,1000.);
#1482=VECTOR('',#9382,1000.);
#1483=VECTOR('',#9385,1000.);
#1484=VECTOR('',#9390,1000.);
#1485=VECTOR('',#9393,1000.);
#1486=VECTOR('',#9394,1000.);
#1487=VECTOR('',#9397,1000.);
#1488=VECTOR('',#9400,1000.);
#1489=VECTOR('',#9403,1000.);
#1490=VECTOR('',#9408,1000.);
#1491=VECTOR('',#9411,1000.);
#1492=VECTOR('',#9416,1000.);
#1493=VECTOR('',#9423,1000.);
#1494=VECTOR('',#9424,1000.);
#1495=VECTOR('',#9425,1000.);
#1496=VECTOR('',#9426,1000.);
#1497=VECTOR('',#9429,1000.);
#1498=VECTOR('',#9430,1000.);
#1499=VECTOR('',#9431,1000.);
#1500=VECTOR('',#9434,1000.);
#1501=VECTOR('',#9435,1000.);
#1502=VECTOR('',#9436,1000.);
#1503=VECTOR('',#9439,1000.);
#1504=VECTOR('',#9440,1000.);
#1505=VECTOR('',#9509,1000.);
#1506=VECTOR('',#9556,1000.);
#1507=VECTOR('',#9565,1000.);
#1508=VECTOR('',#9572,1000.);
#1509=VECTOR('',#9577,1000.);
#1510=VECTOR('',#9590,1000.);
#1511=VECTOR('',#9597,1000.);
#1512=VECTOR('',#9598,1000.);
#1513=VECTOR('',#9599,1000.);
#1514=VECTOR('',#9600,1000.);
#1515=VECTOR('',#9607,1000.);
#1516=VECTOR('',#9610,1000.);
#1517=VECTOR('',#9613,1000.);
#1518=VECTOR('',#9624,1000.);
#1519=VECTOR('',#9625,1000.);
#1520=VECTOR('',#9628,1000.);
#1521=VECTOR('',#9631,1000.);
#1522=VECTOR('',#9636,1000.);
#1523=VECTOR('',#9637,1000.);
#1524=VECTOR('',#9640,1000.);
#1525=VECTOR('',#9643,1000.);
#1526=VECTOR('',#9648,1000.);
#1527=VECTOR('',#9649,1000.);
#1528=VECTOR('',#9652,1000.);
#1529=VECTOR('',#9655,1000.);
#1530=VECTOR('',#9660,1000.);
#1531=VECTOR('',#9661,1000.);
#1532=VECTOR('',#9664,1000.);
#1533=VECTOR('',#9667,1000.);
#1534=VECTOR('',#9672,1000.);
#1535=VECTOR('',#9673,1000.);
#1536=VECTOR('',#9676,1000.);
#1537=VECTOR('',#9679,1000.);
#1538=VECTOR('',#9684,1000.);
#1539=VECTOR('',#9685,1000.);
#1540=VECTOR('',#9688,1000.);
#1541=VECTOR('',#9691,1000.);
#1542=VECTOR('',#9696,1000.);
#1543=VECTOR('',#9697,1000.);
#1544=VECTOR('',#9700,1000.);
#1545=VECTOR('',#9703,1000.);
#1546=VECTOR('',#9708,1000.);
#1547=VECTOR('',#9709,1000.);
#1548=VECTOR('',#9712,1000.);
#1549=VECTOR('',#9713,1000.);
#1550=VECTOR('',#9718,1000.);
#1551=VECTOR('',#9727,1000.);
#1552=VECTOR('',#9728,1000.);
#1553=VECTOR('',#9729,1000.);
#1554=VECTOR('',#9738,1000.);
#1555=VECTOR('',#9739,1000.);
#1556=VECTOR('',#9750,1000.);
#1557=VECTOR('',#9751,1000.);
#1558=VECTOR('',#9762,1000.);
#1559=VECTOR('',#9763,1000.);
#1560=VECTOR('',#9774,1000.);
#1561=VECTOR('',#9775,1000.);
#1562=VECTOR('',#9786,1000.);
#1563=VECTOR('',#9787,1000.);
#1564=VECTOR('',#9798,1000.);
#1565=VECTOR('',#9799,1000.);
#1566=VECTOR('',#9810,1000.);
#1567=VECTOR('',#9811,1000.);
#1568=VECTOR('',#9822,1000.);
#1569=VECTOR('',#9823,1000.);
#1570=VECTOR('',#9838,1000.);
#1571=VECTOR('',#9841,1000.);
#1572=VECTOR('',#9842,1000.);
#1573=VECTOR('',#9845,1000.);
#1574=VECTOR('',#9846,1000.);
#1575=VECTOR('',#9851,1000.);
#1576=VECTOR('',#9854,1000.);
#1577=VECTOR('',#9857,1000.);
#1578=VECTOR('',#9860,1000.);
#1579=VECTOR('',#9863,1000.);
#1580=VECTOR('',#9870,1000.);
#1581=VECTOR('',#9873,1000.);
#1582=VECTOR('',#9876,1000.);
#1583=VECTOR('',#9879,1000.);
#1584=VECTOR('',#9882,1000.);
#1585=VECTOR('',#9885,1000.);
#1586=VECTOR('',#9898,1000.);
#1587=VECTOR('',#9907,1000.);
#1588=VECTOR('',#9912,1000.);
#1589=VECTOR('',#9917,1000.);
#1590=VECTOR('',#9922,1000.);
#1591=VECTOR('',#9923,1000.);
#1592=VECTOR('',#9924,1000.);
#1593=VECTOR('',#9925,1000.);
#1594=VECTOR('',#9926,1000.);
#1595=VECTOR('',#9927,1000.);
#1596=VECTOR('',#9930,1000.);
#1597=VECTOR('',#9931,1000.);
#1598=VECTOR('',#9932,1000.);
#1599=VECTOR('',#9935,1000.);
#1600=VECTOR('',#9936,1000.);
#1601=VECTOR('',#9939,1000.);
#1602=VECTOR('',#9940,1000.);
#1603=VECTOR('',#9943,1000.);
#1604=VECTOR('',#9944,1000.);
#1605=VECTOR('',#9945,1000.);
#1606=VECTOR('',#9948,1000.);
#1607=VECTOR('',#9951,1000.);
#1608=VECTOR('',#9954,1000.);
#1609=VECTOR('',#9955,1000.);
#1610=VECTOR('',#9956,1000.);
#1611=VECTOR('',#9957,1000.);
#1612=VECTOR('',#9960,1000.);
#1613=VECTOR('',#9961,1000.);
#1614=VECTOR('',#9962,1000.);
#1615=VECTOR('',#9965,1000.);
#1616=VECTOR('',#9966,1000.);
#1617=VECTOR('',#9967,1000.);
#1618=VECTOR('',#9976,1000.);
#1619=VECTOR('',#9981,1000.);
#1620=VECTOR('',#9982,1000.);
#1621=VECTOR('',#9987,1000.);
#1622=VECTOR('',#9988,1000.);
#1623=VECTOR('',#9993,1000.);
#1624=VECTOR('',#10000,1000.);
#1625=VECTOR('',#10003,1000.);
#1626=VECTOR('',#10010,1000.);
#1627=VECTOR('',#10025,1000.);
#1628=VECTOR('',#10072,1000.);
#1629=VECTOR('',#10073,1000.);
#1630=VECTOR('',#10076,1000.);
#1631=VECTOR('',#10077,1000.);
#1632=VECTOR('',#10080,1000.);
#1633=VECTOR('',#10081,1000.);
#1634=VECTOR('',#10084,1000.);
#1635=VECTOR('',#10085,1000.);
#1636=VECTOR('',#10088,1000.);
#1637=VECTOR('',#10089,1000.);
#1638=VECTOR('',#10092,1000.);
#1639=VECTOR('',#10093,1000.);
#1640=VECTOR('',#10096,1000.);
#1641=VECTOR('',#10097,1000.);
#1642=VECTOR('',#10098,1000.);
#1643=VECTOR('',#10099,1000.);
#1644=VECTOR('',#10100,1000.);
#1645=VECTOR('',#10101,1000.);
#1646=VECTOR('',#10106,1000.);
#1647=VECTOR('',#10107,1000.);
#1648=VECTOR('',#10110,1000.);
#1649=VECTOR('',#10113,1000.);
#1650=VECTOR('',#10116,1000.);
#1651=VECTOR('',#10119,1000.);
#1652=VECTOR('',#10130,1000.);
#1653=VECTOR('',#10131,1000.);
#1654=VECTOR('',#10132,1000.);
#1655=VECTOR('',#10133,1000.);
#1656=VECTOR('',#10142,1000.);
#1657=VECTOR('',#10143,1000.);
#1658=VECTOR('',#10144,1000.);
#1659=VECTOR('',#10145,1000.);
#1660=VECTOR('',#10154,1000.);
#1661=VECTOR('',#10155,1000.);
#1662=VECTOR('',#10156,1000.);
#1663=VECTOR('',#10157,1000.);
#1664=VECTOR('',#10158,1000.);
#1665=VECTOR('',#10159,1000.);
#1666=VECTOR('',#10160,1000.);
#1667=VECTOR('',#10161,1000.);
#1668=VECTOR('',#10162,1000.);
#1669=VECTOR('',#10165,1000.);
#1670=VECTOR('',#10166,1000.);
#1671=VECTOR('',#10167,1000.);
#1672=VECTOR('',#10168,1000.);
#1673=VECTOR('',#10179,1000.);
#1674=VECTOR('',#10182,1000.);
#1675=VECTOR('',#10189,1000.);
#1676=VECTOR('',#10192,1000.);
#1677=VECTOR('',#10197,1000.);
#1678=VECTOR('',#10198,1000.);
#1679=VECTOR('',#10199,1000.);
#1680=VECTOR('',#10202,1000.);
#1681=VECTOR('',#10213,1000.);
#1682=VECTOR('',#10218,1000.);
#1683=VECTOR('',#10241,1000.);
#1684=VECTOR('',#10246,1000.);
#1685=VECTOR('',#10247,1000.);
#1686=VECTOR('',#10250,1000.);
#1687=VECTOR('',#10251,1000.);
#1688=VECTOR('',#10252,1000.);
#1689=VECTOR('',#10255,1000.);
#1690=VECTOR('',#10260,1000.);
#1691=VECTOR('',#10289,1000.);
#1692=VECTOR('',#10290,1000.);
#1693=VECTOR('',#10291,1000.);
#1694=VECTOR('',#10298,1000.);
#1695=VECTOR('',#10299,1000.);
#1696=VECTOR('',#10310,1000.);
#1697=VECTOR('',#10321,1000.);
#1698=VECTOR('',#10324,1000.);
#1699=VECTOR('',#10331,1000.);
#1700=VECTOR('',#10332,1000.);
#1701=VECTOR('',#10333,1000.);
#1702=VECTOR('',#10334,1000.);
#1703=VECTOR('',#10337,1000.);
#1704=VECTOR('',#10338,1000.);
#1705=VECTOR('',#10339,1000.);
#1706=VECTOR('',#10340,1000.);
#1707=VECTOR('',#10343,1000.);
#1708=VECTOR('',#10344,1000.);
#1709=VECTOR('',#10345,1000.);
#1710=VECTOR('',#10346,1000.);
#1711=VECTOR('',#10349,1000.);
#1712=VECTOR('',#10350,1000.);
#1713=VECTOR('',#10351,1000.);
#1714=VECTOR('',#10352,1000.);
#1715=VECTOR('',#10355,1000.);
#1716=VECTOR('',#10358,1000.);
#1717=VECTOR('',#10361,1000.);
#1718=VECTOR('',#10364,1000.);
#1719=VECTOR('',#10377,1000.);
#1720=VECTOR('',#10380,1000.);
#1721=VECTOR('',#10383,1000.);
#1722=VECTOR('',#10386,1000.);
#1723=VECTOR('',#10439,1000.);
#1724=VECTOR('',#10440,1000.);
#1725=VECTOR('',#10443,1000.);
#1726=VECTOR('',#10446,1000.);
#1727=VECTOR('',#10449,1000.);
#1728=VECTOR('',#10452,1000.);
#1729=VECTOR('',#10455,1000.);
#1730=VECTOR('',#10458,1000.);
#1731=VECTOR('',#10463,1000.);
#1732=VECTOR('',#10464,1000.);
#1733=VECTOR('',#10467,1000.);
#1734=VECTOR('',#10470,1000.);
#1735=VECTOR('',#10473,1000.);
#1736=VECTOR('',#10476,1000.);
#1737=VECTOR('',#10479,1000.);
#1738=VECTOR('',#10482,1000.);
#1739=VECTOR('',#10497,1000.);
#1740=VECTOR('',#10498,1000.);
#1741=VECTOR('',#10499,1000.);
#1742=VECTOR('',#10500,1000.);
#1743=VECTOR('',#10503,1000.);
#1744=VECTOR('',#10504,1000.);
#1745=VECTOR('',#10505,1000.);
#1746=VECTOR('',#10506,1000.);
#1747=VECTOR('',#10507,1000.);
#1748=VECTOR('',#10510,1000.);
#1749=VECTOR('',#10511,1000.);
#1750=VECTOR('',#10512,1000.);
#1751=VECTOR('',#10515,1000.);
#1752=VECTOR('',#10516,1000.);
#1753=VECTOR('',#10517,1000.);
#1754=VECTOR('',#10518,1000.);
#1755=VECTOR('',#10521,1000.);
#1756=VECTOR('',#10522,1000.);
#1757=VECTOR('',#10523,1000.);
#1758=VECTOR('',#10526,1000.);
#1759=VECTOR('',#10527,1000.);
#1760=VECTOR('',#10528,1000.);
#1761=VECTOR('',#10529,1000.);
#1762=VECTOR('',#10532,1000.);
#1763=VECTOR('',#10533,1000.);
#1764=VECTOR('',#10534,1000.);
#1765=VECTOR('',#10535,1000.);
#1766=VECTOR('',#10538,1000.);
#1767=VECTOR('',#10541,1000.);
#1768=VECTOR('',#10542,1000.);
#1769=VECTOR('',#10543,1000.);
#1770=VECTOR('',#10546,1000.);
#1771=VECTOR('',#10547,1000.);
#1772=VECTOR('',#10550,1000.);
#1773=VECTOR('',#10551,1000.);
#1774=VECTOR('',#10552,1000.);
#1775=VECTOR('',#10553,1000.);
#1776=VECTOR('',#10554,1000.);
#1777=VECTOR('',#10555,1000.);
#1778=VECTOR('',#10556,1000.);
#1779=VECTOR('',#10557,1000.);
#1780=VECTOR('',#10560,1000.);
#1781=VECTOR('',#10563,1000.);
#1782=VECTOR('',#10564,1000.);
#1783=VECTOR('',#10565,1000.);
#1784=VECTOR('',#10568,1000.);
#1785=VECTOR('',#10569,1000.);
#1786=VECTOR('',#10572,1000.);
#1787=VECTOR('',#10573,1000.);
#1788=VECTOR('',#10576,1000.);
#1789=VECTOR('',#10579,1000.);
#1790=VECTOR('',#10580,1000.);
#1791=VECTOR('',#10581,1000.);
#1792=VECTOR('',#10584,1000.);
#1793=VECTOR('',#10585,1000.);
#1794=VECTOR('',#10588,1000.);
#1795=VECTOR('',#10589,1000.);
#1796=VECTOR('',#10592,1000.);
#1797=VECTOR('',#10603,1000.);
#1798=VECTOR('',#10604,1000.);
#1799=VECTOR('',#10605,1000.);
#1800=VECTOR('',#10606,1000.);
#1801=VECTOR('',#10609,1000.);
#1802=VECTOR('',#10610,1000.);
#1803=VECTOR('',#10611,1000.);
#1804=VECTOR('',#10614,1000.);
#1805=VECTOR('',#10615,1000.);
#1806=VECTOR('',#10616,1000.);
#1807=VECTOR('',#10619,1000.);
#1808=VECTOR('',#10620,1000.);
#1809=ORIENTED_EDGE('',*,*,#3971,.T.);
#1810=ORIENTED_EDGE('',*,*,#3972,.T.);
#1811=ORIENTED_EDGE('',*,*,#3973,.F.);
#1812=ORIENTED_EDGE('',*,*,#3974,.T.);
#1813=ORIENTED_EDGE('',*,*,#3975,.F.);
#1814=ORIENTED_EDGE('',*,*,#3976,.T.);
#1815=ORIENTED_EDGE('',*,*,#3977,.F.);
#1816=ORIENTED_EDGE('',*,*,#3978,.T.);
#1817=ORIENTED_EDGE('',*,*,#3979,.T.);
#1818=ORIENTED_EDGE('',*,*,#3980,.T.);
#1819=ORIENTED_EDGE('',*,*,#3981,.F.);
#1820=ORIENTED_EDGE('',*,*,#3982,.T.);
#1821=ORIENTED_EDGE('',*,*,#3983,.T.);
#1822=ORIENTED_EDGE('',*,*,#3984,.T.);
#1823=ORIENTED_EDGE('',*,*,#3985,.T.);
#1824=ORIENTED_EDGE('',*,*,#3986,.T.);
#1825=ORIENTED_EDGE('',*,*,#3987,.T.);
#1826=ORIENTED_EDGE('',*,*,#3988,.T.);
#1827=ORIENTED_EDGE('',*,*,#3989,.T.);
#1828=ORIENTED_EDGE('',*,*,#3990,.T.);
#1829=ORIENTED_EDGE('',*,*,#3991,.T.);
#1830=ORIENTED_EDGE('',*,*,#3992,.T.);
#1831=ORIENTED_EDGE('',*,*,#3993,.T.);
#1832=ORIENTED_EDGE('',*,*,#3994,.T.);
#1833=ORIENTED_EDGE('',*,*,#3995,.T.);
#1834=ORIENTED_EDGE('',*,*,#3996,.T.);
#1835=ORIENTED_EDGE('',*,*,#3997,.T.);
#1836=ORIENTED_EDGE('',*,*,#3998,.T.);
#1837=ORIENTED_EDGE('',*,*,#3999,.T.);
#1838=ORIENTED_EDGE('',*,*,#4000,.T.);
#1839=ORIENTED_EDGE('',*,*,#4001,.F.);
#1840=ORIENTED_EDGE('',*,*,#4002,.T.);
#1841=ORIENTED_EDGE('',*,*,#4003,.T.);
#1842=ORIENTED_EDGE('',*,*,#4004,.T.);
#1843=ORIENTED_EDGE('',*,*,#4005,.F.);
#1844=ORIENTED_EDGE('',*,*,#4006,.F.);
#1845=ORIENTED_EDGE('',*,*,#4007,.T.);
#1846=ORIENTED_EDGE('',*,*,#4008,.T.);
#1847=ORIENTED_EDGE('',*,*,#4009,.T.);
#1848=ORIENTED_EDGE('',*,*,#4010,.T.);
#1849=ORIENTED_EDGE('',*,*,#4011,.T.);
#1850=ORIENTED_EDGE('',*,*,#4012,.T.);
#1851=ORIENTED_EDGE('',*,*,#4013,.T.);
#1852=ORIENTED_EDGE('',*,*,#4014,.T.);
#1853=ORIENTED_EDGE('',*,*,#4015,.T.);
#1854=ORIENTED_EDGE('',*,*,#4016,.T.);
#1855=ORIENTED_EDGE('',*,*,#4017,.T.);
#1856=ORIENTED_EDGE('',*,*,#4018,.T.);
#1857=ORIENTED_EDGE('',*,*,#4019,.T.);
#1858=ORIENTED_EDGE('',*,*,#4020,.T.);
#1859=ORIENTED_EDGE('',*,*,#4021,.T.);
#1860=ORIENTED_EDGE('',*,*,#4022,.T.);
#1861=ORIENTED_EDGE('',*,*,#4023,.T.);
#1862=ORIENTED_EDGE('',*,*,#4024,.T.);
#1863=ORIENTED_EDGE('',*,*,#4025,.T.);
#1864=ORIENTED_EDGE('',*,*,#4026,.T.);
#1865=ORIENTED_EDGE('',*,*,#4027,.T.);
#1866=ORIENTED_EDGE('',*,*,#4028,.T.);
#1867=ORIENTED_EDGE('',*,*,#4029,.T.);
#1868=ORIENTED_EDGE('',*,*,#4030,.T.);
#1869=ORIENTED_EDGE('',*,*,#4031,.F.);
#1870=ORIENTED_EDGE('',*,*,#4032,.T.);
#1871=ORIENTED_EDGE('',*,*,#4033,.T.);
#1872=ORIENTED_EDGE('',*,*,#4034,.T.);
#1873=ORIENTED_EDGE('',*,*,#4035,.T.);
#1874=ORIENTED_EDGE('',*,*,#4036,.T.);
#1875=ORIENTED_EDGE('',*,*,#4037,.T.);
#1876=ORIENTED_EDGE('',*,*,#4038,.T.);
#1877=ORIENTED_EDGE('',*,*,#4039,.T.);
#1878=ORIENTED_EDGE('',*,*,#4040,.T.);
#1879=ORIENTED_EDGE('',*,*,#4041,.T.);
#1880=ORIENTED_EDGE('',*,*,#4042,.T.);
#1881=ORIENTED_EDGE('',*,*,#4043,.T.);
#1882=ORIENTED_EDGE('',*,*,#4044,.T.);
#1883=ORIENTED_EDGE('',*,*,#4045,.T.);
#1884=ORIENTED_EDGE('',*,*,#4046,.T.);
#1885=ORIENTED_EDGE('',*,*,#4047,.T.);
#1886=ORIENTED_EDGE('',*,*,#4048,.T.);
#1887=ORIENTED_EDGE('',*,*,#4049,.T.);
#1888=ORIENTED_EDGE('',*,*,#4050,.T.);
#1889=ORIENTED_EDGE('',*,*,#4051,.T.);
#1890=ORIENTED_EDGE('',*,*,#4052,.T.);
#1891=ORIENTED_EDGE('',*,*,#4053,.T.);
#1892=ORIENTED_EDGE('',*,*,#4054,.T.);
#1893=ORIENTED_EDGE('',*,*,#4055,.T.);
#1894=ORIENTED_EDGE('',*,*,#3975,.T.);
#1895=ORIENTED_EDGE('',*,*,#4056,.T.);
#1896=ORIENTED_EDGE('',*,*,#4057,.T.);
#1897=ORIENTED_EDGE('',*,*,#4058,.T.);
#1898=ORIENTED_EDGE('',*,*,#4059,.T.);
#1899=ORIENTED_EDGE('',*,*,#4060,.T.);
#1900=ORIENTED_EDGE('',*,*,#4061,.T.);
#1901=ORIENTED_EDGE('',*,*,#4062,.T.);
#1902=ORIENTED_EDGE('',*,*,#4063,.T.);
#1903=ORIENTED_EDGE('',*,*,#4064,.T.);
#1904=ORIENTED_EDGE('',*,*,#4065,.T.);
#1905=ORIENTED_EDGE('',*,*,#4066,.T.);
#1906=ORIENTED_EDGE('',*,*,#4067,.T.);
#1907=ORIENTED_EDGE('',*,*,#4068,.T.);
#1908=ORIENTED_EDGE('',*,*,#4069,.F.);
#1909=ORIENTED_EDGE('',*,*,#4070,.F.);
#1910=ORIENTED_EDGE('',*,*,#4071,.T.);
#1911=ORIENTED_EDGE('',*,*,#4072,.T.);
#1912=ORIENTED_EDGE('',*,*,#4073,.T.);
#1913=ORIENTED_EDGE('',*,*,#4074,.F.);
#1914=ORIENTED_EDGE('',*,*,#4075,.T.);
#1915=ORIENTED_EDGE('',*,*,#4076,.T.);
#1916=ORIENTED_EDGE('',*,*,#4077,.T.);
#1917=ORIENTED_EDGE('',*,*,#4078,.F.);
#1918=ORIENTED_EDGE('',*,*,#4079,.T.);
#1919=ORIENTED_EDGE('',*,*,#4080,.T.);
#1920=ORIENTED_EDGE('',*,*,#4081,.F.);
#1921=ORIENTED_EDGE('',*,*,#4082,.F.);
#1922=ORIENTED_EDGE('',*,*,#4083,.T.);
#1923=ORIENTED_EDGE('',*,*,#4084,.T.);
#1924=ORIENTED_EDGE('',*,*,#4085,.T.);
#1925=ORIENTED_EDGE('',*,*,#4086,.F.);
#1926=ORIENTED_EDGE('',*,*,#4087,.T.);
#1927=ORIENTED_EDGE('',*,*,#4088,.T.);
#1928=ORIENTED_EDGE('',*,*,#4089,.T.);
#1929=ORIENTED_EDGE('',*,*,#4090,.F.);
#1930=ORIENTED_EDGE('',*,*,#4091,.T.);
#1931=ORIENTED_EDGE('',*,*,#4092,.T.);
#1932=ORIENTED_EDGE('',*,*,#4093,.T.);
#1933=ORIENTED_EDGE('',*,*,#4094,.T.);
#1934=ORIENTED_EDGE('',*,*,#4095,.T.);
#1935=ORIENTED_EDGE('',*,*,#4096,.T.);
#1936=ORIENTED_EDGE('',*,*,#4097,.T.);
#1937=ORIENTED_EDGE('',*,*,#4098,.F.);
#1938=ORIENTED_EDGE('',*,*,#4099,.T.);
#1939=ORIENTED_EDGE('',*,*,#4100,.T.);
#1940=ORIENTED_EDGE('',*,*,#4101,.T.);
#1941=ORIENTED_EDGE('',*,*,#4102,.T.);
#1942=ORIENTED_EDGE('',*,*,#4103,.T.);
#1943=ORIENTED_EDGE('',*,*,#4065,.F.);
#1944=ORIENTED_EDGE('',*,*,#4104,.F.);
#1945=ORIENTED_EDGE('',*,*,#4105,.T.);
#1946=ORIENTED_EDGE('',*,*,#4106,.F.);
#1947=ORIENTED_EDGE('',*,*,#4107,.T.);
#1948=ORIENTED_EDGE('',*,*,#4108,.F.);
#1949=ORIENTED_EDGE('',*,*,#4109,.F.);
#1950=ORIENTED_EDGE('',*,*,#4110,.T.);
#1951=ORIENTED_EDGE('',*,*,#4111,.T.);
#1952=ORIENTED_EDGE('',*,*,#4112,.T.);
#1953=ORIENTED_EDGE('',*,*,#4113,.T.);
#1954=ORIENTED_EDGE('',*,*,#4114,.T.);
#1955=ORIENTED_EDGE('',*,*,#4115,.F.);
#1956=ORIENTED_EDGE('',*,*,#4110,.F.);
#1957=ORIENTED_EDGE('',*,*,#4116,.T.);
#1958=ORIENTED_EDGE('',*,*,#4117,.T.);
#1959=ORIENTED_EDGE('',*,*,#4118,.F.);
#1960=ORIENTED_EDGE('',*,*,#4119,.F.);
#1961=ORIENTED_EDGE('',*,*,#4120,.T.);
#1962=ORIENTED_EDGE('',*,*,#4121,.T.);
#1963=ORIENTED_EDGE('',*,*,#4122,.F.);
#1964=ORIENTED_EDGE('',*,*,#4123,.F.);
#1965=ORIENTED_EDGE('',*,*,#4108,.T.);
#1966=ORIENTED_EDGE('',*,*,#3985,.F.);
#1967=ORIENTED_EDGE('',*,*,#4124,.F.);
#1968=ORIENTED_EDGE('',*,*,#4125,.F.);
#1969=ORIENTED_EDGE('',*,*,#4126,.F.);
#1970=ORIENTED_EDGE('',*,*,#4127,.F.);
#1971=ORIENTED_EDGE('',*,*,#4126,.T.);
#1972=ORIENTED_EDGE('',*,*,#4128,.T.);
#1973=ORIENTED_EDGE('',*,*,#4124,.T.);
#1974=ORIENTED_EDGE('',*,*,#4129,.T.);
#1975=ORIENTED_EDGE('',*,*,#4130,.F.);
#1976=ORIENTED_EDGE('',*,*,#4131,.F.);
#1977=ORIENTED_EDGE('',*,*,#4132,.F.);
#1978=ORIENTED_EDGE('',*,*,#4133,.F.);
#1979=ORIENTED_EDGE('',*,*,#4125,.T.);
#1980=ORIENTED_EDGE('',*,*,#4134,.F.);
#1981=ORIENTED_EDGE('',*,*,#4135,.T.);
#1982=ORIENTED_EDGE('',*,*,#4136,.T.);
#1983=ORIENTED_EDGE('',*,*,#4137,.T.);
#1984=ORIENTED_EDGE('',*,*,#4138,.F.);
#1985=ORIENTED_EDGE('',*,*,#4139,.F.);
#1986=ORIENTED_EDGE('',*,*,#4140,.T.);
#1987=ORIENTED_EDGE('',*,*,#4141,.F.);
#1988=ORIENTED_EDGE('',*,*,#4142,.T.);
#1989=ORIENTED_EDGE('',*,*,#4139,.T.);
#1990=ORIENTED_EDGE('',*,*,#4134,.T.);
#1991=ORIENTED_EDGE('',*,*,#4143,.T.);
#1992=ORIENTED_EDGE('',*,*,#4144,.T.);
#1993=ORIENTED_EDGE('',*,*,#4145,.T.);
#1994=ORIENTED_EDGE('',*,*,#4146,.F.);
#1995=ORIENTED_EDGE('',*,*,#4147,.T.);
#1996=ORIENTED_EDGE('',*,*,#4148,.T.);
#1997=ORIENTED_EDGE('',*,*,#4149,.T.);
#1998=ORIENTED_EDGE('',*,*,#4150,.T.);
#1999=ORIENTED_EDGE('',*,*,#4151,.T.);
#2000=ORIENTED_EDGE('',*,*,#4152,.T.);
#2001=ORIENTED_EDGE('',*,*,#4127,.T.);
#2002=ORIENTED_EDGE('',*,*,#4153,.T.);
#2003=ORIENTED_EDGE('',*,*,#4154,.T.);
#2004=ORIENTED_EDGE('',*,*,#4146,.T.);
#2005=ORIENTED_EDGE('',*,*,#4155,.T.);
#2006=ORIENTED_EDGE('',*,*,#4150,.F.);
#2007=ORIENTED_EDGE('',*,*,#4156,.F.);
#2008=ORIENTED_EDGE('',*,*,#4157,.T.);
#2009=ORIENTED_EDGE('',*,*,#4158,.T.);
#2010=ORIENTED_EDGE('',*,*,#4128,.F.);
#2011=ORIENTED_EDGE('',*,*,#4159,.T.);
#2012=ORIENTED_EDGE('',*,*,#4129,.F.);
#2013=ORIENTED_EDGE('',*,*,#4160,.T.);
#2014=ORIENTED_EDGE('',*,*,#4161,.T.);
#2015=ORIENTED_EDGE('',*,*,#4157,.F.);
#2016=ORIENTED_EDGE('',*,*,#4162,.T.);
#2017=ORIENTED_EDGE('',*,*,#4025,.F.);
#2018=ORIENTED_EDGE('',*,*,#4163,.T.);
#2019=ORIENTED_EDGE('',*,*,#4164,.T.);
#2020=ORIENTED_EDGE('',*,*,#4165,.T.);
#2021=ORIENTED_EDGE('',*,*,#4166,.T.);
#2022=ORIENTED_EDGE('',*,*,#4167,.T.);
#2023=ORIENTED_EDGE('',*,*,#4137,.F.);
#2024=ORIENTED_EDGE('',*,*,#4168,.T.);
#2025=ORIENTED_EDGE('',*,*,#4169,.T.);
#2026=ORIENTED_EDGE('',*,*,#4016,.F.);
#2027=ORIENTED_EDGE('',*,*,#4170,.T.);
#2028=ORIENTED_EDGE('',*,*,#4130,.T.);
#2029=ORIENTED_EDGE('',*,*,#4171,.F.);
#2030=ORIENTED_EDGE('',*,*,#4131,.T.);
#2031=ORIENTED_EDGE('',*,*,#4172,.F.);
#2032=ORIENTED_EDGE('',*,*,#4132,.T.);
#2033=ORIENTED_EDGE('',*,*,#4173,.F.);
#2034=ORIENTED_EDGE('',*,*,#4133,.T.);
#2035=ORIENTED_EDGE('',*,*,#4174,.F.);
#2036=ORIENTED_EDGE('',*,*,#4175,.T.);
#2037=ORIENTED_EDGE('',*,*,#4176,.T.);
#2038=ORIENTED_EDGE('',*,*,#4177,.T.);
#2039=ORIENTED_EDGE('',*,*,#4178,.F.);
#2040=ORIENTED_EDGE('',*,*,#4111,.F.);
#2041=ORIENTED_EDGE('',*,*,#4115,.T.);
#2042=ORIENTED_EDGE('',*,*,#4179,.T.);
#2043=ORIENTED_EDGE('',*,*,#3979,.F.);
#2044=ORIENTED_EDGE('',*,*,#4180,.T.);
#2045=ORIENTED_EDGE('',*,*,#4181,.T.);
#2046=ORIENTED_EDGE('',*,*,#4182,.F.);
#2047=ORIENTED_EDGE('',*,*,#4183,.T.);
#2048=ORIENTED_EDGE('',*,*,#4120,.F.);
#2049=ORIENTED_EDGE('',*,*,#4184,.F.);
#2050=ORIENTED_EDGE('',*,*,#4185,.T.);
#2051=ORIENTED_EDGE('',*,*,#4186,.F.);
#2052=ORIENTED_EDGE('',*,*,#4187,.T.);
#2053=ORIENTED_EDGE('',*,*,#4188,.T.);
#2054=ORIENTED_EDGE('',*,*,#4189,.T.);
#2055=ORIENTED_EDGE('',*,*,#4190,.T.);
#2056=ORIENTED_EDGE('',*,*,#4191,.T.);
#2057=ORIENTED_EDGE('',*,*,#4192,.T.);
#2058=ORIENTED_EDGE('',*,*,#4193,.T.);
#2059=ORIENTED_EDGE('',*,*,#4194,.T.);
#2060=ORIENTED_EDGE('',*,*,#4195,.T.);
#2061=ORIENTED_EDGE('',*,*,#4196,.T.);
#2062=ORIENTED_EDGE('',*,*,#4156,.T.);
#2063=ORIENTED_EDGE('',*,*,#4152,.F.);
#2064=ORIENTED_EDGE('',*,*,#4197,.T.);
#2065=ORIENTED_EDGE('',*,*,#4148,.F.);
#2066=ORIENTED_EDGE('',*,*,#4198,.T.);
#2067=ORIENTED_EDGE('',*,*,#4186,.T.);
#2068=ORIENTED_EDGE('',*,*,#4199,.T.);
#2069=ORIENTED_EDGE('',*,*,#4200,.T.);
#2070=ORIENTED_EDGE('',*,*,#4201,.F.);
#2071=ORIENTED_EDGE('',*,*,#4177,.F.);
#2072=ORIENTED_EDGE('',*,*,#4202,.T.);
#2073=ORIENTED_EDGE('',*,*,#4144,.F.);
#2074=ORIENTED_EDGE('',*,*,#4203,.T.);
#2075=ORIENTED_EDGE('',*,*,#4141,.T.);
#2076=ORIENTED_EDGE('',*,*,#4138,.T.);
#2077=ORIENTED_EDGE('',*,*,#4204,.T.);
#2078=ORIENTED_EDGE('',*,*,#4119,.T.);
#2079=ORIENTED_EDGE('',*,*,#4205,.T.);
#2080=ORIENTED_EDGE('',*,*,#4206,.T.);
#2081=ORIENTED_EDGE('',*,*,#4184,.T.);
#2082=ORIENTED_EDGE('',*,*,#4207,.F.);
#2083=ORIENTED_EDGE('',*,*,#4158,.F.);
#2084=ORIENTED_EDGE('',*,*,#4208,.F.);
#2085=ORIENTED_EDGE('',*,*,#4159,.F.);
#2086=ORIENTED_EDGE('',*,*,#4209,.T.);
#2087=ORIENTED_EDGE('',*,*,#4210,.F.);
#2088=ORIENTED_EDGE('',*,*,#4211,.F.);
#2089=ORIENTED_EDGE('',*,*,#4212,.T.);
#2090=ORIENTED_EDGE('',*,*,#4160,.F.);
#2091=ORIENTED_EDGE('',*,*,#4034,.F.);
#2092=ORIENTED_EDGE('',*,*,#4213,.F.);
#2093=ORIENTED_EDGE('',*,*,#4214,.T.);
#2094=ORIENTED_EDGE('',*,*,#4182,.T.);
#2095=ORIENTED_EDGE('',*,*,#4215,.T.);
#2096=ORIENTED_EDGE('',*,*,#4211,.T.);
#2097=ORIENTED_EDGE('',*,*,#4216,.T.);
#2098=ORIENTED_EDGE('',*,*,#3983,.F.);
#2099=ORIENTED_EDGE('',*,*,#4217,.F.);
#2100=ORIENTED_EDGE('',*,*,#4218,.T.);
#2101=ORIENTED_EDGE('',*,*,#4017,.F.);
#2102=ORIENTED_EDGE('',*,*,#4169,.F.);
#2103=ORIENTED_EDGE('',*,*,#4219,.T.);
#2104=ORIENTED_EDGE('',*,*,#3977,.T.);
#2105=ORIENTED_EDGE('',*,*,#4220,.T.);
#2106=ORIENTED_EDGE('',*,*,#4221,.T.);
#2107=ORIENTED_EDGE('',*,*,#4222,.T.);
#2108=ORIENTED_EDGE('',*,*,#4171,.T.);
#2109=ORIENTED_EDGE('',*,*,#4223,.T.);
#2110=ORIENTED_EDGE('',*,*,#4224,.T.);
#2111=ORIENTED_EDGE('',*,*,#4221,.F.);
#2112=ORIENTED_EDGE('',*,*,#4225,.T.);
#2113=ORIENTED_EDGE('',*,*,#4090,.T.);
#2114=ORIENTED_EDGE('',*,*,#4226,.T.);
#2115=ORIENTED_EDGE('',*,*,#4082,.T.);
#2116=ORIENTED_EDGE('',*,*,#4227,.T.);
#2117=ORIENTED_EDGE('',*,*,#4081,.T.);
#2118=ORIENTED_EDGE('',*,*,#4228,.T.);
#2119=ORIENTED_EDGE('',*,*,#4091,.F.);
#2120=ORIENTED_EDGE('',*,*,#4227,.F.);
#2121=ORIENTED_EDGE('',*,*,#4078,.T.);
#2122=ORIENTED_EDGE('',*,*,#4229,.T.);
#2123=ORIENTED_EDGE('',*,*,#4070,.T.);
#2124=ORIENTED_EDGE('',*,*,#4230,.T.);
#2125=ORIENTED_EDGE('',*,*,#4069,.T.);
#2126=ORIENTED_EDGE('',*,*,#4231,.T.);
#2127=ORIENTED_EDGE('',*,*,#4079,.F.);
#2128=ORIENTED_EDGE('',*,*,#4230,.F.);
#2129=ORIENTED_EDGE('',*,*,#4232,.T.);
#2130=ORIENTED_EDGE('',*,*,#4233,.T.);
#2131=ORIENTED_EDGE('',*,*,#4223,.F.);
#2132=ORIENTED_EDGE('',*,*,#4234,.T.);
#2133=ORIENTED_EDGE('',*,*,#4235,.T.);
#2134=ORIENTED_EDGE('',*,*,#4236,.T.);
#2135=ORIENTED_EDGE('',*,*,#4237,.T.);
#2136=ORIENTED_EDGE('',*,*,#4238,.T.);
#2137=ORIENTED_EDGE('',*,*,#4173,.T.);
#2138=ORIENTED_EDGE('',*,*,#4172,.T.);
#2139=ORIENTED_EDGE('',*,*,#4239,.T.);
#2140=ORIENTED_EDGE('',*,*,#4240,.T.);
#2141=ORIENTED_EDGE('',*,*,#4232,.F.);
#2142=ORIENTED_EDGE('',*,*,#4241,.T.);
#2143=ORIENTED_EDGE('',*,*,#4102,.F.);
#2144=ORIENTED_EDGE('',*,*,#4242,.T.);
#2145=ORIENTED_EDGE('',*,*,#4239,.F.);
#2146=ORIENTED_EDGE('',*,*,#4243,.T.);
#2147=ORIENTED_EDGE('',*,*,#4174,.T.);
#2148=ORIENTED_EDGE('',*,*,#4244,.T.);
#2149=ORIENTED_EDGE('',*,*,#4245,.T.);
#2150=ORIENTED_EDGE('',*,*,#4246,.T.);
#2151=ORIENTED_EDGE('',*,*,#4200,.F.);
#2152=ORIENTED_EDGE('',*,*,#4246,.F.);
#2153=ORIENTED_EDGE('',*,*,#4247,.T.);
#2154=ORIENTED_EDGE('',*,*,#4248,.F.);
#2155=ORIENTED_EDGE('',*,*,#4112,.F.);
#2156=ORIENTED_EDGE('',*,*,#4178,.T.);
#2157=ORIENTED_EDGE('',*,*,#4201,.T.);
#2158=ORIENTED_EDGE('',*,*,#4249,.T.);
#2159=ORIENTED_EDGE('',*,*,#4250,.T.);
#2160=ORIENTED_EDGE('',*,*,#4244,.F.);
#2161=ORIENTED_EDGE('',*,*,#4199,.F.);
#2162=ORIENTED_EDGE('',*,*,#4185,.F.);
#2163=ORIENTED_EDGE('',*,*,#4206,.F.);
#2164=ORIENTED_EDGE('',*,*,#4251,.T.);
#2165=ORIENTED_EDGE('',*,*,#4207,.T.);
#2166=ORIENTED_EDGE('',*,*,#4252,.T.);
#2167=ORIENTED_EDGE('',*,*,#4208,.T.);
#2168=ORIENTED_EDGE('',*,*,#3988,.F.);
#2169=ORIENTED_EDGE('',*,*,#4251,.F.);
#2170=ORIENTED_EDGE('',*,*,#3987,.F.);
#2171=ORIENTED_EDGE('',*,*,#4252,.F.);
#2172=ORIENTED_EDGE('',*,*,#4106,.T.);
#2173=ORIENTED_EDGE('',*,*,#3986,.F.);
#2174=ORIENTED_EDGE('',*,*,#4118,.T.);
#2175=ORIENTED_EDGE('',*,*,#4253,.T.);
#2176=ORIENTED_EDGE('',*,*,#4249,.F.);
#2177=ORIENTED_EDGE('',*,*,#4205,.F.);
#2178=ORIENTED_EDGE('',*,*,#4248,.T.);
#2179=ORIENTED_EDGE('',*,*,#4254,.T.);
#2180=ORIENTED_EDGE('',*,*,#4116,.F.);
#2181=ORIENTED_EDGE('',*,*,#4109,.T.);
#2182=ORIENTED_EDGE('',*,*,#4225,.F.);
#2183=ORIENTED_EDGE('',*,*,#4255,.T.);
#2184=ORIENTED_EDGE('',*,*,#4054,.F.);
#2185=ORIENTED_EDGE('',*,*,#4256,.F.);
#2186=ORIENTED_EDGE('',*,*,#4256,.T.);
#2187=ORIENTED_EDGE('',*,*,#4092,.F.);
#2188=ORIENTED_EDGE('',*,*,#4257,.F.);
#2189=ORIENTED_EDGE('',*,*,#4234,.F.);
#2190=ORIENTED_EDGE('',*,*,#4257,.T.);
#2191=ORIENTED_EDGE('',*,*,#4228,.F.);
#2192=ORIENTED_EDGE('',*,*,#4258,.F.);
#2193=ORIENTED_EDGE('',*,*,#4235,.F.);
#2194=ORIENTED_EDGE('',*,*,#4258,.T.);
#2195=ORIENTED_EDGE('',*,*,#4080,.F.);
#2196=ORIENTED_EDGE('',*,*,#4259,.F.);
#2197=ORIENTED_EDGE('',*,*,#4236,.F.);
#2198=ORIENTED_EDGE('',*,*,#4259,.T.);
#2199=ORIENTED_EDGE('',*,*,#4231,.F.);
#2200=ORIENTED_EDGE('',*,*,#4260,.F.);
#2201=ORIENTED_EDGE('',*,*,#4237,.F.);
#2202=ORIENTED_EDGE('',*,*,#4260,.T.);
#2203=ORIENTED_EDGE('',*,*,#4068,.F.);
#2204=ORIENTED_EDGE('',*,*,#4261,.F.);
#2205=ORIENTED_EDGE('',*,*,#4238,.F.);
#2206=ORIENTED_EDGE('',*,*,#4261,.T.);
#2207=ORIENTED_EDGE('',*,*,#4067,.F.);
#2208=ORIENTED_EDGE('',*,*,#4262,.T.);
#2209=ORIENTED_EDGE('',*,*,#4241,.F.);
#2210=ORIENTED_EDGE('',*,*,#4240,.F.);
#2211=ORIENTED_EDGE('',*,*,#4263,.T.);
#2212=ORIENTED_EDGE('',*,*,#4192,.F.);
#2213=ORIENTED_EDGE('',*,*,#4264,.F.);
#2214=ORIENTED_EDGE('',*,*,#4264,.T.);
#2215=ORIENTED_EDGE('',*,*,#4191,.F.);
#2216=ORIENTED_EDGE('',*,*,#4265,.F.);
#2217=ORIENTED_EDGE('',*,*,#4233,.F.);
#2218=ORIENTED_EDGE('',*,*,#4265,.T.);
#2219=ORIENTED_EDGE('',*,*,#4190,.F.);
#2220=ORIENTED_EDGE('',*,*,#4266,.T.);
#2221=ORIENTED_EDGE('',*,*,#4224,.F.);
#2222=ORIENTED_EDGE('',*,*,#4074,.T.);
#2223=ORIENTED_EDGE('',*,*,#4267,.T.);
#2224=ORIENTED_EDGE('',*,*,#4076,.F.);
#2225=ORIENTED_EDGE('',*,*,#4268,.T.);
#2226=ORIENTED_EDGE('',*,*,#4072,.F.);
#2227=ORIENTED_EDGE('',*,*,#4269,.T.);
#2228=ORIENTED_EDGE('',*,*,#4086,.T.);
#2229=ORIENTED_EDGE('',*,*,#4270,.T.);
#2230=ORIENTED_EDGE('',*,*,#4088,.F.);
#2231=ORIENTED_EDGE('',*,*,#4271,.T.);
#2232=ORIENTED_EDGE('',*,*,#4084,.F.);
#2233=ORIENTED_EDGE('',*,*,#4272,.T.);
#2234=ORIENTED_EDGE('',*,*,#4077,.F.);
#2235=ORIENTED_EDGE('',*,*,#4269,.F.);
#2236=ORIENTED_EDGE('',*,*,#4071,.F.);
#2237=ORIENTED_EDGE('',*,*,#4229,.F.);
#2238=ORIENTED_EDGE('',*,*,#4089,.F.);
#2239=ORIENTED_EDGE('',*,*,#4272,.F.);
#2240=ORIENTED_EDGE('',*,*,#4083,.F.);
#2241=ORIENTED_EDGE('',*,*,#4226,.F.);
#2242=ORIENTED_EDGE('',*,*,#4085,.F.);
#2243=ORIENTED_EDGE('',*,*,#4271,.F.);
#2244=ORIENTED_EDGE('',*,*,#4087,.F.);
#2245=ORIENTED_EDGE('',*,*,#4270,.F.);
#2246=ORIENTED_EDGE('',*,*,#4073,.F.);
#2247=ORIENTED_EDGE('',*,*,#4268,.F.);
#2248=ORIENTED_EDGE('',*,*,#4075,.F.);
#2249=ORIENTED_EDGE('',*,*,#4267,.F.);
#2250=ORIENTED_EDGE('',*,*,#4273,.F.);
#2251=ORIENTED_EDGE('',*,*,#4274,.T.);
#2252=ORIENTED_EDGE('',*,*,#4273,.T.);
#2253=ORIENTED_EDGE('',*,*,#4275,.F.);
#2254=ORIENTED_EDGE('',*,*,#4276,.T.);
#2255=ORIENTED_EDGE('',*,*,#4275,.T.);
#2256=ORIENTED_EDGE('',*,*,#4276,.F.);
#2257=ORIENTED_EDGE('',*,*,#4105,.F.);
#2258=ORIENTED_EDGE('',*,*,#4274,.F.);
#2259=ORIENTED_EDGE('',*,*,#4107,.F.);
#2260=ORIENTED_EDGE('',*,*,#4048,.F.);
#2261=ORIENTED_EDGE('',*,*,#4277,.T.);
#2262=ORIENTED_EDGE('',*,*,#4117,.F.);
#2263=ORIENTED_EDGE('',*,*,#4278,.T.);
#2264=ORIENTED_EDGE('',*,*,#4050,.F.);
#2265=ORIENTED_EDGE('',*,*,#4279,.T.);
#2266=ORIENTED_EDGE('',*,*,#4247,.F.);
#2267=ORIENTED_EDGE('',*,*,#4280,.F.);
#2268=ORIENTED_EDGE('',*,*,#4280,.T.);
#2269=ORIENTED_EDGE('',*,*,#4245,.F.);
#2270=ORIENTED_EDGE('',*,*,#4281,.F.);
#2271=ORIENTED_EDGE('',*,*,#4051,.F.);
#2272=ORIENTED_EDGE('',*,*,#4281,.T.);
#2273=ORIENTED_EDGE('',*,*,#4250,.F.);
#2274=ORIENTED_EDGE('',*,*,#4282,.T.);
#2275=ORIENTED_EDGE('',*,*,#4052,.F.);
#2276=ORIENTED_EDGE('',*,*,#4282,.F.);
#2277=ORIENTED_EDGE('',*,*,#4253,.F.);
#2278=ORIENTED_EDGE('',*,*,#4277,.F.);
#2279=ORIENTED_EDGE('',*,*,#4053,.F.);
#2280=ORIENTED_EDGE('',*,*,#4279,.F.);
#2281=ORIENTED_EDGE('',*,*,#4049,.F.);
#2282=ORIENTED_EDGE('',*,*,#4278,.F.);
#2283=ORIENTED_EDGE('',*,*,#4254,.F.);
#2284=ORIENTED_EDGE('',*,*,#4136,.F.);
#2285=ORIENTED_EDGE('',*,*,#4283,.T.);
#2286=ORIENTED_EDGE('',*,*,#3984,.F.);
#2287=ORIENTED_EDGE('',*,*,#4219,.F.);
#2288=ORIENTED_EDGE('',*,*,#4168,.F.);
#2289=ORIENTED_EDGE('',*,*,#4215,.F.);
#2290=ORIENTED_EDGE('',*,*,#4284,.T.);
#2291=ORIENTED_EDGE('',*,*,#4153,.F.);
#2292=ORIENTED_EDGE('',*,*,#4161,.F.);
#2293=ORIENTED_EDGE('',*,*,#4212,.F.);
#2294=ORIENTED_EDGE('',*,*,#4155,.F.);
#2295=ORIENTED_EDGE('',*,*,#4149,.F.);
#2296=ORIENTED_EDGE('',*,*,#4197,.F.);
#2297=ORIENTED_EDGE('',*,*,#4151,.F.);
#2298=ORIENTED_EDGE('',*,*,#4198,.F.);
#2299=ORIENTED_EDGE('',*,*,#4147,.F.);
#2300=ORIENTED_EDGE('',*,*,#4285,.F.);
#2301=ORIENTED_EDGE('',*,*,#4180,.F.);
#2302=ORIENTED_EDGE('',*,*,#4284,.F.);
#2303=ORIENTED_EDGE('',*,*,#4181,.F.);
#2304=ORIENTED_EDGE('',*,*,#4285,.T.);
#2305=ORIENTED_EDGE('',*,*,#4154,.F.);
#2306=ORIENTED_EDGE('',*,*,#4283,.F.);
#2307=ORIENTED_EDGE('',*,*,#4135,.F.);
#2308=ORIENTED_EDGE('',*,*,#4286,.F.);
#2309=ORIENTED_EDGE('',*,*,#4175,.F.);
#2310=ORIENTED_EDGE('',*,*,#4202,.F.);
#2311=ORIENTED_EDGE('',*,*,#4176,.F.);
#2312=ORIENTED_EDGE('',*,*,#4286,.T.);
#2313=ORIENTED_EDGE('',*,*,#4145,.F.);
#2314=ORIENTED_EDGE('',*,*,#4203,.F.);
#2315=ORIENTED_EDGE('',*,*,#4143,.F.);
#2316=ORIENTED_EDGE('',*,*,#4140,.F.);
#2317=ORIENTED_EDGE('',*,*,#4142,.F.);
#2318=ORIENTED_EDGE('',*,*,#4287,.F.);
#2319=ORIENTED_EDGE('',*,*,#4288,.T.);
#2320=ORIENTED_EDGE('',*,*,#4056,.F.);
#2321=ORIENTED_EDGE('',*,*,#3974,.F.);
#2322=ORIENTED_EDGE('',*,*,#4289,.T.);
#2323=ORIENTED_EDGE('',*,*,#4290,.T.);
#2324=ORIENTED_EDGE('',*,*,#4057,.F.);
#2325=ORIENTED_EDGE('',*,*,#4288,.F.);
#2326=ORIENTED_EDGE('',*,*,#4291,.F.);
#2327=ORIENTED_EDGE('',*,*,#4292,.T.);
#2328=ORIENTED_EDGE('',*,*,#4293,.T.);
#2329=ORIENTED_EDGE('',*,*,#4294,.T.);
#2330=ORIENTED_EDGE('',*,*,#4295,.T.);
#2331=ORIENTED_EDGE('',*,*,#4296,.T.);
#2332=ORIENTED_EDGE('',*,*,#4063,.F.);
#2333=ORIENTED_EDGE('',*,*,#4297,.T.);
#2334=ORIENTED_EDGE('',*,*,#4298,.T.);
#2335=ORIENTED_EDGE('',*,*,#4299,.F.);
#2336=ORIENTED_EDGE('',*,*,#4300,.T.);
#2337=ORIENTED_EDGE('',*,*,#4301,.F.);
#2338=ORIENTED_EDGE('',*,*,#4104,.T.);
#2339=ORIENTED_EDGE('',*,*,#4064,.F.);
#2340=ORIENTED_EDGE('',*,*,#4300,.F.);
#2341=ORIENTED_EDGE('',*,*,#4302,.T.);
#2342=ORIENTED_EDGE('',*,*,#4303,.T.);
#2343=ORIENTED_EDGE('',*,*,#4304,.T.);
#2344=ORIENTED_EDGE('',*,*,#4291,.T.);
#2345=ORIENTED_EDGE('',*,*,#4305,.T.);
#2346=ORIENTED_EDGE('',*,*,#4306,.T.);
#2347=ORIENTED_EDGE('',*,*,#4302,.F.);
#2348=ORIENTED_EDGE('',*,*,#4287,.T.);
#2349=ORIENTED_EDGE('',*,*,#4307,.T.);
#2350=ORIENTED_EDGE('',*,*,#4308,.T.);
#2351=ORIENTED_EDGE('',*,*,#4309,.T.);
#2352=ORIENTED_EDGE('',*,*,#4299,.T.);
#2353=ORIENTED_EDGE('',*,*,#4309,.F.);
#2354=ORIENTED_EDGE('',*,*,#4310,.T.);
#2355=ORIENTED_EDGE('',*,*,#4311,.F.);
#2356=ORIENTED_EDGE('',*,*,#4301,.T.);
#2357=ORIENTED_EDGE('',*,*,#4045,.F.);
#2358=ORIENTED_EDGE('',*,*,#4312,.T.);
#2359=ORIENTED_EDGE('',*,*,#4061,.F.);
#2360=ORIENTED_EDGE('',*,*,#4313,.T.);
#2361=ORIENTED_EDGE('',*,*,#4059,.F.);
#2362=ORIENTED_EDGE('',*,*,#4314,.T.);
#2363=ORIENTED_EDGE('',*,*,#4292,.F.);
#2364=ORIENTED_EDGE('',*,*,#4315,.T.);
#2365=ORIENTED_EDGE('',*,*,#4031,.T.);
#2366=ORIENTED_EDGE('',*,*,#4316,.T.);
#2367=ORIENTED_EDGE('',*,*,#4040,.F.);
#2368=ORIENTED_EDGE('',*,*,#4317,.T.);
#2369=ORIENTED_EDGE('',*,*,#3993,.F.);
#2370=ORIENTED_EDGE('',*,*,#4318,.T.);
#2371=ORIENTED_EDGE('',*,*,#3992,.F.);
#2372=ORIENTED_EDGE('',*,*,#4319,.T.);
#2373=ORIENTED_EDGE('',*,*,#4032,.F.);
#2374=ORIENTED_EDGE('',*,*,#4318,.F.);
#2375=ORIENTED_EDGE('',*,*,#4013,.F.);
#2376=ORIENTED_EDGE('',*,*,#4320,.T.);
#2377=ORIENTED_EDGE('',*,*,#4020,.F.);
#2378=ORIENTED_EDGE('',*,*,#4321,.T.);
#2379=ORIENTED_EDGE('',*,*,#4001,.T.);
#2380=ORIENTED_EDGE('',*,*,#4322,.T.);
#2381=ORIENTED_EDGE('',*,*,#4019,.F.);
#2382=ORIENTED_EDGE('',*,*,#4323,.T.);
#2383=ORIENTED_EDGE('',*,*,#4002,.F.);
#2384=ORIENTED_EDGE('',*,*,#4321,.F.);
#2385=ORIENTED_EDGE('',*,*,#4038,.F.);
#2386=ORIENTED_EDGE('',*,*,#4324,.T.);
#2387=ORIENTED_EDGE('',*,*,#4325,.T.);
#2388=ORIENTED_EDGE('',*,*,#4047,.F.);
#2389=ORIENTED_EDGE('',*,*,#4326,.T.);
#2390=ORIENTED_EDGE('',*,*,#4327,.T.);
#2391=ORIENTED_EDGE('',*,*,#4328,.T.);
#2392=ORIENTED_EDGE('',*,*,#4329,.T.);
#2393=ORIENTED_EDGE('',*,*,#4007,.F.);
#2394=ORIENTED_EDGE('',*,*,#4330,.T.);
#2395=ORIENTED_EDGE('',*,*,#4331,.T.);
#2396=ORIENTED_EDGE('',*,*,#4295,.F.);
#2397=ORIENTED_EDGE('',*,*,#4218,.F.);
#2398=ORIENTED_EDGE('',*,*,#4003,.F.);
#2399=ORIENTED_EDGE('',*,*,#4323,.F.);
#2400=ORIENTED_EDGE('',*,*,#4018,.F.);
#2401=ORIENTED_EDGE('',*,*,#4209,.F.);
#2402=ORIENTED_EDGE('',*,*,#4033,.F.);
#2403=ORIENTED_EDGE('',*,*,#4319,.F.);
#2404=ORIENTED_EDGE('',*,*,#3991,.F.);
#2405=ORIENTED_EDGE('',*,*,#4317,.F.);
#2406=ORIENTED_EDGE('',*,*,#4039,.F.);
#2407=ORIENTED_EDGE('',*,*,#4327,.F.);
#2408=ORIENTED_EDGE('',*,*,#3994,.F.);
#2409=ORIENTED_EDGE('',*,*,#4330,.F.);
#2410=ORIENTED_EDGE('',*,*,#4014,.F.);
#2411=ORIENTED_EDGE('',*,*,#4322,.F.);
#2412=ORIENTED_EDGE('',*,*,#4000,.F.);
#2413=ORIENTED_EDGE('',*,*,#4331,.F.);
#2414=ORIENTED_EDGE('',*,*,#3999,.F.);
#2415=ORIENTED_EDGE('',*,*,#4332,.F.);
#2416=ORIENTED_EDGE('',*,*,#4296,.F.);
#2417=ORIENTED_EDGE('',*,*,#4332,.T.);
#2418=ORIENTED_EDGE('',*,*,#3998,.F.);
#2419=ORIENTED_EDGE('',*,*,#4333,.F.);
#2420=ORIENTED_EDGE('',*,*,#4315,.F.);
#2421=ORIENTED_EDGE('',*,*,#4333,.T.);
#2422=ORIENTED_EDGE('',*,*,#3997,.F.);
#2423=ORIENTED_EDGE('',*,*,#4334,.F.);
#2424=ORIENTED_EDGE('',*,*,#4060,.F.);
#2425=ORIENTED_EDGE('',*,*,#4334,.T.);
#2426=ORIENTED_EDGE('',*,*,#3996,.F.);
#2427=ORIENTED_EDGE('',*,*,#4335,.F.);
#2428=ORIENTED_EDGE('',*,*,#4313,.F.);
#2429=ORIENTED_EDGE('',*,*,#4326,.F.);
#2430=ORIENTED_EDGE('',*,*,#4046,.F.);
#2431=ORIENTED_EDGE('',*,*,#4335,.T.);
#2432=ORIENTED_EDGE('',*,*,#3995,.F.);
#2433=ORIENTED_EDGE('',*,*,#4325,.F.);
#2434=ORIENTED_EDGE('',*,*,#4336,.T.);
#2435=ORIENTED_EDGE('',*,*,#4307,.F.);
#2436=ORIENTED_EDGE('',*,*,#4337,.F.);
#2437=ORIENTED_EDGE('',*,*,#4043,.F.);
#2438=ORIENTED_EDGE('',*,*,#4337,.T.);
#2439=ORIENTED_EDGE('',*,*,#4298,.F.);
#2440=ORIENTED_EDGE('',*,*,#4338,.F.);
#2441=ORIENTED_EDGE('',*,*,#4044,.F.);
#2442=ORIENTED_EDGE('',*,*,#4062,.F.);
#2443=ORIENTED_EDGE('',*,*,#4312,.F.);
#2444=ORIENTED_EDGE('',*,*,#4338,.T.);
#2445=ORIENTED_EDGE('',*,*,#4297,.F.);
#2446=ORIENTED_EDGE('',*,*,#4304,.F.);
#2447=ORIENTED_EDGE('',*,*,#4339,.T.);
#2448=ORIENTED_EDGE('',*,*,#4328,.F.);
#2449=ORIENTED_EDGE('',*,*,#4294,.F.);
#2450=ORIENTED_EDGE('',*,*,#4340,.F.);
#2451=ORIENTED_EDGE('',*,*,#4340,.T.);
#2452=ORIENTED_EDGE('',*,*,#4293,.F.);
#2453=ORIENTED_EDGE('',*,*,#4341,.F.);
#2454=ORIENTED_EDGE('',*,*,#4289,.F.);
#2455=ORIENTED_EDGE('',*,*,#4341,.T.);
#2456=ORIENTED_EDGE('',*,*,#4314,.F.);
#2457=ORIENTED_EDGE('',*,*,#4058,.F.);
#2458=ORIENTED_EDGE('',*,*,#4290,.F.);
#2459=ORIENTED_EDGE('',*,*,#4095,.F.);
#2460=ORIENTED_EDGE('',*,*,#4342,.T.);
#2461=ORIENTED_EDGE('',*,*,#4042,.F.);
#2462=ORIENTED_EDGE('',*,*,#4343,.T.);
#2463=ORIENTED_EDGE('',*,*,#4011,.F.);
#2464=ORIENTED_EDGE('',*,*,#4344,.T.);
#2465=ORIENTED_EDGE('',*,*,#4163,.F.);
#2466=ORIENTED_EDGE('',*,*,#4345,.T.);
#2467=ORIENTED_EDGE('',*,*,#4166,.F.);
#2468=ORIENTED_EDGE('',*,*,#4346,.T.);
#2469=ORIENTED_EDGE('',*,*,#4187,.F.);
#2470=ORIENTED_EDGE('',*,*,#4347,.T.);
#2471=ORIENTED_EDGE('',*,*,#4195,.F.);
#2472=ORIENTED_EDGE('',*,*,#4348,.T.);
#2473=ORIENTED_EDGE('',*,*,#4097,.F.);
#2474=ORIENTED_EDGE('',*,*,#4349,.T.);
#2475=ORIENTED_EDGE('',*,*,#4316,.F.);
#2476=ORIENTED_EDGE('',*,*,#4030,.F.);
#2477=ORIENTED_EDGE('',*,*,#4350,.F.);
#2478=ORIENTED_EDGE('',*,*,#4041,.F.);
#2479=ORIENTED_EDGE('',*,*,#4350,.T.);
#2480=ORIENTED_EDGE('',*,*,#4029,.F.);
#2481=ORIENTED_EDGE('',*,*,#4351,.F.);
#2482=ORIENTED_EDGE('',*,*,#4343,.F.);
#2483=ORIENTED_EDGE('',*,*,#4351,.T.);
#2484=ORIENTED_EDGE('',*,*,#4028,.F.);
#2485=ORIENTED_EDGE('',*,*,#4352,.F.);
#2486=ORIENTED_EDGE('',*,*,#4096,.F.);
#2487=ORIENTED_EDGE('',*,*,#4352,.T.);
#2488=ORIENTED_EDGE('',*,*,#4027,.F.);
#2489=ORIENTED_EDGE('',*,*,#4353,.F.);
#2490=ORIENTED_EDGE('',*,*,#4349,.F.);
#2491=ORIENTED_EDGE('',*,*,#4353,.T.);
#2492=ORIENTED_EDGE('',*,*,#4026,.F.);
#2493=ORIENTED_EDGE('',*,*,#4162,.F.);
#2494=ORIENTED_EDGE('',*,*,#4196,.F.);
#2495=ORIENTED_EDGE('',*,*,#4262,.F.);
#2496=ORIENTED_EDGE('',*,*,#4066,.F.);
#2497=ORIENTED_EDGE('',*,*,#4103,.F.);
#2498=ORIENTED_EDGE('',*,*,#4243,.F.);
#2499=ORIENTED_EDGE('',*,*,#4242,.F.);
#2500=ORIENTED_EDGE('',*,*,#4354,.T.);
#2501=ORIENTED_EDGE('',*,*,#4193,.F.);
#2502=ORIENTED_EDGE('',*,*,#4263,.F.);
#2503=ORIENTED_EDGE('',*,*,#4320,.F.);
#2504=ORIENTED_EDGE('',*,*,#4012,.F.);
#2505=ORIENTED_EDGE('',*,*,#4355,.F.);
#2506=ORIENTED_EDGE('',*,*,#4021,.F.);
#2507=ORIENTED_EDGE('',*,*,#4355,.T.);
#2508=ORIENTED_EDGE('',*,*,#4345,.F.);
#2509=ORIENTED_EDGE('',*,*,#4356,.F.);
#2510=ORIENTED_EDGE('',*,*,#4022,.F.);
#2511=ORIENTED_EDGE('',*,*,#4356,.T.);
#2512=ORIENTED_EDGE('',*,*,#4167,.F.);
#2513=ORIENTED_EDGE('',*,*,#4357,.F.);
#2514=ORIENTED_EDGE('',*,*,#4023,.F.);
#2515=ORIENTED_EDGE('',*,*,#4357,.T.);
#2516=ORIENTED_EDGE('',*,*,#4347,.F.);
#2517=ORIENTED_EDGE('',*,*,#4358,.F.);
#2518=ORIENTED_EDGE('',*,*,#4024,.F.);
#2519=ORIENTED_EDGE('',*,*,#4170,.F.);
#2520=ORIENTED_EDGE('',*,*,#4015,.F.);
#2521=ORIENTED_EDGE('',*,*,#4358,.T.);
#2522=ORIENTED_EDGE('',*,*,#4204,.F.);
#2523=ORIENTED_EDGE('',*,*,#4266,.F.);
#2524=ORIENTED_EDGE('',*,*,#4189,.F.);
#2525=ORIENTED_EDGE('',*,*,#4359,.T.);
#2526=ORIENTED_EDGE('',*,*,#4222,.F.);
#2527=ORIENTED_EDGE('',*,*,#4255,.F.);
#2528=ORIENTED_EDGE('',*,*,#4220,.F.);
#2529=ORIENTED_EDGE('',*,*,#3976,.F.);
#2530=ORIENTED_EDGE('',*,*,#4055,.F.);
#2531=ORIENTED_EDGE('',*,*,#3981,.T.);
#2532=ORIENTED_EDGE('',*,*,#4360,.T.);
#2533=ORIENTED_EDGE('',*,*,#4113,.F.);
#2534=ORIENTED_EDGE('',*,*,#4361,.F.);
#2535=ORIENTED_EDGE('',*,*,#4005,.T.);
#2536=ORIENTED_EDGE('',*,*,#4362,.T.);
#2537=ORIENTED_EDGE('',*,*,#4122,.T.);
#2538=ORIENTED_EDGE('',*,*,#4363,.T.);
#2539=ORIENTED_EDGE('',*,*,#4213,.T.);
#2540=ORIENTED_EDGE('',*,*,#4364,.T.);
#2541=ORIENTED_EDGE('',*,*,#3989,.F.);
#2542=ORIENTED_EDGE('',*,*,#4365,.F.);
#2543=ORIENTED_EDGE('',*,*,#4006,.T.);
#2544=ORIENTED_EDGE('',*,*,#4361,.T.);
#2545=ORIENTED_EDGE('',*,*,#4123,.T.);
#2546=ORIENTED_EDGE('',*,*,#4365,.T.);
#2547=ORIENTED_EDGE('',*,*,#4216,.F.);
#2548=ORIENTED_EDGE('',*,*,#4210,.T.);
#2549=ORIENTED_EDGE('',*,*,#3990,.F.);
#2550=ORIENTED_EDGE('',*,*,#4364,.F.);
#2551=ORIENTED_EDGE('',*,*,#4362,.F.);
#2552=ORIENTED_EDGE('',*,*,#4004,.F.);
#2553=ORIENTED_EDGE('',*,*,#4217,.T.);
#2554=ORIENTED_EDGE('',*,*,#3982,.F.);
#2555=ORIENTED_EDGE('',*,*,#4179,.F.);
#2556=ORIENTED_EDGE('',*,*,#4114,.F.);
#2557=ORIENTED_EDGE('',*,*,#4360,.F.);
#2558=ORIENTED_EDGE('',*,*,#3980,.F.);
#2559=ORIENTED_EDGE('',*,*,#4363,.F.);
#2560=ORIENTED_EDGE('',*,*,#4121,.F.);
#2561=ORIENTED_EDGE('',*,*,#4183,.F.);
#2562=ORIENTED_EDGE('',*,*,#4214,.F.);
#2563=ORIENTED_EDGE('',*,*,#4311,.T.);
#2564=ORIENTED_EDGE('',*,*,#4366,.T.);
#2565=ORIENTED_EDGE('',*,*,#4367,.T.);
#2566=ORIENTED_EDGE('',*,*,#4368,.T.);
#2567=ORIENTED_EDGE('',*,*,#4098,.T.);
#2568=ORIENTED_EDGE('',*,*,#4354,.F.);
#2569=ORIENTED_EDGE('',*,*,#4101,.F.);
#2570=ORIENTED_EDGE('',*,*,#4369,.F.);
#2571=ORIENTED_EDGE('',*,*,#4194,.F.);
#2572=ORIENTED_EDGE('',*,*,#4369,.T.);
#2573=ORIENTED_EDGE('',*,*,#4100,.F.);
#2574=ORIENTED_EDGE('',*,*,#4370,.F.);
#2575=ORIENTED_EDGE('',*,*,#4348,.F.);
#2576=ORIENTED_EDGE('',*,*,#4370,.T.);
#2577=ORIENTED_EDGE('',*,*,#4099,.F.);
#2578=ORIENTED_EDGE('',*,*,#4371,.F.);
#2579=ORIENTED_EDGE('',*,*,#4093,.F.);
#2580=ORIENTED_EDGE('',*,*,#4371,.T.);
#2581=ORIENTED_EDGE('',*,*,#4368,.F.);
#2582=ORIENTED_EDGE('',*,*,#4372,.F.);
#2583=ORIENTED_EDGE('',*,*,#4094,.F.);
#2584=ORIENTED_EDGE('',*,*,#4372,.T.);
#2585=ORIENTED_EDGE('',*,*,#4367,.F.);
#2586=ORIENTED_EDGE('',*,*,#4373,.F.);
#2587=ORIENTED_EDGE('',*,*,#4342,.F.);
#2588=ORIENTED_EDGE('',*,*,#4366,.F.);
#2589=ORIENTED_EDGE('',*,*,#4374,.T.);
#2590=ORIENTED_EDGE('',*,*,#4035,.F.);
#2591=ORIENTED_EDGE('',*,*,#4373,.T.);
#2592=ORIENTED_EDGE('',*,*,#4375,.T.);
#2593=ORIENTED_EDGE('',*,*,#4376,.T.);
#2594=ORIENTED_EDGE('',*,*,#4305,.F.);
#2595=ORIENTED_EDGE('',*,*,#3973,.T.);
#2596=ORIENTED_EDGE('',*,*,#4377,.T.);
#2597=ORIENTED_EDGE('',*,*,#4359,.F.);
#2598=ORIENTED_EDGE('',*,*,#4188,.F.);
#2599=ORIENTED_EDGE('',*,*,#4378,.F.);
#2600=ORIENTED_EDGE('',*,*,#3978,.F.);
#2601=ORIENTED_EDGE('',*,*,#4378,.T.);
#2602=ORIENTED_EDGE('',*,*,#4346,.F.);
#2603=ORIENTED_EDGE('',*,*,#4379,.F.);
#2604=ORIENTED_EDGE('',*,*,#3971,.F.);
#2605=ORIENTED_EDGE('',*,*,#4379,.T.);
#2606=ORIENTED_EDGE('',*,*,#4165,.F.);
#2607=ORIENTED_EDGE('',*,*,#4380,.F.);
#2608=ORIENTED_EDGE('',*,*,#3972,.F.);
#2609=ORIENTED_EDGE('',*,*,#4380,.T.);
#2610=ORIENTED_EDGE('',*,*,#4164,.F.);
#2611=ORIENTED_EDGE('',*,*,#4381,.F.);
#2612=ORIENTED_EDGE('',*,*,#4377,.F.);
#2613=ORIENTED_EDGE('',*,*,#4381,.T.);
#2614=ORIENTED_EDGE('',*,*,#4344,.F.);
#2615=ORIENTED_EDGE('',*,*,#4382,.F.);
#2616=ORIENTED_EDGE('',*,*,#4375,.F.);
#2617=ORIENTED_EDGE('',*,*,#4382,.T.);
#2618=ORIENTED_EDGE('',*,*,#4010,.F.);
#2619=ORIENTED_EDGE('',*,*,#4383,.T.);
#2620=ORIENTED_EDGE('',*,*,#4376,.F.);
#2621=ORIENTED_EDGE('',*,*,#4324,.F.);
#2622=ORIENTED_EDGE('',*,*,#4037,.F.);
#2623=ORIENTED_EDGE('',*,*,#4384,.F.);
#2624=ORIENTED_EDGE('',*,*,#4308,.F.);
#2625=ORIENTED_EDGE('',*,*,#4336,.F.);
#2626=ORIENTED_EDGE('',*,*,#4384,.T.);
#2627=ORIENTED_EDGE('',*,*,#4036,.F.);
#2628=ORIENTED_EDGE('',*,*,#4374,.F.);
#2629=ORIENTED_EDGE('',*,*,#4310,.F.);
#2630=ORIENTED_EDGE('',*,*,#4383,.F.);
#2631=ORIENTED_EDGE('',*,*,#4009,.F.);
#2632=ORIENTED_EDGE('',*,*,#4385,.F.);
#2633=ORIENTED_EDGE('',*,*,#4306,.F.);
#2634=ORIENTED_EDGE('',*,*,#4385,.T.);
#2635=ORIENTED_EDGE('',*,*,#4008,.F.);
#2636=ORIENTED_EDGE('',*,*,#4329,.F.);
#2637=ORIENTED_EDGE('',*,*,#4339,.F.);
#2638=ORIENTED_EDGE('',*,*,#4303,.F.);
#2639=ORIENTED_EDGE('',*,*,#4386,.T.);
#2640=ORIENTED_EDGE('',*,*,#4387,.F.);
#2641=ORIENTED_EDGE('',*,*,#4388,.F.);
#2642=ORIENTED_EDGE('',*,*,#4389,.T.);
#2643=ORIENTED_EDGE('',*,*,#4390,.T.);
#2644=ORIENTED_EDGE('',*,*,#4391,.F.);
#2645=ORIENTED_EDGE('',*,*,#4392,.F.);
#2646=ORIENTED_EDGE('',*,*,#4387,.T.);
#2647=ORIENTED_EDGE('',*,*,#4393,.T.);
#2648=ORIENTED_EDGE('',*,*,#4394,.F.);
#2649=ORIENTED_EDGE('',*,*,#4395,.F.);
#2650=ORIENTED_EDGE('',*,*,#4391,.T.);
#2651=ORIENTED_EDGE('',*,*,#4396,.T.);
#2652=ORIENTED_EDGE('',*,*,#4389,.F.);
#2653=ORIENTED_EDGE('',*,*,#4397,.F.);
#2654=ORIENTED_EDGE('',*,*,#4394,.T.);
#2655=ORIENTED_EDGE('',*,*,#4388,.T.);
#2656=ORIENTED_EDGE('',*,*,#4392,.T.);
#2657=ORIENTED_EDGE('',*,*,#4395,.T.);
#2658=ORIENTED_EDGE('',*,*,#4397,.T.);
#2659=ORIENTED_EDGE('',*,*,#4386,.F.);
#2660=ORIENTED_EDGE('',*,*,#4396,.F.);
#2661=ORIENTED_EDGE('',*,*,#4393,.F.);
#2662=ORIENTED_EDGE('',*,*,#4390,.F.);
#2663=ORIENTED_EDGE('',*,*,#4398,.T.);
#2664=ORIENTED_EDGE('',*,*,#4399,.T.);
#2665=ORIENTED_EDGE('',*,*,#4400,.T.);
#2666=ORIENTED_EDGE('',*,*,#4401,.T.);
#2667=ORIENTED_EDGE('',*,*,#4402,.T.);
#2668=ORIENTED_EDGE('',*,*,#4403,.T.);
#2669=ORIENTED_EDGE('',*,*,#4401,.F.);
#2670=ORIENTED_EDGE('',*,*,#4399,.F.);
#2671=ORIENTED_EDGE('',*,*,#4398,.F.);
#2672=ORIENTED_EDGE('',*,*,#4403,.F.);
#2673=ORIENTED_EDGE('',*,*,#4404,.T.);
#2674=ORIENTED_EDGE('',*,*,#4402,.F.);
#2675=ORIENTED_EDGE('',*,*,#4404,.F.);
#2676=ORIENTED_EDGE('',*,*,#4400,.F.);
#2677=ORIENTED_EDGE('',*,*,#4405,.F.);
#2678=ORIENTED_EDGE('',*,*,#4406,.F.);
#2679=ORIENTED_EDGE('',*,*,#4407,.F.);
#2680=ORIENTED_EDGE('',*,*,#4408,.F.);
#2681=ORIENTED_EDGE('',*,*,#4409,.F.);
#2682=ORIENTED_EDGE('',*,*,#4410,.F.);
#2683=ORIENTED_EDGE('',*,*,#4411,.F.);
#2684=ORIENTED_EDGE('',*,*,#4412,.F.);
#2685=ORIENTED_EDGE('',*,*,#4413,.F.);
#2686=ORIENTED_EDGE('',*,*,#4414,.F.);
#2687=ORIENTED_EDGE('',*,*,#4415,.F.);
#2688=ORIENTED_EDGE('',*,*,#4416,.T.);
#2689=ORIENTED_EDGE('',*,*,#4417,.T.);
#2690=ORIENTED_EDGE('',*,*,#4418,.T.);
#2691=ORIENTED_EDGE('',*,*,#4419,.T.);
#2692=ORIENTED_EDGE('',*,*,#4420,.T.);
#2693=ORIENTED_EDGE('',*,*,#4421,.T.);
#2694=ORIENTED_EDGE('',*,*,#4422,.T.);
#2695=ORIENTED_EDGE('',*,*,#4423,.T.);
#2696=ORIENTED_EDGE('',*,*,#4424,.T.);
#2697=ORIENTED_EDGE('',*,*,#4425,.T.);
#2698=ORIENTED_EDGE('',*,*,#4426,.T.);
#2699=ORIENTED_EDGE('',*,*,#4427,.T.);
#2700=ORIENTED_EDGE('',*,*,#4416,.F.);
#2701=ORIENTED_EDGE('',*,*,#4428,.F.);
#2702=ORIENTED_EDGE('',*,*,#4429,.F.);
#2703=ORIENTED_EDGE('',*,*,#4430,.F.);
#2704=ORIENTED_EDGE('',*,*,#4431,.F.);
#2705=ORIENTED_EDGE('',*,*,#4432,.F.);
#2706=ORIENTED_EDGE('',*,*,#4433,.F.);
#2707=ORIENTED_EDGE('',*,*,#4434,.F.);
#2708=ORIENTED_EDGE('',*,*,#4435,.F.);
#2709=ORIENTED_EDGE('',*,*,#4436,.F.);
#2710=ORIENTED_EDGE('',*,*,#4437,.F.);
#2711=ORIENTED_EDGE('',*,*,#4438,.F.);
#2712=ORIENTED_EDGE('',*,*,#4439,.T.);
#2713=ORIENTED_EDGE('',*,*,#4440,.T.);
#2714=ORIENTED_EDGE('',*,*,#4439,.F.);
#2715=ORIENTED_EDGE('',*,*,#4440,.F.);
#2716=ORIENTED_EDGE('',*,*,#4441,.T.);
#2717=ORIENTED_EDGE('',*,*,#4441,.F.);
#2718=ORIENTED_EDGE('',*,*,#4442,.T.);
#2719=ORIENTED_EDGE('',*,*,#4443,.F.);
#2720=ORIENTED_EDGE('',*,*,#4444,.F.);
#2721=ORIENTED_EDGE('',*,*,#4442,.F.);
#2722=ORIENTED_EDGE('',*,*,#4444,.T.);
#2723=ORIENTED_EDGE('',*,*,#4445,.T.);
#2724=ORIENTED_EDGE('',*,*,#4446,.T.);
#2725=ORIENTED_EDGE('',*,*,#4445,.F.);
#2726=ORIENTED_EDGE('',*,*,#4443,.T.);
#2727=ORIENTED_EDGE('',*,*,#4447,.F.);
#2728=ORIENTED_EDGE('',*,*,#4448,.T.);
#2729=ORIENTED_EDGE('',*,*,#4449,.T.);
#2730=ORIENTED_EDGE('',*,*,#4450,.T.);
#2731=ORIENTED_EDGE('',*,*,#4451,.T.);
#2732=ORIENTED_EDGE('',*,*,#4452,.T.);
#2733=ORIENTED_EDGE('',*,*,#4453,.T.);
#2734=ORIENTED_EDGE('',*,*,#4454,.T.);
#2735=ORIENTED_EDGE('',*,*,#4455,.T.);
#2736=ORIENTED_EDGE('',*,*,#4456,.T.);
#2737=ORIENTED_EDGE('',*,*,#4457,.T.);
#2738=ORIENTED_EDGE('',*,*,#4458,.T.);
#2739=ORIENTED_EDGE('',*,*,#4459,.T.);
#2740=ORIENTED_EDGE('',*,*,#4460,.T.);
#2741=ORIENTED_EDGE('',*,*,#4461,.T.);
#2742=ORIENTED_EDGE('',*,*,#4462,.T.);
#2743=ORIENTED_EDGE('',*,*,#4463,.T.);
#2744=ORIENTED_EDGE('',*,*,#4464,.T.);
#2745=ORIENTED_EDGE('',*,*,#4465,.F.);
#2746=ORIENTED_EDGE('',*,*,#4466,.F.);
#2747=ORIENTED_EDGE('',*,*,#4467,.F.);
#2748=ORIENTED_EDGE('',*,*,#4468,.F.);
#2749=ORIENTED_EDGE('',*,*,#4469,.F.);
#2750=ORIENTED_EDGE('',*,*,#4470,.F.);
#2751=ORIENTED_EDGE('',*,*,#4471,.F.);
#2752=ORIENTED_EDGE('',*,*,#4472,.F.);
#2753=ORIENTED_EDGE('',*,*,#4473,.F.);
#2754=ORIENTED_EDGE('',*,*,#4474,.F.);
#2755=ORIENTED_EDGE('',*,*,#4475,.F.);
#2756=ORIENTED_EDGE('',*,*,#4476,.F.);
#2757=ORIENTED_EDGE('',*,*,#4477,.F.);
#2758=ORIENTED_EDGE('',*,*,#4478,.F.);
#2759=ORIENTED_EDGE('',*,*,#4479,.F.);
#2760=ORIENTED_EDGE('',*,*,#4480,.F.);
#2761=ORIENTED_EDGE('',*,*,#4481,.F.);
#2762=ORIENTED_EDGE('',*,*,#4482,.F.);
#2763=ORIENTED_EDGE('',*,*,#4483,.F.);
#2764=ORIENTED_EDGE('',*,*,#4484,.T.);
#2765=ORIENTED_EDGE('',*,*,#4485,.T.);
#2766=ORIENTED_EDGE('',*,*,#4484,.F.);
#2767=ORIENTED_EDGE('',*,*,#4486,.F.);
#2768=ORIENTED_EDGE('',*,*,#4487,.T.);
#2769=ORIENTED_EDGE('',*,*,#4465,.T.);
#2770=ORIENTED_EDGE('',*,*,#4488,.T.);
#2771=ORIENTED_EDGE('',*,*,#4489,.F.);
#2772=ORIENTED_EDGE('',*,*,#4446,.F.);
#2773=ORIENTED_EDGE('',*,*,#4490,.F.);
#2774=ORIENTED_EDGE('',*,*,#4491,.F.);
#2775=ORIENTED_EDGE('',*,*,#4492,.F.);
#2776=ORIENTED_EDGE('',*,*,#4493,.F.);
#2777=ORIENTED_EDGE('',*,*,#4494,.F.);
#2778=ORIENTED_EDGE('',*,*,#4495,.F.);
#2779=ORIENTED_EDGE('',*,*,#4496,.F.);
#2780=ORIENTED_EDGE('',*,*,#4497,.F.);
#2781=ORIENTED_EDGE('',*,*,#4498,.F.);
#2782=ORIENTED_EDGE('',*,*,#4499,.F.);
#2783=ORIENTED_EDGE('',*,*,#4500,.F.);
#2784=ORIENTED_EDGE('',*,*,#4501,.F.);
#2785=ORIENTED_EDGE('',*,*,#4502,.F.);
#2786=ORIENTED_EDGE('',*,*,#4503,.F.);
#2787=ORIENTED_EDGE('',*,*,#4504,.F.);
#2788=ORIENTED_EDGE('',*,*,#4486,.T.);
#2789=ORIENTED_EDGE('',*,*,#4483,.T.);
#2790=ORIENTED_EDGE('',*,*,#4505,.F.);
#2791=ORIENTED_EDGE('',*,*,#4506,.F.);
#2792=ORIENTED_EDGE('',*,*,#4507,.F.);
#2793=ORIENTED_EDGE('',*,*,#4508,.F.);
#2794=ORIENTED_EDGE('',*,*,#4509,.F.);
#2795=ORIENTED_EDGE('',*,*,#4510,.F.);
#2796=ORIENTED_EDGE('',*,*,#4511,.F.);
#2797=ORIENTED_EDGE('',*,*,#4512,.F.);
#2798=ORIENTED_EDGE('',*,*,#4513,.F.);
#2799=ORIENTED_EDGE('',*,*,#4514,.F.);
#2800=ORIENTED_EDGE('',*,*,#4515,.F.);
#2801=ORIENTED_EDGE('',*,*,#4516,.F.);
#2802=ORIENTED_EDGE('',*,*,#4517,.F.);
#2803=ORIENTED_EDGE('',*,*,#4518,.F.);
#2804=ORIENTED_EDGE('',*,*,#4519,.F.);
#2805=ORIENTED_EDGE('',*,*,#4520,.F.);
#2806=ORIENTED_EDGE('',*,*,#4521,.F.);
#2807=ORIENTED_EDGE('',*,*,#4482,.T.);
#2808=ORIENTED_EDGE('',*,*,#4522,.T.);
#2809=ORIENTED_EDGE('',*,*,#4489,.T.);
#2810=ORIENTED_EDGE('',*,*,#4522,.F.);
#2811=ORIENTED_EDGE('',*,*,#4481,.T.);
#2812=ORIENTED_EDGE('',*,*,#4523,.T.);
#2813=ORIENTED_EDGE('',*,*,#4524,.T.);
#2814=ORIENTED_EDGE('',*,*,#4490,.T.);
#2815=ORIENTED_EDGE('',*,*,#4525,.T.);
#2816=ORIENTED_EDGE('',*,*,#4447,.T.);
#2817=ORIENTED_EDGE('',*,*,#4526,.F.);
#2818=ORIENTED_EDGE('',*,*,#4527,.F.);
#2819=ORIENTED_EDGE('',*,*,#4528,.F.);
#2820=ORIENTED_EDGE('',*,*,#4529,.F.);
#2821=ORIENTED_EDGE('',*,*,#4530,.F.);
#2822=ORIENTED_EDGE('',*,*,#4529,.T.);
#2823=ORIENTED_EDGE('',*,*,#4531,.F.);
#2824=ORIENTED_EDGE('',*,*,#4532,.F.);
#2825=ORIENTED_EDGE('',*,*,#4533,.T.);
#2826=ORIENTED_EDGE('',*,*,#4432,.T.);
#2827=ORIENTED_EDGE('',*,*,#4534,.T.);
#2828=ORIENTED_EDGE('',*,*,#4535,.F.);
#2829=ORIENTED_EDGE('',*,*,#4536,.F.);
#2830=ORIENTED_EDGE('',*,*,#4537,.F.);
#2831=ORIENTED_EDGE('',*,*,#4538,.F.);
#2832=ORIENTED_EDGE('',*,*,#4405,.T.);
#2833=ORIENTED_EDGE('',*,*,#4415,.T.);
#2834=ORIENTED_EDGE('',*,*,#4539,.F.);
#2835=ORIENTED_EDGE('',*,*,#4540,.F.);
#2836=ORIENTED_EDGE('',*,*,#4531,.T.);
#2837=ORIENTED_EDGE('',*,*,#4406,.T.);
#2838=ORIENTED_EDGE('',*,*,#4541,.T.);
#2839=ORIENTED_EDGE('',*,*,#4542,.F.);
#2840=ORIENTED_EDGE('',*,*,#4543,.T.);
#2841=ORIENTED_EDGE('',*,*,#4537,.T.);
#2842=ORIENTED_EDGE('',*,*,#4544,.T.);
#2843=ORIENTED_EDGE('',*,*,#4545,.F.);
#2844=ORIENTED_EDGE('',*,*,#4532,.T.);
#2845=ORIENTED_EDGE('',*,*,#4540,.T.);
#2846=ORIENTED_EDGE('',*,*,#4546,.T.);
#2847=ORIENTED_EDGE('',*,*,#4544,.F.);
#2848=ORIENTED_EDGE('',*,*,#4539,.T.);
#2849=ORIENTED_EDGE('',*,*,#4547,.F.);
#2850=ORIENTED_EDGE('',*,*,#4548,.T.);
#2851=ORIENTED_EDGE('',*,*,#4547,.T.);
#2852=ORIENTED_EDGE('',*,*,#4538,.T.);
#2853=ORIENTED_EDGE('',*,*,#4543,.F.);
#2854=ORIENTED_EDGE('',*,*,#4549,.F.);
#2855=ORIENTED_EDGE('',*,*,#4550,.F.);
#2856=ORIENTED_EDGE('',*,*,#4551,.F.);
#2857=ORIENTED_EDGE('',*,*,#4414,.T.);
#2858=ORIENTED_EDGE('',*,*,#4552,.T.);
#2859=ORIENTED_EDGE('',*,*,#4553,.F.);
#2860=ORIENTED_EDGE('',*,*,#4554,.T.);
#2861=ORIENTED_EDGE('',*,*,#4550,.T.);
#2862=ORIENTED_EDGE('',*,*,#4555,.T.);
#2863=ORIENTED_EDGE('',*,*,#4541,.F.);
#2864=ORIENTED_EDGE('',*,*,#4536,.T.);
#2865=ORIENTED_EDGE('',*,*,#4556,.F.);
#2866=ORIENTED_EDGE('',*,*,#4557,.T.);
#2867=ORIENTED_EDGE('',*,*,#4556,.T.);
#2868=ORIENTED_EDGE('',*,*,#4551,.T.);
#2869=ORIENTED_EDGE('',*,*,#4554,.F.);
#2870=ORIENTED_EDGE('',*,*,#4558,.F.);
#2871=ORIENTED_EDGE('',*,*,#4559,.F.);
#2872=ORIENTED_EDGE('',*,*,#4560,.F.);
#2873=ORIENTED_EDGE('',*,*,#4413,.T.);
#2874=ORIENTED_EDGE('',*,*,#4561,.T.);
#2875=ORIENTED_EDGE('',*,*,#4562,.F.);
#2876=ORIENTED_EDGE('',*,*,#4563,.T.);
#2877=ORIENTED_EDGE('',*,*,#4559,.T.);
#2878=ORIENTED_EDGE('',*,*,#4564,.T.);
#2879=ORIENTED_EDGE('',*,*,#4552,.F.);
#2880=ORIENTED_EDGE('',*,*,#4549,.T.);
#2881=ORIENTED_EDGE('',*,*,#4565,.F.);
#2882=ORIENTED_EDGE('',*,*,#4566,.T.);
#2883=ORIENTED_EDGE('',*,*,#4565,.T.);
#2884=ORIENTED_EDGE('',*,*,#4560,.T.);
#2885=ORIENTED_EDGE('',*,*,#4563,.F.);
#2886=ORIENTED_EDGE('',*,*,#4567,.F.);
#2887=ORIENTED_EDGE('',*,*,#4568,.F.);
#2888=ORIENTED_EDGE('',*,*,#4569,.F.);
#2889=ORIENTED_EDGE('',*,*,#4412,.T.);
#2890=ORIENTED_EDGE('',*,*,#4570,.T.);
#2891=ORIENTED_EDGE('',*,*,#4571,.F.);
#2892=ORIENTED_EDGE('',*,*,#4572,.T.);
#2893=ORIENTED_EDGE('',*,*,#4568,.T.);
#2894=ORIENTED_EDGE('',*,*,#4573,.T.);
#2895=ORIENTED_EDGE('',*,*,#4561,.F.);
#2896=ORIENTED_EDGE('',*,*,#4558,.T.);
#2897=ORIENTED_EDGE('',*,*,#4574,.F.);
#2898=ORIENTED_EDGE('',*,*,#4575,.T.);
#2899=ORIENTED_EDGE('',*,*,#4574,.T.);
#2900=ORIENTED_EDGE('',*,*,#4569,.T.);
#2901=ORIENTED_EDGE('',*,*,#4572,.F.);
#2902=ORIENTED_EDGE('',*,*,#4576,.F.);
#2903=ORIENTED_EDGE('',*,*,#4577,.F.);
#2904=ORIENTED_EDGE('',*,*,#4578,.F.);
#2905=ORIENTED_EDGE('',*,*,#4411,.T.);
#2906=ORIENTED_EDGE('',*,*,#4579,.T.);
#2907=ORIENTED_EDGE('',*,*,#4580,.F.);
#2908=ORIENTED_EDGE('',*,*,#4581,.T.);
#2909=ORIENTED_EDGE('',*,*,#4577,.T.);
#2910=ORIENTED_EDGE('',*,*,#4582,.T.);
#2911=ORIENTED_EDGE('',*,*,#4570,.F.);
#2912=ORIENTED_EDGE('',*,*,#4567,.T.);
#2913=ORIENTED_EDGE('',*,*,#4583,.F.);
#2914=ORIENTED_EDGE('',*,*,#4584,.T.);
#2915=ORIENTED_EDGE('',*,*,#4583,.T.);
#2916=ORIENTED_EDGE('',*,*,#4578,.T.);
#2917=ORIENTED_EDGE('',*,*,#4581,.F.);
#2918=ORIENTED_EDGE('',*,*,#4585,.F.);
#2919=ORIENTED_EDGE('',*,*,#4586,.F.);
#2920=ORIENTED_EDGE('',*,*,#4587,.F.);
#2921=ORIENTED_EDGE('',*,*,#4410,.T.);
#2922=ORIENTED_EDGE('',*,*,#4588,.T.);
#2923=ORIENTED_EDGE('',*,*,#4589,.F.);
#2924=ORIENTED_EDGE('',*,*,#4590,.T.);
#2925=ORIENTED_EDGE('',*,*,#4586,.T.);
#2926=ORIENTED_EDGE('',*,*,#4591,.T.);
#2927=ORIENTED_EDGE('',*,*,#4579,.F.);
#2928=ORIENTED_EDGE('',*,*,#4576,.T.);
#2929=ORIENTED_EDGE('',*,*,#4592,.F.);
#2930=ORIENTED_EDGE('',*,*,#4593,.T.);
#2931=ORIENTED_EDGE('',*,*,#4592,.T.);
#2932=ORIENTED_EDGE('',*,*,#4587,.T.);
#2933=ORIENTED_EDGE('',*,*,#4590,.F.);
#2934=ORIENTED_EDGE('',*,*,#4594,.F.);
#2935=ORIENTED_EDGE('',*,*,#4595,.F.);
#2936=ORIENTED_EDGE('',*,*,#4596,.F.);
#2937=ORIENTED_EDGE('',*,*,#4409,.T.);
#2938=ORIENTED_EDGE('',*,*,#4597,.T.);
#2939=ORIENTED_EDGE('',*,*,#4598,.F.);
#2940=ORIENTED_EDGE('',*,*,#4599,.T.);
#2941=ORIENTED_EDGE('',*,*,#4595,.T.);
#2942=ORIENTED_EDGE('',*,*,#4600,.T.);
#2943=ORIENTED_EDGE('',*,*,#4588,.F.);
#2944=ORIENTED_EDGE('',*,*,#4585,.T.);
#2945=ORIENTED_EDGE('',*,*,#4601,.F.);
#2946=ORIENTED_EDGE('',*,*,#4602,.T.);
#2947=ORIENTED_EDGE('',*,*,#4601,.T.);
#2948=ORIENTED_EDGE('',*,*,#4596,.T.);
#2949=ORIENTED_EDGE('',*,*,#4599,.F.);
#2950=ORIENTED_EDGE('',*,*,#4603,.F.);
#2951=ORIENTED_EDGE('',*,*,#4604,.F.);
#2952=ORIENTED_EDGE('',*,*,#4605,.F.);
#2953=ORIENTED_EDGE('',*,*,#4408,.T.);
#2954=ORIENTED_EDGE('',*,*,#4606,.T.);
#2955=ORIENTED_EDGE('',*,*,#4607,.F.);
#2956=ORIENTED_EDGE('',*,*,#4608,.T.);
#2957=ORIENTED_EDGE('',*,*,#4604,.T.);
#2958=ORIENTED_EDGE('',*,*,#4609,.T.);
#2959=ORIENTED_EDGE('',*,*,#4597,.F.);
#2960=ORIENTED_EDGE('',*,*,#4594,.T.);
#2961=ORIENTED_EDGE('',*,*,#4610,.F.);
#2962=ORIENTED_EDGE('',*,*,#4611,.T.);
#2963=ORIENTED_EDGE('',*,*,#4610,.T.);
#2964=ORIENTED_EDGE('',*,*,#4605,.T.);
#2965=ORIENTED_EDGE('',*,*,#4608,.F.);
#2966=ORIENTED_EDGE('',*,*,#4612,.T.);
#2967=ORIENTED_EDGE('',*,*,#4425,.F.);
#2968=ORIENTED_EDGE('',*,*,#4613,.T.);
#2969=ORIENTED_EDGE('',*,*,#4614,.T.);
#2970=ORIENTED_EDGE('',*,*,#4615,.F.);
#2971=ORIENTED_EDGE('',*,*,#4407,.T.);
#2972=ORIENTED_EDGE('',*,*,#4528,.T.);
#2973=ORIENTED_EDGE('',*,*,#4616,.F.);
#2974=ORIENTED_EDGE('',*,*,#4617,.T.);
#2975=ORIENTED_EDGE('',*,*,#4616,.T.);
#2976=ORIENTED_EDGE('',*,*,#4527,.T.);
#2977=ORIENTED_EDGE('',*,*,#4618,.F.);
#2978=ORIENTED_EDGE('',*,*,#4485,.F.);
#2979=ORIENTED_EDGE('',*,*,#4619,.F.);
#2980=ORIENTED_EDGE('',*,*,#4620,.F.);
#2981=ORIENTED_EDGE('',*,*,#4618,.T.);
#2982=ORIENTED_EDGE('',*,*,#4526,.T.);
#2983=ORIENTED_EDGE('',*,*,#4530,.T.);
#2984=ORIENTED_EDGE('',*,*,#4545,.T.);
#2985=ORIENTED_EDGE('',*,*,#4546,.F.);
#2986=ORIENTED_EDGE('',*,*,#4548,.F.);
#2987=ORIENTED_EDGE('',*,*,#4542,.T.);
#2988=ORIENTED_EDGE('',*,*,#4555,.F.);
#2989=ORIENTED_EDGE('',*,*,#4557,.F.);
#2990=ORIENTED_EDGE('',*,*,#4553,.T.);
#2991=ORIENTED_EDGE('',*,*,#4564,.F.);
#2992=ORIENTED_EDGE('',*,*,#4566,.F.);
#2993=ORIENTED_EDGE('',*,*,#4562,.T.);
#2994=ORIENTED_EDGE('',*,*,#4573,.F.);
#2995=ORIENTED_EDGE('',*,*,#4575,.F.);
#2996=ORIENTED_EDGE('',*,*,#4571,.T.);
#2997=ORIENTED_EDGE('',*,*,#4582,.F.);
#2998=ORIENTED_EDGE('',*,*,#4584,.F.);
#2999=ORIENTED_EDGE('',*,*,#4580,.T.);
#3000=ORIENTED_EDGE('',*,*,#4591,.F.);
#3001=ORIENTED_EDGE('',*,*,#4593,.F.);
#3002=ORIENTED_EDGE('',*,*,#4589,.T.);
#3003=ORIENTED_EDGE('',*,*,#4600,.F.);
#3004=ORIENTED_EDGE('',*,*,#4602,.F.);
#3005=ORIENTED_EDGE('',*,*,#4598,.T.);
#3006=ORIENTED_EDGE('',*,*,#4609,.F.);
#3007=ORIENTED_EDGE('',*,*,#4611,.F.);
#3008=ORIENTED_EDGE('',*,*,#4607,.T.);
#3009=ORIENTED_EDGE('',*,*,#4619,.T.);
#3010=ORIENTED_EDGE('',*,*,#4606,.F.);
#3011=ORIENTED_EDGE('',*,*,#4603,.T.);
#3012=ORIENTED_EDGE('',*,*,#4621,.F.);
#3013=ORIENTED_EDGE('',*,*,#4620,.T.);
#3014=ORIENTED_EDGE('',*,*,#4621,.T.);
#3015=ORIENTED_EDGE('',*,*,#4615,.T.);
#3016=ORIENTED_EDGE('',*,*,#4617,.F.);
#3017=ORIENTED_EDGE('',*,*,#4622,.F.);
#3018=ORIENTED_EDGE('',*,*,#4623,.F.);
#3019=ORIENTED_EDGE('',*,*,#4613,.F.);
#3020=ORIENTED_EDGE('',*,*,#4624,.T.);
#3021=ORIENTED_EDGE('',*,*,#4534,.F.);
#3022=ORIENTED_EDGE('',*,*,#4624,.F.);
#3023=ORIENTED_EDGE('',*,*,#4625,.F.);
#3024=ORIENTED_EDGE('',*,*,#4626,.F.);
#3025=ORIENTED_EDGE('',*,*,#4627,.T.);
#3026=ORIENTED_EDGE('',*,*,#4628,.F.);
#3027=ORIENTED_EDGE('',*,*,#4622,.T.);
#3028=ORIENTED_EDGE('',*,*,#4431,.T.);
#3029=ORIENTED_EDGE('',*,*,#4629,.T.);
#3030=ORIENTED_EDGE('',*,*,#4614,.F.);
#3031=ORIENTED_EDGE('',*,*,#4623,.T.);
#3032=ORIENTED_EDGE('',*,*,#4628,.T.);
#3033=ORIENTED_EDGE('',*,*,#4630,.T.);
#3034=ORIENTED_EDGE('',*,*,#4426,.F.);
#3035=ORIENTED_EDGE('',*,*,#4631,.T.);
#3036=ORIENTED_EDGE('',*,*,#4632,.T.);
#3037=ORIENTED_EDGE('',*,*,#4633,.F.);
#3038=ORIENTED_EDGE('',*,*,#4634,.F.);
#3039=ORIENTED_EDGE('',*,*,#4631,.F.);
#3040=ORIENTED_EDGE('',*,*,#4635,.T.);
#3041=ORIENTED_EDGE('',*,*,#4627,.F.);
#3042=ORIENTED_EDGE('',*,*,#4635,.F.);
#3043=ORIENTED_EDGE('',*,*,#4612,.F.);
#3044=ORIENTED_EDGE('',*,*,#4629,.F.);
#3045=ORIENTED_EDGE('',*,*,#4636,.T.);
#3046=ORIENTED_EDGE('',*,*,#4637,.F.);
#3047=ORIENTED_EDGE('',*,*,#4633,.T.);
#3048=ORIENTED_EDGE('',*,*,#4430,.T.);
#3049=ORIENTED_EDGE('',*,*,#4638,.T.);
#3050=ORIENTED_EDGE('',*,*,#4632,.F.);
#3051=ORIENTED_EDGE('',*,*,#4634,.T.);
#3052=ORIENTED_EDGE('',*,*,#4637,.T.);
#3053=ORIENTED_EDGE('',*,*,#4639,.T.);
#3054=ORIENTED_EDGE('',*,*,#4417,.F.);
#3055=ORIENTED_EDGE('',*,*,#4427,.F.);
#3056=ORIENTED_EDGE('',*,*,#4640,.T.);
#3057=ORIENTED_EDGE('',*,*,#4641,.T.);
#3058=ORIENTED_EDGE('',*,*,#4642,.F.);
#3059=ORIENTED_EDGE('',*,*,#4643,.F.);
#3060=ORIENTED_EDGE('',*,*,#4640,.F.);
#3061=ORIENTED_EDGE('',*,*,#4644,.T.);
#3062=ORIENTED_EDGE('',*,*,#4636,.F.);
#3063=ORIENTED_EDGE('',*,*,#4644,.F.);
#3064=ORIENTED_EDGE('',*,*,#4630,.F.);
#3065=ORIENTED_EDGE('',*,*,#4638,.F.);
#3066=ORIENTED_EDGE('',*,*,#4645,.T.);
#3067=ORIENTED_EDGE('',*,*,#4646,.F.);
#3068=ORIENTED_EDGE('',*,*,#4642,.T.);
#3069=ORIENTED_EDGE('',*,*,#4429,.T.);
#3070=ORIENTED_EDGE('',*,*,#4647,.T.);
#3071=ORIENTED_EDGE('',*,*,#4641,.F.);
#3072=ORIENTED_EDGE('',*,*,#4643,.T.);
#3073=ORIENTED_EDGE('',*,*,#4646,.T.);
#3074=ORIENTED_EDGE('',*,*,#4648,.T.);
#3075=ORIENTED_EDGE('',*,*,#4418,.F.);
#3076=ORIENTED_EDGE('',*,*,#4649,.T.);
#3077=ORIENTED_EDGE('',*,*,#4650,.T.);
#3078=ORIENTED_EDGE('',*,*,#4651,.F.);
#3079=ORIENTED_EDGE('',*,*,#4652,.F.);
#3080=ORIENTED_EDGE('',*,*,#4649,.F.);
#3081=ORIENTED_EDGE('',*,*,#4653,.T.);
#3082=ORIENTED_EDGE('',*,*,#4645,.F.);
#3083=ORIENTED_EDGE('',*,*,#4653,.F.);
#3084=ORIENTED_EDGE('',*,*,#4639,.F.);
#3085=ORIENTED_EDGE('',*,*,#4647,.F.);
#3086=ORIENTED_EDGE('',*,*,#4654,.T.);
#3087=ORIENTED_EDGE('',*,*,#4655,.F.);
#3088=ORIENTED_EDGE('',*,*,#4651,.T.);
#3089=ORIENTED_EDGE('',*,*,#4428,.T.);
#3090=ORIENTED_EDGE('',*,*,#4438,.T.);
#3091=ORIENTED_EDGE('',*,*,#4656,.T.);
#3092=ORIENTED_EDGE('',*,*,#4650,.F.);
#3093=ORIENTED_EDGE('',*,*,#4652,.T.);
#3094=ORIENTED_EDGE('',*,*,#4655,.T.);
#3095=ORIENTED_EDGE('',*,*,#4657,.T.);
#3096=ORIENTED_EDGE('',*,*,#4419,.F.);
#3097=ORIENTED_EDGE('',*,*,#4658,.T.);
#3098=ORIENTED_EDGE('',*,*,#4659,.T.);
#3099=ORIENTED_EDGE('',*,*,#4660,.F.);
#3100=ORIENTED_EDGE('',*,*,#4661,.F.);
#3101=ORIENTED_EDGE('',*,*,#4658,.F.);
#3102=ORIENTED_EDGE('',*,*,#4662,.T.);
#3103=ORIENTED_EDGE('',*,*,#4654,.F.);
#3104=ORIENTED_EDGE('',*,*,#4662,.F.);
#3105=ORIENTED_EDGE('',*,*,#4648,.F.);
#3106=ORIENTED_EDGE('',*,*,#4656,.F.);
#3107=ORIENTED_EDGE('',*,*,#4663,.T.);
#3108=ORIENTED_EDGE('',*,*,#4664,.F.);
#3109=ORIENTED_EDGE('',*,*,#4660,.T.);
#3110=ORIENTED_EDGE('',*,*,#4437,.T.);
#3111=ORIENTED_EDGE('',*,*,#4665,.T.);
#3112=ORIENTED_EDGE('',*,*,#4659,.F.);
#3113=ORIENTED_EDGE('',*,*,#4661,.T.);
#3114=ORIENTED_EDGE('',*,*,#4664,.T.);
#3115=ORIENTED_EDGE('',*,*,#4666,.T.);
#3116=ORIENTED_EDGE('',*,*,#4420,.F.);
#3117=ORIENTED_EDGE('',*,*,#4667,.T.);
#3118=ORIENTED_EDGE('',*,*,#4668,.T.);
#3119=ORIENTED_EDGE('',*,*,#4669,.F.);
#3120=ORIENTED_EDGE('',*,*,#4670,.F.);
#3121=ORIENTED_EDGE('',*,*,#4667,.F.);
#3122=ORIENTED_EDGE('',*,*,#4671,.T.);
#3123=ORIENTED_EDGE('',*,*,#4663,.F.);
#3124=ORIENTED_EDGE('',*,*,#4671,.F.);
#3125=ORIENTED_EDGE('',*,*,#4657,.F.);
#3126=ORIENTED_EDGE('',*,*,#4665,.F.);
#3127=ORIENTED_EDGE('',*,*,#4672,.T.);
#3128=ORIENTED_EDGE('',*,*,#4673,.F.);
#3129=ORIENTED_EDGE('',*,*,#4669,.T.);
#3130=ORIENTED_EDGE('',*,*,#4436,.T.);
#3131=ORIENTED_EDGE('',*,*,#4674,.T.);
#3132=ORIENTED_EDGE('',*,*,#4668,.F.);
#3133=ORIENTED_EDGE('',*,*,#4670,.T.);
#3134=ORIENTED_EDGE('',*,*,#4673,.T.);
#3135=ORIENTED_EDGE('',*,*,#4675,.T.);
#3136=ORIENTED_EDGE('',*,*,#4421,.F.);
#3137=ORIENTED_EDGE('',*,*,#4676,.T.);
#3138=ORIENTED_EDGE('',*,*,#4677,.T.);
#3139=ORIENTED_EDGE('',*,*,#4678,.F.);
#3140=ORIENTED_EDGE('',*,*,#4679,.F.);
#3141=ORIENTED_EDGE('',*,*,#4676,.F.);
#3142=ORIENTED_EDGE('',*,*,#4680,.T.);
#3143=ORIENTED_EDGE('',*,*,#4672,.F.);
#3144=ORIENTED_EDGE('',*,*,#4680,.F.);
#3145=ORIENTED_EDGE('',*,*,#4666,.F.);
#3146=ORIENTED_EDGE('',*,*,#4674,.F.);
#3147=ORIENTED_EDGE('',*,*,#4681,.T.);
#3148=ORIENTED_EDGE('',*,*,#4682,.F.);
#3149=ORIENTED_EDGE('',*,*,#4678,.T.);
#3150=ORIENTED_EDGE('',*,*,#4435,.T.);
#3151=ORIENTED_EDGE('',*,*,#4683,.T.);
#3152=ORIENTED_EDGE('',*,*,#4677,.F.);
#3153=ORIENTED_EDGE('',*,*,#4679,.T.);
#3154=ORIENTED_EDGE('',*,*,#4682,.T.);
#3155=ORIENTED_EDGE('',*,*,#4684,.T.);
#3156=ORIENTED_EDGE('',*,*,#4422,.F.);
#3157=ORIENTED_EDGE('',*,*,#4685,.T.);
#3158=ORIENTED_EDGE('',*,*,#4686,.T.);
#3159=ORIENTED_EDGE('',*,*,#4687,.F.);
#3160=ORIENTED_EDGE('',*,*,#4688,.F.);
#3161=ORIENTED_EDGE('',*,*,#4685,.F.);
#3162=ORIENTED_EDGE('',*,*,#4689,.T.);
#3163=ORIENTED_EDGE('',*,*,#4681,.F.);
#3164=ORIENTED_EDGE('',*,*,#4689,.F.);
#3165=ORIENTED_EDGE('',*,*,#4675,.F.);
#3166=ORIENTED_EDGE('',*,*,#4683,.F.);
#3167=ORIENTED_EDGE('',*,*,#4690,.T.);
#3168=ORIENTED_EDGE('',*,*,#4691,.F.);
#3169=ORIENTED_EDGE('',*,*,#4687,.T.);
#3170=ORIENTED_EDGE('',*,*,#4434,.T.);
#3171=ORIENTED_EDGE('',*,*,#4692,.T.);
#3172=ORIENTED_EDGE('',*,*,#4686,.F.);
#3173=ORIENTED_EDGE('',*,*,#4688,.T.);
#3174=ORIENTED_EDGE('',*,*,#4691,.T.);
#3175=ORIENTED_EDGE('',*,*,#4693,.T.);
#3176=ORIENTED_EDGE('',*,*,#4423,.F.);
#3177=ORIENTED_EDGE('',*,*,#4694,.T.);
#3178=ORIENTED_EDGE('',*,*,#4695,.T.);
#3179=ORIENTED_EDGE('',*,*,#4696,.F.);
#3180=ORIENTED_EDGE('',*,*,#4697,.F.);
#3181=ORIENTED_EDGE('',*,*,#4694,.F.);
#3182=ORIENTED_EDGE('',*,*,#4698,.T.);
#3183=ORIENTED_EDGE('',*,*,#4690,.F.);
#3184=ORIENTED_EDGE('',*,*,#4698,.F.);
#3185=ORIENTED_EDGE('',*,*,#4684,.F.);
#3186=ORIENTED_EDGE('',*,*,#4692,.F.);
#3187=ORIENTED_EDGE('',*,*,#4699,.T.);
#3188=ORIENTED_EDGE('',*,*,#4700,.F.);
#3189=ORIENTED_EDGE('',*,*,#4696,.T.);
#3190=ORIENTED_EDGE('',*,*,#4433,.T.);
#3191=ORIENTED_EDGE('',*,*,#4701,.T.);
#3192=ORIENTED_EDGE('',*,*,#4535,.T.);
#3193=ORIENTED_EDGE('',*,*,#4626,.T.);
#3194=ORIENTED_EDGE('',*,*,#4702,.F.);
#3195=ORIENTED_EDGE('',*,*,#4703,.T.);
#3196=ORIENTED_EDGE('',*,*,#4695,.F.);
#3197=ORIENTED_EDGE('',*,*,#4697,.T.);
#3198=ORIENTED_EDGE('',*,*,#4700,.T.);
#3199=ORIENTED_EDGE('',*,*,#4704,.T.);
#3200=ORIENTED_EDGE('',*,*,#4702,.T.);
#3201=ORIENTED_EDGE('',*,*,#4625,.T.);
#3202=ORIENTED_EDGE('',*,*,#4424,.F.);
#3203=ORIENTED_EDGE('',*,*,#4533,.F.);
#3204=ORIENTED_EDGE('',*,*,#4701,.F.);
#3205=ORIENTED_EDGE('',*,*,#4704,.F.);
#3206=ORIENTED_EDGE('',*,*,#4705,.T.);
#3207=ORIENTED_EDGE('',*,*,#4699,.F.);
#3208=ORIENTED_EDGE('',*,*,#4705,.F.);
#3209=ORIENTED_EDGE('',*,*,#4693,.F.);
#3210=ORIENTED_EDGE('',*,*,#4703,.F.);
#3211=ORIENTED_EDGE('',*,*,#4706,.T.);
#3212=ORIENTED_EDGE('',*,*,#4519,.T.);
#3213=ORIENTED_EDGE('',*,*,#4518,.T.);
#3214=ORIENTED_EDGE('',*,*,#4707,.F.);
#3215=ORIENTED_EDGE('',*,*,#4451,.F.);
#3216=ORIENTED_EDGE('',*,*,#4450,.F.);
#3217=ORIENTED_EDGE('',*,*,#4708,.T.);
#3218=ORIENTED_EDGE('',*,*,#4479,.T.);
#3219=ORIENTED_EDGE('',*,*,#4478,.T.);
#3220=ORIENTED_EDGE('',*,*,#4709,.F.);
#3221=ORIENTED_EDGE('',*,*,#4492,.T.);
#3222=ORIENTED_EDGE('',*,*,#4491,.T.);
#3223=ORIENTED_EDGE('',*,*,#4524,.F.);
#3224=ORIENTED_EDGE('',*,*,#4708,.F.);
#3225=ORIENTED_EDGE('',*,*,#4523,.F.);
#3226=ORIENTED_EDGE('',*,*,#4480,.T.);
#3227=ORIENTED_EDGE('',*,*,#4709,.T.);
#3228=ORIENTED_EDGE('',*,*,#4477,.T.);
#3229=ORIENTED_EDGE('',*,*,#4476,.T.);
#3230=ORIENTED_EDGE('',*,*,#4710,.F.);
#3231=ORIENTED_EDGE('',*,*,#4494,.T.);
#3232=ORIENTED_EDGE('',*,*,#4493,.T.);
#3233=ORIENTED_EDGE('',*,*,#4710,.T.);
#3234=ORIENTED_EDGE('',*,*,#4475,.T.);
#3235=ORIENTED_EDGE('',*,*,#4474,.T.);
#3236=ORIENTED_EDGE('',*,*,#4711,.F.);
#3237=ORIENTED_EDGE('',*,*,#4496,.T.);
#3238=ORIENTED_EDGE('',*,*,#4495,.T.);
#3239=ORIENTED_EDGE('',*,*,#4711,.T.);
#3240=ORIENTED_EDGE('',*,*,#4473,.T.);
#3241=ORIENTED_EDGE('',*,*,#4472,.T.);
#3242=ORIENTED_EDGE('',*,*,#4712,.F.);
#3243=ORIENTED_EDGE('',*,*,#4498,.T.);
#3244=ORIENTED_EDGE('',*,*,#4497,.T.);
#3245=ORIENTED_EDGE('',*,*,#4712,.T.);
#3246=ORIENTED_EDGE('',*,*,#4471,.T.);
#3247=ORIENTED_EDGE('',*,*,#4470,.T.);
#3248=ORIENTED_EDGE('',*,*,#4713,.F.);
#3249=ORIENTED_EDGE('',*,*,#4500,.T.);
#3250=ORIENTED_EDGE('',*,*,#4499,.T.);
#3251=ORIENTED_EDGE('',*,*,#4713,.T.);
#3252=ORIENTED_EDGE('',*,*,#4469,.T.);
#3253=ORIENTED_EDGE('',*,*,#4468,.T.);
#3254=ORIENTED_EDGE('',*,*,#4714,.F.);
#3255=ORIENTED_EDGE('',*,*,#4502,.T.);
#3256=ORIENTED_EDGE('',*,*,#4501,.T.);
#3257=ORIENTED_EDGE('',*,*,#4714,.T.);
#3258=ORIENTED_EDGE('',*,*,#4467,.T.);
#3259=ORIENTED_EDGE('',*,*,#4466,.T.);
#3260=ORIENTED_EDGE('',*,*,#4487,.F.);
#3261=ORIENTED_EDGE('',*,*,#4504,.T.);
#3262=ORIENTED_EDGE('',*,*,#4503,.T.);
#3263=ORIENTED_EDGE('',*,*,#4706,.F.);
#3264=ORIENTED_EDGE('',*,*,#4449,.F.);
#3265=ORIENTED_EDGE('',*,*,#4448,.F.);
#3266=ORIENTED_EDGE('',*,*,#4525,.F.);
#3267=ORIENTED_EDGE('',*,*,#4521,.T.);
#3268=ORIENTED_EDGE('',*,*,#4520,.T.);
#3269=ORIENTED_EDGE('',*,*,#4707,.T.);
#3270=ORIENTED_EDGE('',*,*,#4517,.T.);
#3271=ORIENTED_EDGE('',*,*,#4516,.T.);
#3272=ORIENTED_EDGE('',*,*,#4715,.F.);
#3273=ORIENTED_EDGE('',*,*,#4453,.F.);
#3274=ORIENTED_EDGE('',*,*,#4452,.F.);
#3275=ORIENTED_EDGE('',*,*,#4715,.T.);
#3276=ORIENTED_EDGE('',*,*,#4515,.T.);
#3277=ORIENTED_EDGE('',*,*,#4514,.T.);
#3278=ORIENTED_EDGE('',*,*,#4716,.F.);
#3279=ORIENTED_EDGE('',*,*,#4455,.F.);
#3280=ORIENTED_EDGE('',*,*,#4454,.F.);
#3281=ORIENTED_EDGE('',*,*,#4716,.T.);
#3282=ORIENTED_EDGE('',*,*,#4513,.T.);
#3283=ORIENTED_EDGE('',*,*,#4512,.T.);
#3284=ORIENTED_EDGE('',*,*,#4717,.F.);
#3285=ORIENTED_EDGE('',*,*,#4457,.F.);
#3286=ORIENTED_EDGE('',*,*,#4456,.F.);
#3287=ORIENTED_EDGE('',*,*,#4717,.T.);
#3288=ORIENTED_EDGE('',*,*,#4511,.T.);
#3289=ORIENTED_EDGE('',*,*,#4510,.T.);
#3290=ORIENTED_EDGE('',*,*,#4718,.F.);
#3291=ORIENTED_EDGE('',*,*,#4459,.F.);
#3292=ORIENTED_EDGE('',*,*,#4458,.F.);
#3293=ORIENTED_EDGE('',*,*,#4718,.T.);
#3294=ORIENTED_EDGE('',*,*,#4509,.T.);
#3295=ORIENTED_EDGE('',*,*,#4508,.T.);
#3296=ORIENTED_EDGE('',*,*,#4719,.F.);
#3297=ORIENTED_EDGE('',*,*,#4461,.F.);
#3298=ORIENTED_EDGE('',*,*,#4460,.F.);
#3299=ORIENTED_EDGE('',*,*,#4719,.T.);
#3300=ORIENTED_EDGE('',*,*,#4507,.T.);
#3301=ORIENTED_EDGE('',*,*,#4506,.T.);
#3302=ORIENTED_EDGE('',*,*,#4720,.F.);
#3303=ORIENTED_EDGE('',*,*,#4463,.F.);
#3304=ORIENTED_EDGE('',*,*,#4462,.F.);
#3305=ORIENTED_EDGE('',*,*,#4720,.T.);
#3306=ORIENTED_EDGE('',*,*,#4505,.T.);
#3307=ORIENTED_EDGE('',*,*,#4488,.F.);
#3308=ORIENTED_EDGE('',*,*,#4464,.F.);
#3309=ORIENTED_EDGE('',*,*,#4721,.T.);
#3310=ORIENTED_EDGE('',*,*,#4722,.T.);
#3311=ORIENTED_EDGE('',*,*,#4723,.T.);
#3312=ORIENTED_EDGE('',*,*,#4724,.T.);
#3313=ORIENTED_EDGE('',*,*,#4725,.T.);
#3314=ORIENTED_EDGE('',*,*,#4723,.F.);
#3315=ORIENTED_EDGE('',*,*,#4726,.F.);
#3316=ORIENTED_EDGE('',*,*,#4727,.T.);
#3317=ORIENTED_EDGE('',*,*,#4721,.F.);
#3318=ORIENTED_EDGE('',*,*,#4722,.F.);
#3319=ORIENTED_EDGE('',*,*,#4727,.F.);
#3320=ORIENTED_EDGE('',*,*,#4728,.F.);
#3321=ORIENTED_EDGE('',*,*,#4724,.F.);
#3322=ORIENTED_EDGE('',*,*,#4725,.F.);
#3323=ORIENTED_EDGE('',*,*,#4729,.T.);
#3324=ORIENTED_EDGE('',*,*,#4730,.T.);
#3325=ORIENTED_EDGE('',*,*,#4729,.F.);
#3326=ORIENTED_EDGE('',*,*,#4726,.T.);
#3327=ORIENTED_EDGE('',*,*,#4731,.T.);
#3328=ORIENTED_EDGE('',*,*,#4732,.T.);
#3329=ORIENTED_EDGE('',*,*,#4731,.F.);
#3330=ORIENTED_EDGE('',*,*,#4728,.T.);
#3331=ORIENTED_EDGE('',*,*,#4733,.F.);
#3332=ORIENTED_EDGE('',*,*,#4734,.F.);
#3333=ORIENTED_EDGE('',*,*,#4735,.F.);
#3334=ORIENTED_EDGE('',*,*,#4736,.F.);
#3335=ORIENTED_EDGE('',*,*,#4737,.F.);
#3336=ORIENTED_EDGE('',*,*,#4738,.F.);
#3337=ORIENTED_EDGE('',*,*,#4732,.F.);
#3338=ORIENTED_EDGE('',*,*,#4737,.T.);
#3339=ORIENTED_EDGE('',*,*,#4739,.T.);
#3340=ORIENTED_EDGE('',*,*,#4740,.T.);
#3341=ORIENTED_EDGE('',*,*,#4741,.F.);
#3342=ORIENTED_EDGE('',*,*,#4736,.T.);
#3343=ORIENTED_EDGE('',*,*,#4742,.T.);
#3344=ORIENTED_EDGE('',*,*,#4743,.T.);
#3345=ORIENTED_EDGE('',*,*,#4739,.F.);
#3346=ORIENTED_EDGE('',*,*,#4735,.T.);
#3347=ORIENTED_EDGE('',*,*,#4744,.T.);
#3348=ORIENTED_EDGE('',*,*,#4745,.T.);
#3349=ORIENTED_EDGE('',*,*,#4742,.F.);
#3350=ORIENTED_EDGE('',*,*,#4746,.T.);
#3351=ORIENTED_EDGE('',*,*,#4747,.T.);
#3352=ORIENTED_EDGE('',*,*,#4733,.T.);
#3353=ORIENTED_EDGE('',*,*,#4748,.T.);
#3354=ORIENTED_EDGE('',*,*,#4734,.T.);
#3355=ORIENTED_EDGE('',*,*,#4747,.F.);
#3356=ORIENTED_EDGE('',*,*,#4749,.T.);
#3357=ORIENTED_EDGE('',*,*,#4744,.F.);
#3358=ORIENTED_EDGE('',*,*,#4750,.T.);
#3359=ORIENTED_EDGE('',*,*,#4748,.F.);
#3360=ORIENTED_EDGE('',*,*,#4738,.T.);
#3361=ORIENTED_EDGE('',*,*,#4741,.T.);
#3362=ORIENTED_EDGE('',*,*,#4745,.F.);
#3363=ORIENTED_EDGE('',*,*,#4751,.T.);
#3364=ORIENTED_EDGE('',*,*,#4752,.T.);
#3365=ORIENTED_EDGE('',*,*,#4753,.T.);
#3366=ORIENTED_EDGE('',*,*,#4754,.F.);
#3367=ORIENTED_EDGE('',*,*,#4749,.F.);
#3368=ORIENTED_EDGE('',*,*,#4755,.T.);
#3369=ORIENTED_EDGE('',*,*,#4756,.T.);
#3370=ORIENTED_EDGE('',*,*,#4757,.T.);
#3371=ORIENTED_EDGE('',*,*,#4751,.F.);
#3372=ORIENTED_EDGE('',*,*,#4746,.F.);
#3373=ORIENTED_EDGE('',*,*,#4758,.T.);
#3374=ORIENTED_EDGE('',*,*,#4759,.T.);
#3375=ORIENTED_EDGE('',*,*,#4760,.T.);
#3376=ORIENTED_EDGE('',*,*,#4755,.F.);
#3377=ORIENTED_EDGE('',*,*,#4761,.T.);
#3378=ORIENTED_EDGE('',*,*,#4756,.F.);
#3379=ORIENTED_EDGE('',*,*,#4760,.F.);
#3380=ORIENTED_EDGE('',*,*,#4762,.T.);
#3381=ORIENTED_EDGE('',*,*,#4759,.F.);
#3382=ORIENTED_EDGE('',*,*,#4763,.F.);
#3383=ORIENTED_EDGE('',*,*,#4764,.T.);
#3384=ORIENTED_EDGE('',*,*,#4765,.F.);
#3385=ORIENTED_EDGE('',*,*,#4766,.F.);
#3386=ORIENTED_EDGE('',*,*,#4767,.T.);
#3387=ORIENTED_EDGE('',*,*,#4768,.F.);
#3388=ORIENTED_EDGE('',*,*,#4769,.F.);
#3389=ORIENTED_EDGE('',*,*,#4770,.T.);
#3390=ORIENTED_EDGE('',*,*,#4771,.F.);
#3391=ORIENTED_EDGE('',*,*,#4753,.F.);
#3392=ORIENTED_EDGE('',*,*,#4772,.T.);
#3393=ORIENTED_EDGE('',*,*,#4752,.F.);
#3394=ORIENTED_EDGE('',*,*,#4757,.F.);
#3395=ORIENTED_EDGE('',*,*,#4750,.F.);
#3396=ORIENTED_EDGE('',*,*,#4773,.T.);
#3397=ORIENTED_EDGE('',*,*,#4765,.T.);
#3398=ORIENTED_EDGE('',*,*,#4763,.T.);
#3399=ORIENTED_EDGE('',*,*,#4758,.F.);
#3400=ORIENTED_EDGE('',*,*,#4740,.F.);
#3401=ORIENTED_EDGE('',*,*,#4774,.T.);
#3402=ORIENTED_EDGE('',*,*,#4768,.T.);
#3403=ORIENTED_EDGE('',*,*,#4766,.T.);
#3404=ORIENTED_EDGE('',*,*,#4773,.F.);
#3405=ORIENTED_EDGE('',*,*,#4743,.F.);
#3406=ORIENTED_EDGE('',*,*,#4754,.T.);
#3407=ORIENTED_EDGE('',*,*,#4771,.T.);
#3408=ORIENTED_EDGE('',*,*,#4769,.T.);
#3409=ORIENTED_EDGE('',*,*,#4774,.F.);
#3410=ORIENTED_EDGE('',*,*,#4775,.T.);
#3411=ORIENTED_EDGE('',*,*,#4776,.T.);
#3412=ORIENTED_EDGE('',*,*,#4767,.F.);
#3413=ORIENTED_EDGE('',*,*,#4770,.F.);
#3414=ORIENTED_EDGE('',*,*,#4772,.F.);
#3415=ORIENTED_EDGE('',*,*,#4761,.F.);
#3416=ORIENTED_EDGE('',*,*,#4762,.F.);
#3417=ORIENTED_EDGE('',*,*,#4764,.F.);
#3418=ORIENTED_EDGE('',*,*,#4776,.F.);
#3419=ORIENTED_EDGE('',*,*,#4777,.T.);
#3420=ORIENTED_EDGE('',*,*,#4778,.T.);
#3421=ORIENTED_EDGE('',*,*,#4730,.F.);
#3422=ORIENTED_EDGE('',*,*,#4779,.T.);
#3423=ORIENTED_EDGE('',*,*,#4775,.F.);
#3424=ORIENTED_EDGE('',*,*,#4780,.T.);
#3425=ORIENTED_EDGE('',*,*,#4777,.F.);
#3426=ORIENTED_EDGE('',*,*,#4780,.F.);
#3427=ORIENTED_EDGE('',*,*,#4778,.F.);
#3428=ORIENTED_EDGE('',*,*,#4779,.F.);
#3429=ORIENTED_EDGE('',*,*,#4781,.T.);
#3430=ORIENTED_EDGE('',*,*,#4782,.T.);
#3431=ORIENTED_EDGE('',*,*,#4783,.T.);
#3432=ORIENTED_EDGE('',*,*,#4784,.F.);
#3433=ORIENTED_EDGE('',*,*,#4785,.F.);
#3434=ORIENTED_EDGE('',*,*,#4786,.F.);
#3435=ORIENTED_EDGE('',*,*,#4787,.F.);
#3436=ORIENTED_EDGE('',*,*,#4788,.F.);
#3437=ORIENTED_EDGE('',*,*,#4789,.F.);
#3438=ORIENTED_EDGE('',*,*,#4790,.F.);
#3439=ORIENTED_EDGE('',*,*,#4791,.F.);
#3440=ORIENTED_EDGE('',*,*,#4792,.F.);
#3441=ORIENTED_EDGE('',*,*,#4785,.T.);
#3442=ORIENTED_EDGE('',*,*,#4793,.F.);
#3443=ORIENTED_EDGE('',*,*,#4789,.T.);
#3444=ORIENTED_EDGE('',*,*,#4794,.F.);
#3445=ORIENTED_EDGE('',*,*,#4795,.F.);
#3446=ORIENTED_EDGE('',*,*,#4788,.T.);
#3447=ORIENTED_EDGE('',*,*,#4796,.F.);
#3448=ORIENTED_EDGE('',*,*,#4797,.F.);
#3449=ORIENTED_EDGE('',*,*,#4787,.T.);
#3450=ORIENTED_EDGE('',*,*,#4798,.F.);
#3451=ORIENTED_EDGE('',*,*,#4799,.F.);
#3452=ORIENTED_EDGE('',*,*,#4786,.T.);
#3453=ORIENTED_EDGE('',*,*,#4800,.F.);
#3454=ORIENTED_EDGE('',*,*,#4801,.F.);
#3455=ORIENTED_EDGE('',*,*,#4791,.T.);
#3456=ORIENTED_EDGE('',*,*,#4802,.F.);
#3457=ORIENTED_EDGE('',*,*,#4803,.F.);
#3458=ORIENTED_EDGE('',*,*,#4790,.T.);
#3459=ORIENTED_EDGE('',*,*,#4804,.F.);
#3460=ORIENTED_EDGE('',*,*,#4784,.T.);
#3461=ORIENTED_EDGE('',*,*,#4805,.T.);
#3462=ORIENTED_EDGE('',*,*,#4806,.T.);
#3463=ORIENTED_EDGE('',*,*,#4807,.T.);
#3464=ORIENTED_EDGE('',*,*,#4808,.T.);
#3465=ORIENTED_EDGE('',*,*,#4809,.T.);
#3466=ORIENTED_EDGE('',*,*,#4810,.T.);
#3467=ORIENTED_EDGE('',*,*,#4783,.F.);
#3468=ORIENTED_EDGE('',*,*,#4792,.T.);
#3469=ORIENTED_EDGE('',*,*,#4805,.F.);
#3470=ORIENTED_EDGE('',*,*,#4811,.F.);
#3471=ORIENTED_EDGE('',*,*,#4796,.T.);
#3472=ORIENTED_EDGE('',*,*,#4797,.T.);
#3473=ORIENTED_EDGE('',*,*,#4812,.T.);
#3474=ORIENTED_EDGE('',*,*,#4806,.F.);
#3475=ORIENTED_EDGE('',*,*,#4812,.F.);
#3476=ORIENTED_EDGE('',*,*,#4798,.T.);
#3477=ORIENTED_EDGE('',*,*,#4799,.T.);
#3478=ORIENTED_EDGE('',*,*,#4813,.T.);
#3479=ORIENTED_EDGE('',*,*,#4807,.F.);
#3480=ORIENTED_EDGE('',*,*,#4813,.F.);
#3481=ORIENTED_EDGE('',*,*,#4800,.T.);
#3482=ORIENTED_EDGE('',*,*,#4801,.T.);
#3483=ORIENTED_EDGE('',*,*,#4814,.T.);
#3484=ORIENTED_EDGE('',*,*,#4808,.F.);
#3485=ORIENTED_EDGE('',*,*,#4814,.F.);
#3486=ORIENTED_EDGE('',*,*,#4802,.T.);
#3487=ORIENTED_EDGE('',*,*,#4803,.T.);
#3488=ORIENTED_EDGE('',*,*,#4815,.T.);
#3489=ORIENTED_EDGE('',*,*,#4809,.F.);
#3490=ORIENTED_EDGE('',*,*,#4815,.F.);
#3491=ORIENTED_EDGE('',*,*,#4804,.T.);
#3492=ORIENTED_EDGE('',*,*,#4793,.T.);
#3493=ORIENTED_EDGE('',*,*,#4816,.T.);
#3494=ORIENTED_EDGE('',*,*,#4810,.F.);
#3495=ORIENTED_EDGE('',*,*,#4816,.F.);
#3496=ORIENTED_EDGE('',*,*,#4794,.T.);
#3497=ORIENTED_EDGE('',*,*,#4795,.T.);
#3498=ORIENTED_EDGE('',*,*,#4811,.T.);
#3499=ORIENTED_EDGE('',*,*,#4782,.F.);
#3500=ORIENTED_EDGE('',*,*,#4781,.F.);
#3501=ORIENTED_EDGE('',*,*,#4817,.F.);
#3502=ORIENTED_EDGE('',*,*,#4818,.F.);
#3503=ORIENTED_EDGE('',*,*,#4819,.T.);
#3504=ORIENTED_EDGE('',*,*,#4820,.F.);
#3505=ORIENTED_EDGE('',*,*,#4821,.F.);
#3506=ORIENTED_EDGE('',*,*,#4822,.T.);
#3507=ORIENTED_EDGE('',*,*,#4818,.T.);
#3508=ORIENTED_EDGE('',*,*,#4823,.F.);
#3509=ORIENTED_EDGE('',*,*,#4824,.F.);
#3510=ORIENTED_EDGE('',*,*,#4825,.F.);
#3511=ORIENTED_EDGE('',*,*,#4826,.T.);
#3512=ORIENTED_EDGE('',*,*,#4827,.F.);
#3513=ORIENTED_EDGE('',*,*,#4828,.F.);
#3514=ORIENTED_EDGE('',*,*,#4829,.T.);
#3515=ORIENTED_EDGE('',*,*,#4825,.T.);
#3516=ORIENTED_EDGE('',*,*,#4830,.F.);
#3517=ORIENTED_EDGE('',*,*,#4831,.T.);
#3518=ORIENTED_EDGE('',*,*,#4832,.F.);
#3519=ORIENTED_EDGE('',*,*,#4833,.F.);
#3520=ORIENTED_EDGE('',*,*,#4834,.F.);
#3521=ORIENTED_EDGE('',*,*,#4835,.F.);
#3522=ORIENTED_EDGE('',*,*,#4836,.F.);
#3523=ORIENTED_EDGE('',*,*,#4837,.F.);
#3524=ORIENTED_EDGE('',*,*,#4838,.T.);
#3525=ORIENTED_EDGE('',*,*,#4839,.F.);
#3526=ORIENTED_EDGE('',*,*,#4840,.F.);
#3527=ORIENTED_EDGE('',*,*,#4841,.F.);
#3528=ORIENTED_EDGE('',*,*,#4842,.F.);
#3529=ORIENTED_EDGE('',*,*,#4843,.F.);
#3530=ORIENTED_EDGE('',*,*,#4844,.F.);
#3531=ORIENTED_EDGE('',*,*,#4845,.T.);
#3532=ORIENTED_EDGE('',*,*,#4846,.T.);
#3533=ORIENTED_EDGE('',*,*,#4839,.T.);
#3534=ORIENTED_EDGE('',*,*,#4847,.F.);
#3535=ORIENTED_EDGE('',*,*,#4844,.T.);
#3536=ORIENTED_EDGE('',*,*,#4848,.T.);
#3537=ORIENTED_EDGE('',*,*,#4849,.T.);
#3538=ORIENTED_EDGE('',*,*,#4850,.F.);
#3539=ORIENTED_EDGE('',*,*,#4851,.T.);
#3540=ORIENTED_EDGE('',*,*,#4852,.F.);
#3541=ORIENTED_EDGE('',*,*,#4853,.T.);
#3542=ORIENTED_EDGE('',*,*,#4854,.T.);
#3543=ORIENTED_EDGE('',*,*,#4855,.F.);
#3544=ORIENTED_EDGE('',*,*,#4856,.F.);
#3545=ORIENTED_EDGE('',*,*,#4857,.T.);
#3546=ORIENTED_EDGE('',*,*,#4845,.F.);
#3547=ORIENTED_EDGE('',*,*,#4847,.T.);
#3548=ORIENTED_EDGE('',*,*,#4838,.F.);
#3549=ORIENTED_EDGE('',*,*,#4858,.F.);
#3550=ORIENTED_EDGE('',*,*,#4859,.F.);
#3551=ORIENTED_EDGE('',*,*,#4854,.F.);
#3552=ORIENTED_EDGE('',*,*,#4860,.F.);
#3553=ORIENTED_EDGE('',*,*,#4861,.F.);
#3554=ORIENTED_EDGE('',*,*,#4862,.F.);
#3555=ORIENTED_EDGE('',*,*,#4860,.T.);
#3556=ORIENTED_EDGE('',*,*,#4853,.F.);
#3557=ORIENTED_EDGE('',*,*,#4863,.T.);
#3558=ORIENTED_EDGE('',*,*,#4864,.T.);
#3559=ORIENTED_EDGE('',*,*,#4865,.F.);
#3560=ORIENTED_EDGE('',*,*,#4835,.T.);
#3561=ORIENTED_EDGE('',*,*,#4852,.T.);
#3562=ORIENTED_EDGE('',*,*,#4837,.T.);
#3563=ORIENTED_EDGE('',*,*,#4866,.F.);
#3564=ORIENTED_EDGE('',*,*,#4861,.T.);
#3565=ORIENTED_EDGE('',*,*,#4855,.T.);
#3566=ORIENTED_EDGE('',*,*,#4859,.T.);
#3567=ORIENTED_EDGE('',*,*,#4867,.F.);
#3568=ORIENTED_EDGE('',*,*,#4868,.T.);
#3569=ORIENTED_EDGE('',*,*,#4869,.T.);
#3570=ORIENTED_EDGE('',*,*,#4870,.T.);
#3571=ORIENTED_EDGE('',*,*,#4871,.F.);
#3572=ORIENTED_EDGE('',*,*,#4820,.T.);
#3573=ORIENTED_EDGE('',*,*,#4872,.F.);
#3574=ORIENTED_EDGE('',*,*,#4862,.T.);
#3575=ORIENTED_EDGE('',*,*,#4873,.F.);
#3576=ORIENTED_EDGE('',*,*,#4823,.T.);
#3577=ORIENTED_EDGE('',*,*,#4872,.T.);
#3578=ORIENTED_EDGE('',*,*,#4817,.T.);
#3579=ORIENTED_EDGE('',*,*,#4874,.F.);
#3580=ORIENTED_EDGE('',*,*,#4858,.T.);
#3581=ORIENTED_EDGE('',*,*,#4867,.T.);
#3582=ORIENTED_EDGE('',*,*,#4874,.T.);
#3583=ORIENTED_EDGE('',*,*,#4871,.T.);
#3584=ORIENTED_EDGE('',*,*,#4865,.T.);
#3585=ORIENTED_EDGE('',*,*,#4821,.T.);
#3586=ORIENTED_EDGE('',*,*,#4875,.F.);
#3587=ORIENTED_EDGE('',*,*,#4836,.T.);
#3588=ORIENTED_EDGE('',*,*,#4866,.T.);
#3589=ORIENTED_EDGE('',*,*,#4875,.T.);
#3590=ORIENTED_EDGE('',*,*,#4873,.T.);
#3591=ORIENTED_EDGE('',*,*,#4876,.F.);
#3592=ORIENTED_EDGE('',*,*,#4877,.T.);
#3593=ORIENTED_EDGE('',*,*,#4878,.T.);
#3594=ORIENTED_EDGE('',*,*,#4879,.F.);
#3595=ORIENTED_EDGE('',*,*,#4831,.F.);
#3596=ORIENTED_EDGE('',*,*,#4880,.T.);
#3597=ORIENTED_EDGE('',*,*,#4881,.F.);
#3598=ORIENTED_EDGE('',*,*,#4850,.T.);
#3599=ORIENTED_EDGE('',*,*,#4882,.F.);
#3600=ORIENTED_EDGE('',*,*,#4883,.F.);
#3601=ORIENTED_EDGE('',*,*,#4884,.F.);
#3602=ORIENTED_EDGE('',*,*,#4878,.F.);
#3603=ORIENTED_EDGE('',*,*,#4885,.F.);
#3604=ORIENTED_EDGE('',*,*,#4886,.F.);
#3605=ORIENTED_EDGE('',*,*,#4887,.F.);
#3606=ORIENTED_EDGE('',*,*,#4885,.T.);
#3607=ORIENTED_EDGE('',*,*,#4877,.F.);
#3608=ORIENTED_EDGE('',*,*,#4888,.T.);
#3609=ORIENTED_EDGE('',*,*,#4889,.T.);
#3610=ORIENTED_EDGE('',*,*,#4890,.F.);
#3611=ORIENTED_EDGE('',*,*,#4891,.T.);
#3612=ORIENTED_EDGE('',*,*,#4876,.T.);
#3613=ORIENTED_EDGE('',*,*,#4892,.T.);
#3614=ORIENTED_EDGE('',*,*,#4893,.F.);
#3615=ORIENTED_EDGE('',*,*,#4886,.T.);
#3616=ORIENTED_EDGE('',*,*,#4879,.T.);
#3617=ORIENTED_EDGE('',*,*,#4884,.T.);
#3618=ORIENTED_EDGE('',*,*,#4894,.F.);
#3619=ORIENTED_EDGE('',*,*,#4832,.T.);
#3620=ORIENTED_EDGE('',*,*,#4895,.T.);
#3621=ORIENTED_EDGE('',*,*,#4833,.T.);
#3622=ORIENTED_EDGE('',*,*,#4896,.F.);
#3623=ORIENTED_EDGE('',*,*,#4827,.T.);
#3624=ORIENTED_EDGE('',*,*,#4897,.F.);
#3625=ORIENTED_EDGE('',*,*,#4887,.T.);
#3626=ORIENTED_EDGE('',*,*,#4898,.F.);
#3627=ORIENTED_EDGE('',*,*,#4830,.T.);
#3628=ORIENTED_EDGE('',*,*,#4897,.T.);
#3629=ORIENTED_EDGE('',*,*,#4824,.T.);
#3630=ORIENTED_EDGE('',*,*,#4899,.F.);
#3631=ORIENTED_EDGE('',*,*,#4883,.T.);
#3632=ORIENTED_EDGE('',*,*,#4894,.T.);
#3633=ORIENTED_EDGE('',*,*,#4899,.T.);
#3634=ORIENTED_EDGE('',*,*,#4896,.T.);
#3635=ORIENTED_EDGE('',*,*,#4890,.T.);
#3636=ORIENTED_EDGE('',*,*,#4828,.T.);
#3637=ORIENTED_EDGE('',*,*,#4900,.F.);
#3638=ORIENTED_EDGE('',*,*,#4901,.T.);
#3639=ORIENTED_EDGE('',*,*,#4893,.T.);
#3640=ORIENTED_EDGE('',*,*,#4900,.T.);
#3641=ORIENTED_EDGE('',*,*,#4898,.T.);
#3642=ORIENTED_EDGE('',*,*,#4902,.F.);
#3643=ORIENTED_EDGE('',*,*,#4856,.T.);
#3644=ORIENTED_EDGE('',*,*,#4868,.F.);
#3645=ORIENTED_EDGE('',*,*,#4870,.F.);
#3646=ORIENTED_EDGE('',*,*,#4903,.T.);
#3647=ORIENTED_EDGE('',*,*,#4891,.F.);
#3648=ORIENTED_EDGE('',*,*,#4901,.F.);
#3649=ORIENTED_EDGE('',*,*,#4892,.F.);
#3650=ORIENTED_EDGE('',*,*,#4882,.T.);
#3651=ORIENTED_EDGE('',*,*,#4849,.F.);
#3652=ORIENTED_EDGE('',*,*,#4904,.F.);
#3653=ORIENTED_EDGE('',*,*,#4905,.T.);
#3654=ORIENTED_EDGE('',*,*,#4842,.T.);
#3655=ORIENTED_EDGE('',*,*,#4857,.F.);
#3656=ORIENTED_EDGE('',*,*,#4902,.T.);
#3657=ORIENTED_EDGE('',*,*,#4906,.F.);
#3658=ORIENTED_EDGE('',*,*,#4907,.F.);
#3659=ORIENTED_EDGE('',*,*,#4851,.F.);
#3660=ORIENTED_EDGE('',*,*,#4881,.T.);
#3661=ORIENTED_EDGE('',*,*,#4908,.T.);
#3662=ORIENTED_EDGE('',*,*,#4906,.T.);
#3663=ORIENTED_EDGE('',*,*,#4880,.F.);
#3664=ORIENTED_EDGE('',*,*,#4841,.T.);
#3665=ORIENTED_EDGE('',*,*,#4909,.F.);
#3666=ORIENTED_EDGE('',*,*,#4908,.F.);
#3667=ORIENTED_EDGE('',*,*,#4840,.T.);
#3668=ORIENTED_EDGE('',*,*,#4846,.F.);
#3669=ORIENTED_EDGE('',*,*,#4843,.T.);
#3670=ORIENTED_EDGE('',*,*,#4905,.F.);
#3671=ORIENTED_EDGE('',*,*,#4904,.T.);
#3672=ORIENTED_EDGE('',*,*,#4848,.F.);
#3673=ORIENTED_EDGE('',*,*,#4907,.T.);
#3674=ORIENTED_EDGE('',*,*,#4909,.T.);
#3675=ORIENTED_EDGE('',*,*,#4910,.T.);
#3676=ORIENTED_EDGE('',*,*,#4911,.T.);
#3677=ORIENTED_EDGE('',*,*,#4910,.F.);
#3678=ORIENTED_EDGE('',*,*,#4912,.F.);
#3679=ORIENTED_EDGE('',*,*,#4888,.F.);
#3680=ORIENTED_EDGE('',*,*,#4903,.F.);
#3681=ORIENTED_EDGE('',*,*,#4869,.F.);
#3682=ORIENTED_EDGE('',*,*,#4819,.F.);
#3683=ORIENTED_EDGE('',*,*,#4822,.F.);
#3684=ORIENTED_EDGE('',*,*,#4864,.F.);
#3685=ORIENTED_EDGE('',*,*,#4863,.F.);
#3686=ORIENTED_EDGE('',*,*,#4834,.T.);
#3687=ORIENTED_EDGE('',*,*,#4895,.F.);
#3688=ORIENTED_EDGE('',*,*,#4826,.F.);
#3689=ORIENTED_EDGE('',*,*,#4829,.F.);
#3690=ORIENTED_EDGE('',*,*,#4889,.F.);
#3691=ORIENTED_EDGE('',*,*,#4913,.F.);
#3692=ORIENTED_EDGE('',*,*,#4914,.T.);
#3693=ORIENTED_EDGE('',*,*,#4911,.F.);
#3694=ORIENTED_EDGE('',*,*,#4914,.F.);
#3695=ORIENTED_EDGE('',*,*,#4913,.T.);
#3696=ORIENTED_EDGE('',*,*,#4915,.T.);
#3697=ORIENTED_EDGE('',*,*,#4912,.T.);
#3698=ORIENTED_EDGE('',*,*,#4915,.F.);
#3699=ORIENTED_EDGE('',*,*,#4916,.T.);
#3700=ORIENTED_EDGE('',*,*,#4917,.T.);
#3701=ORIENTED_EDGE('',*,*,#4918,.T.);
#3702=ORIENTED_EDGE('',*,*,#4919,.T.);
#3703=ORIENTED_EDGE('',*,*,#4920,.T.);
#3704=ORIENTED_EDGE('',*,*,#4921,.T.);
#3705=ORIENTED_EDGE('',*,*,#4922,.T.);
#3706=ORIENTED_EDGE('',*,*,#4923,.T.);
#3707=ORIENTED_EDGE('',*,*,#4924,.T.);
#3708=ORIENTED_EDGE('',*,*,#4925,.T.);
#3709=ORIENTED_EDGE('',*,*,#4926,.T.);
#3710=ORIENTED_EDGE('',*,*,#4927,.T.);
#3711=ORIENTED_EDGE('',*,*,#4928,.T.);
#3712=ORIENTED_EDGE('',*,*,#4929,.T.);
#3713=ORIENTED_EDGE('',*,*,#4930,.T.);
#3714=ORIENTED_EDGE('',*,*,#4931,.T.);
#3715=ORIENTED_EDGE('',*,*,#4932,.T.);
#3716=ORIENTED_EDGE('',*,*,#4933,.T.);
#3717=ORIENTED_EDGE('',*,*,#4934,.T.);
#3718=ORIENTED_EDGE('',*,*,#4935,.T.);
#3719=ORIENTED_EDGE('',*,*,#4936,.T.);
#3720=ORIENTED_EDGE('',*,*,#4937,.T.);
#3721=ORIENTED_EDGE('',*,*,#4938,.T.);
#3722=ORIENTED_EDGE('',*,*,#4939,.T.);
#3723=ORIENTED_EDGE('',*,*,#4940,.T.);
#3724=ORIENTED_EDGE('',*,*,#4941,.T.);
#3725=ORIENTED_EDGE('',*,*,#4942,.T.);
#3726=ORIENTED_EDGE('',*,*,#4943,.T.);
#3727=ORIENTED_EDGE('',*,*,#4944,.T.);
#3728=ORIENTED_EDGE('',*,*,#4945,.T.);
#3729=ORIENTED_EDGE('',*,*,#4946,.T.);
#3730=ORIENTED_EDGE('',*,*,#4947,.T.);
#3731=ORIENTED_EDGE('',*,*,#4948,.T.);
#3732=ORIENTED_EDGE('',*,*,#4949,.T.);
#3733=ORIENTED_EDGE('',*,*,#4950,.T.);
#3734=ORIENTED_EDGE('',*,*,#4951,.T.);
#3735=ORIENTED_EDGE('',*,*,#4952,.T.);
#3736=ORIENTED_EDGE('',*,*,#4953,.F.);
#3737=ORIENTED_EDGE('',*,*,#4954,.T.);
#3738=ORIENTED_EDGE('',*,*,#4955,.F.);
#3739=ORIENTED_EDGE('',*,*,#4955,.T.);
#3740=ORIENTED_EDGE('',*,*,#4956,.F.);
#3741=ORIENTED_EDGE('',*,*,#4956,.T.);
#3742=ORIENTED_EDGE('',*,*,#4940,.F.);
#3743=ORIENTED_EDGE('',*,*,#4953,.T.);
#3744=ORIENTED_EDGE('',*,*,#4957,.F.);
#3745=ORIENTED_EDGE('',*,*,#4957,.T.);
#3746=ORIENTED_EDGE('',*,*,#4941,.F.);
#3747=ORIENTED_EDGE('',*,*,#4926,.F.);
#3748=ORIENTED_EDGE('',*,*,#4958,.T.);
#3749=ORIENTED_EDGE('',*,*,#4928,.F.);
#3750=ORIENTED_EDGE('',*,*,#4959,.T.);
#3751=ORIENTED_EDGE('',*,*,#4930,.F.);
#3752=ORIENTED_EDGE('',*,*,#4960,.T.);
#3753=ORIENTED_EDGE('',*,*,#4916,.F.);
#3754=ORIENTED_EDGE('',*,*,#4961,.T.);
#3755=ORIENTED_EDGE('',*,*,#4922,.F.);
#3756=ORIENTED_EDGE('',*,*,#4962,.T.);
#3757=ORIENTED_EDGE('',*,*,#4924,.F.);
#3758=ORIENTED_EDGE('',*,*,#4963,.T.);
#3759=ORIENTED_EDGE('',*,*,#4918,.F.);
#3760=ORIENTED_EDGE('',*,*,#4964,.T.);
#3761=ORIENTED_EDGE('',*,*,#4920,.F.);
#3762=ORIENTED_EDGE('',*,*,#4965,.T.);
#3763=ORIENTED_EDGE('',*,*,#4966,.F.);
#3764=ORIENTED_EDGE('',*,*,#4963,.F.);
#3765=ORIENTED_EDGE('',*,*,#4967,.F.);
#3766=ORIENTED_EDGE('',*,*,#4937,.F.);
#3767=ORIENTED_EDGE('',*,*,#4967,.T.);
#3768=ORIENTED_EDGE('',*,*,#4927,.F.);
#3769=ORIENTED_EDGE('',*,*,#4968,.F.);
#3770=ORIENTED_EDGE('',*,*,#4938,.F.);
#3771=ORIENTED_EDGE('',*,*,#4966,.T.);
#3772=ORIENTED_EDGE('',*,*,#4936,.F.);
#3773=ORIENTED_EDGE('',*,*,#4969,.F.);
#3774=ORIENTED_EDGE('',*,*,#4923,.F.);
#3775=ORIENTED_EDGE('',*,*,#4968,.T.);
#3776=ORIENTED_EDGE('',*,*,#4959,.F.);
#3777=ORIENTED_EDGE('',*,*,#4970,.F.);
#3778=ORIENTED_EDGE('',*,*,#4939,.F.);
#3779=ORIENTED_EDGE('',*,*,#4969,.T.);
#3780=ORIENTED_EDGE('',*,*,#4935,.F.);
#3781=ORIENTED_EDGE('',*,*,#4971,.F.);
#3782=ORIENTED_EDGE('',*,*,#4965,.F.);
#3783=ORIENTED_EDGE('',*,*,#4970,.T.);
#3784=ORIENTED_EDGE('',*,*,#4931,.F.);
#3785=ORIENTED_EDGE('',*,*,#4972,.F.);
#3786=ORIENTED_EDGE('',*,*,#4932,.F.);
#3787=ORIENTED_EDGE('',*,*,#4971,.T.);
#3788=ORIENTED_EDGE('',*,*,#4934,.F.);
#3789=ORIENTED_EDGE('',*,*,#4973,.F.);
#3790=ORIENTED_EDGE('',*,*,#4919,.F.);
#3791=ORIENTED_EDGE('',*,*,#4972,.T.);
#3792=ORIENTED_EDGE('',*,*,#4961,.F.);
#3793=ORIENTED_EDGE('',*,*,#4973,.T.);
#3794=ORIENTED_EDGE('',*,*,#4933,.F.);
#3795=ORIENTED_EDGE('',*,*,#4974,.F.);
#3796=ORIENTED_EDGE('',*,*,#4962,.F.);
#3797=ORIENTED_EDGE('',*,*,#4975,.F.);
#3798=ORIENTED_EDGE('',*,*,#4949,.F.);
#3799=ORIENTED_EDGE('',*,*,#4975,.T.);
#3800=ORIENTED_EDGE('',*,*,#4921,.F.);
#3801=ORIENTED_EDGE('',*,*,#4976,.F.);
#3802=ORIENTED_EDGE('',*,*,#4950,.F.);
#3803=ORIENTED_EDGE('',*,*,#4974,.T.);
#3804=ORIENTED_EDGE('',*,*,#4948,.F.);
#3805=ORIENTED_EDGE('',*,*,#4977,.F.);
#3806=ORIENTED_EDGE('',*,*,#4925,.F.);
#3807=ORIENTED_EDGE('',*,*,#4976,.T.);
#3808=ORIENTED_EDGE('',*,*,#4964,.F.);
#3809=ORIENTED_EDGE('',*,*,#4978,.F.);
#3810=ORIENTED_EDGE('',*,*,#4951,.F.);
#3811=ORIENTED_EDGE('',*,*,#4977,.T.);
#3812=ORIENTED_EDGE('',*,*,#4947,.F.);
#3813=ORIENTED_EDGE('',*,*,#4979,.F.);
#3814=ORIENTED_EDGE('',*,*,#4958,.F.);
#3815=ORIENTED_EDGE('',*,*,#4978,.T.);
#3816=ORIENTED_EDGE('',*,*,#4917,.F.);
#3817=ORIENTED_EDGE('',*,*,#4980,.F.);
#3818=ORIENTED_EDGE('',*,*,#4944,.F.);
#3819=ORIENTED_EDGE('',*,*,#4979,.T.);
#3820=ORIENTED_EDGE('',*,*,#4946,.F.);
#3821=ORIENTED_EDGE('',*,*,#4981,.F.);
#3822=ORIENTED_EDGE('',*,*,#4929,.F.);
#3823=ORIENTED_EDGE('',*,*,#4980,.T.);
#3824=ORIENTED_EDGE('',*,*,#4960,.F.);
#3825=ORIENTED_EDGE('',*,*,#4981,.T.);
#3826=ORIENTED_EDGE('',*,*,#4945,.F.);
#3827=ORIENTED_EDGE('',*,*,#4942,.F.);
#3828=ORIENTED_EDGE('',*,*,#4952,.F.);
#3829=ORIENTED_EDGE('',*,*,#4943,.F.);
#3830=ORIENTED_EDGE('',*,*,#4954,.F.);
#3831=ORIENTED_EDGE('',*,*,#4982,.T.);
#3832=ORIENTED_EDGE('',*,*,#4983,.T.);
#3833=ORIENTED_EDGE('',*,*,#4984,.T.);
#3834=ORIENTED_EDGE('',*,*,#4985,.F.);
#3835=ORIENTED_EDGE('',*,*,#4986,.T.);
#3836=ORIENTED_EDGE('',*,*,#4987,.T.);
#3837=ORIENTED_EDGE('',*,*,#4988,.F.);
#3838=ORIENTED_EDGE('',*,*,#4983,.F.);
#3839=ORIENTED_EDGE('',*,*,#4989,.T.);
#3840=ORIENTED_EDGE('',*,*,#4990,.T.);
#3841=ORIENTED_EDGE('',*,*,#4991,.T.);
#3842=ORIENTED_EDGE('',*,*,#4992,.T.);
#3843=ORIENTED_EDGE('',*,*,#4993,.F.);
#3844=ORIENTED_EDGE('',*,*,#4990,.F.);
#3845=ORIENTED_EDGE('',*,*,#4994,.F.);
#3846=ORIENTED_EDGE('',*,*,#4985,.T.);
#3847=ORIENTED_EDGE('',*,*,#4995,.F.);
#3848=ORIENTED_EDGE('',*,*,#4996,.F.);
#3849=ORIENTED_EDGE('',*,*,#4997,.T.);
#3850=ORIENTED_EDGE('',*,*,#4992,.F.);
#3851=ORIENTED_EDGE('',*,*,#4996,.T.);
#3852=ORIENTED_EDGE('',*,*,#4998,.T.);
#3853=ORIENTED_EDGE('',*,*,#4999,.F.);
#3854=ORIENTED_EDGE('',*,*,#5000,.F.);
#3855=ORIENTED_EDGE('',*,*,#5001,.T.);
#3856=ORIENTED_EDGE('',*,*,#5002,.T.);
#3857=ORIENTED_EDGE('',*,*,#4998,.F.);
#3858=ORIENTED_EDGE('',*,*,#4995,.T.);
#3859=ORIENTED_EDGE('',*,*,#4984,.F.);
#3860=ORIENTED_EDGE('',*,*,#4988,.T.);
#3861=ORIENTED_EDGE('',*,*,#5003,.T.);
#3862=ORIENTED_EDGE('',*,*,#5004,.F.);
#3863=ORIENTED_EDGE('',*,*,#5005,.T.);
#3864=ORIENTED_EDGE('',*,*,#5006,.T.);
#3865=ORIENTED_EDGE('',*,*,#5007,.T.);
#3866=ORIENTED_EDGE('',*,*,#4986,.F.);
#3867=ORIENTED_EDGE('',*,*,#4993,.T.);
#3868=ORIENTED_EDGE('',*,*,#4997,.F.);
#3869=ORIENTED_EDGE('',*,*,#5000,.T.);
#3870=ORIENTED_EDGE('',*,*,#5008,.T.);
#3871=ORIENTED_EDGE('',*,*,#5009,.F.);
#3872=ORIENTED_EDGE('',*,*,#5003,.F.);
#3873=ORIENTED_EDGE('',*,*,#4987,.F.);
#3874=ORIENTED_EDGE('',*,*,#5007,.F.);
#3875=ORIENTED_EDGE('',*,*,#5002,.F.);
#3876=ORIENTED_EDGE('',*,*,#5010,.F.);
#3877=ORIENTED_EDGE('',*,*,#5011,.F.);
#3878=ORIENTED_EDGE('',*,*,#5012,.F.);
#3879=ORIENTED_EDGE('',*,*,#5008,.F.);
#3880=ORIENTED_EDGE('',*,*,#4999,.T.);
#3881=ORIENTED_EDGE('',*,*,#5013,.T.);
#3882=ORIENTED_EDGE('',*,*,#5014,.T.);
#3883=ORIENTED_EDGE('',*,*,#5010,.T.);
#3884=ORIENTED_EDGE('',*,*,#5001,.F.);
#3885=ORIENTED_EDGE('',*,*,#5015,.F.);
#3886=ORIENTED_EDGE('',*,*,#5013,.F.);
#3887=ORIENTED_EDGE('',*,*,#5004,.T.);
#3888=ORIENTED_EDGE('',*,*,#5009,.T.);
#3889=ORIENTED_EDGE('',*,*,#5006,.F.);
#3890=ORIENTED_EDGE('',*,*,#5016,.T.);
#3891=ORIENTED_EDGE('',*,*,#5017,.T.);
#3892=ORIENTED_EDGE('',*,*,#5018,.T.);
#3893=ORIENTED_EDGE('',*,*,#5019,.F.);
#3894=ORIENTED_EDGE('',*,*,#5020,.T.);
#3895=ORIENTED_EDGE('',*,*,#5021,.F.);
#3896=ORIENTED_EDGE('',*,*,#5022,.T.);
#3897=ORIENTED_EDGE('',*,*,#5012,.T.);
#3898=ORIENTED_EDGE('',*,*,#5023,.F.);
#3899=ORIENTED_EDGE('',*,*,#5016,.F.);
#3900=ORIENTED_EDGE('',*,*,#5005,.F.);
#3901=ORIENTED_EDGE('',*,*,#5024,.T.);
#3902=ORIENTED_EDGE('',*,*,#5011,.T.);
#3903=ORIENTED_EDGE('',*,*,#5025,.T.);
#3904=ORIENTED_EDGE('',*,*,#5026,.F.);
#3905=ORIENTED_EDGE('',*,*,#5027,.F.);
#3906=ORIENTED_EDGE('',*,*,#5028,.T.);
#3907=ORIENTED_EDGE('',*,*,#5025,.F.);
#3908=ORIENTED_EDGE('',*,*,#5014,.F.);
#3909=ORIENTED_EDGE('',*,*,#5015,.T.);
#3910=ORIENTED_EDGE('',*,*,#5018,.F.);
#3911=ORIENTED_EDGE('',*,*,#5029,.T.);
#3912=ORIENTED_EDGE('',*,*,#5030,.T.);
#3913=ORIENTED_EDGE('',*,*,#5027,.T.);
#3914=ORIENTED_EDGE('',*,*,#5023,.T.);
#3915=ORIENTED_EDGE('',*,*,#5024,.F.);
#3916=ORIENTED_EDGE('',*,*,#5031,.T.);
#3917=ORIENTED_EDGE('',*,*,#5029,.F.);
#3918=ORIENTED_EDGE('',*,*,#5017,.F.);
#3919=ORIENTED_EDGE('',*,*,#5032,.T.);
#3920=ORIENTED_EDGE('',*,*,#5033,.T.);
#3921=ORIENTED_EDGE('',*,*,#5034,.T.);
#3922=ORIENTED_EDGE('',*,*,#5019,.T.);
#3923=ORIENTED_EDGE('',*,*,#5032,.F.);
#3924=ORIENTED_EDGE('',*,*,#5022,.F.);
#3925=ORIENTED_EDGE('',*,*,#5035,.T.);
#3926=ORIENTED_EDGE('',*,*,#5036,.F.);
#3927=ORIENTED_EDGE('',*,*,#5035,.F.);
#3928=ORIENTED_EDGE('',*,*,#5021,.T.);
#3929=ORIENTED_EDGE('',*,*,#5037,.F.);
#3930=ORIENTED_EDGE('',*,*,#5038,.F.);
#3931=ORIENTED_EDGE('',*,*,#5037,.T.);
#3932=ORIENTED_EDGE('',*,*,#5020,.F.);
#3933=ORIENTED_EDGE('',*,*,#5034,.F.);
#3934=ORIENTED_EDGE('',*,*,#5039,.F.);
#3935=ORIENTED_EDGE('',*,*,#5026,.T.);
#3936=ORIENTED_EDGE('',*,*,#5028,.F.);
#3937=ORIENTED_EDGE('',*,*,#5030,.F.);
#3938=ORIENTED_EDGE('',*,*,#5031,.F.);
#3939=ORIENTED_EDGE('',*,*,#5033,.F.);
#3940=ORIENTED_EDGE('',*,*,#5036,.T.);
#3941=ORIENTED_EDGE('',*,*,#5038,.T.);
#3942=ORIENTED_EDGE('',*,*,#5039,.T.);
#3943=ORIENTED_EDGE('',*,*,#4982,.F.);
#3944=ORIENTED_EDGE('',*,*,#4994,.T.);
#3945=ORIENTED_EDGE('',*,*,#4991,.F.);
#3946=ORIENTED_EDGE('',*,*,#4989,.F.);
#3947=ORIENTED_EDGE('',*,*,#5040,.T.);
#3948=ORIENTED_EDGE('',*,*,#5041,.F.);
#3949=ORIENTED_EDGE('',*,*,#5042,.F.);
#3950=ORIENTED_EDGE('',*,*,#5043,.T.);
#3951=ORIENTED_EDGE('',*,*,#5044,.T.);
#3952=ORIENTED_EDGE('',*,*,#5045,.F.);
#3953=ORIENTED_EDGE('',*,*,#5046,.F.);
#3954=ORIENTED_EDGE('',*,*,#5041,.T.);
#3955=ORIENTED_EDGE('',*,*,#5047,.T.);
#3956=ORIENTED_EDGE('',*,*,#5048,.F.);
#3957=ORIENTED_EDGE('',*,*,#5049,.F.);
#3958=ORIENTED_EDGE('',*,*,#5045,.T.);
#3959=ORIENTED_EDGE('',*,*,#5050,.T.);
#3960=ORIENTED_EDGE('',*,*,#5043,.F.);
#3961=ORIENTED_EDGE('',*,*,#5051,.F.);
#3962=ORIENTED_EDGE('',*,*,#5048,.T.);
#3963=ORIENTED_EDGE('',*,*,#5042,.T.);
#3964=ORIENTED_EDGE('',*,*,#5046,.T.);
#3965=ORIENTED_EDGE('',*,*,#5049,.T.);
#3966=ORIENTED_EDGE('',*,*,#5051,.T.);
#3967=ORIENTED_EDGE('',*,*,#5040,.F.);
#3968=ORIENTED_EDGE('',*,*,#5050,.F.);
#3969=ORIENTED_EDGE('',*,*,#5047,.F.);
#3970=ORIENTED_EDGE('',*,*,#5044,.F.);
#3971=EDGE_CURVE('',#5052,#5053,#5743,.F.);
#3972=EDGE_CURVE('',#5053,#5054,#531,.T.);
#3973=EDGE_CURVE('',#5055,#5054,#532,.T.);
#3974=EDGE_CURVE('',#5055,#5056,#533,.T.);
#3975=EDGE_CURVE('',#5057,#5056,#534,.T.);
#3976=EDGE_CURVE('',#5057,#5058,#535,.F.);
#3977=EDGE_CURVE('',#5059,#5058,#536,.T.);
#3978=EDGE_CURVE('',#5059,#5052,#537,.T.);
#3979=EDGE_CURVE('',#5060,#5061,#538,.T.);
#3980=EDGE_CURVE('',#5061,#5062,#539,.T.);
#3981=EDGE_CURVE('',#5063,#5062,#540,.T.);
#3982=EDGE_CURVE('',#5063,#5064,#541,.T.);
#3983=EDGE_CURVE('',#5064,#5065,#542,.F.);
#3984=EDGE_CURVE('',#5065,#5060,#543,.T.);
#3985=EDGE_CURVE('',#5066,#5066,#5744,.F.);
#3986=EDGE_CURVE('',#5067,#5067,#5745,.F.);
#3987=EDGE_CURVE('',#5068,#5068,#5746,.F.);
#3988=EDGE_CURVE('',#5069,#5069,#5747,.F.);
#3989=EDGE_CURVE('',#5070,#5071,#544,.T.);
#3990=EDGE_CURVE('',#5071,#5072,#545,.T.);
#3991=EDGE_CURVE('',#5072,#5073,#546,.F.);
#3992=EDGE_CURVE('',#5073,#5074,#547,.T.);
#3993=EDGE_CURVE('',#5074,#5075,#548,.T.);
#3994=EDGE_CURVE('',#5075,#5076,#549,.T.);
#3995=EDGE_CURVE('',#5076,#5077,#550,.T.);
#3996=EDGE_CURVE('',#5077,#5078,#5748,.F.);
#3997=EDGE_CURVE('',#5078,#5079,#551,.T.);
#3998=EDGE_CURVE('',#5079,#5080,#5749,.F.);
#3999=EDGE_CURVE('',#5080,#5081,#552,.T.);
#4000=EDGE_CURVE('',#5081,#5082,#553,.T.);
#4001=EDGE_CURVE('',#5083,#5082,#554,.T.);
#4002=EDGE_CURVE('',#5083,#5084,#555,.T.);
#4003=EDGE_CURVE('',#5084,#5085,#556,.F.);
#4004=EDGE_CURVE('',#5085,#5086,#557,.T.);
#4005=EDGE_CURVE('',#5087,#5086,#558,.T.);
#4006=EDGE_CURVE('',#5070,#5087,#559,.T.);
#4007=EDGE_CURVE('',#5088,#5089,#560,.T.);
#4008=EDGE_CURVE('',#5089,#5090,#561,.F.);
#4009=EDGE_CURVE('',#5090,#5091,#562,.F.);
#4010=EDGE_CURVE('',#5091,#5092,#563,.T.);
#4011=EDGE_CURVE('',#5092,#5093,#564,.F.);
#4012=EDGE_CURVE('',#5093,#5094,#565,.F.);
#4013=EDGE_CURVE('',#5094,#5095,#566,.T.);
#4014=EDGE_CURVE('',#5095,#5088,#567,.T.);
#4015=EDGE_CURVE('',#5096,#5097,#568,.T.);
#4016=EDGE_CURVE('',#5097,#5098,#569,.F.);
#4017=EDGE_CURVE('',#5098,#5099,#570,.F.);
#4018=EDGE_CURVE('',#5099,#5100,#571,.F.);
#4019=EDGE_CURVE('',#5100,#5101,#572,.T.);
#4020=EDGE_CURVE('',#5101,#5102,#573,.T.);
#4021=EDGE_CURVE('',#5102,#5103,#574,.F.);
#4022=EDGE_CURVE('',#5103,#5104,#5750,.T.);
#4023=EDGE_CURVE('',#5104,#5105,#575,.T.);
#4024=EDGE_CURVE('',#5105,#5096,#5751,.T.);
#4025=EDGE_CURVE('',#5106,#5107,#576,.F.);
#4026=EDGE_CURVE('',#5107,#5108,#577,.T.);
#4027=EDGE_CURVE('',#5108,#5109,#5752,.T.);
#4028=EDGE_CURVE('',#5109,#5110,#578,.F.);
#4029=EDGE_CURVE('',#5110,#5111,#5753,.T.);
#4030=EDGE_CURVE('',#5111,#5112,#579,.T.);
#4031=EDGE_CURVE('',#5113,#5112,#580,.T.);
#4032=EDGE_CURVE('',#5113,#5114,#581,.T.);
#4033=EDGE_CURVE('',#5114,#5115,#582,.F.);
#4034=EDGE_CURVE('',#5115,#5106,#583,.F.);
#4035=EDGE_CURVE('',#5116,#5117,#584,.T.);
#4036=EDGE_CURVE('',#5117,#5118,#585,.T.);
#4037=EDGE_CURVE('',#5118,#5119,#586,.T.);
#4038=EDGE_CURVE('',#5119,#5120,#587,.T.);
#4039=EDGE_CURVE('',#5120,#5121,#588,.T.);
#4040=EDGE_CURVE('',#5121,#5122,#589,.T.);
#4041=EDGE_CURVE('',#5122,#5123,#590,.T.);
#4042=EDGE_CURVE('',#5123,#5116,#591,.F.);
#4043=EDGE_CURVE('',#5124,#5125,#592,.F.);
#4044=EDGE_CURVE('',#5125,#5126,#593,.F.);
#4045=EDGE_CURVE('',#5126,#5127,#594,.F.);
#4046=EDGE_CURVE('',#5127,#5128,#595,.T.);
#4047=EDGE_CURVE('',#5128,#5124,#596,.T.);
#4048=EDGE_CURVE('',#5129,#5130,#597,.T.);
#4049=EDGE_CURVE('',#5130,#5131,#598,.T.);
#4050=EDGE_CURVE('',#5131,#5132,#599,.T.);
#4051=EDGE_CURVE('',#5132,#5133,#600,.T.);
#4052=EDGE_CURVE('',#5133,#5134,#601,.T.);
#4053=EDGE_CURVE('',#5134,#5129,#602,.T.);
#4054=EDGE_CURVE('',#5135,#5136,#603,.F.);
#4055=EDGE_CURVE('',#5136,#5057,#604,.T.);
#4056=EDGE_CURVE('',#5056,#5137,#605,.T.);
#4057=EDGE_CURVE('',#5137,#5138,#606,.T.);
#4058=EDGE_CURVE('',#5138,#5139,#345,.T.);
#4059=EDGE_CURVE('',#5139,#5140,#607,.T.);
#4060=EDGE_CURVE('',#5140,#5141,#608,.T.);
#4061=EDGE_CURVE('',#5141,#5142,#609,.T.);
#4062=EDGE_CURVE('',#5142,#5143,#346,.T.);
#4063=EDGE_CURVE('',#5143,#5144,#610,.T.);
#4064=EDGE_CURVE('',#5144,#5145,#611,.T.);
#4065=EDGE_CURVE('',#5145,#5146,#612,.T.);
#4066=EDGE_CURVE('',#5146,#5147,#613,.T.);
#4067=EDGE_CURVE('',#5147,#5148,#614,.T.);
#4068=EDGE_CURVE('',#5148,#5149,#615,.F.);
#4069=EDGE_CURVE('',#5150,#5149,#616,.T.);
#4070=EDGE_CURVE('',#5151,#5150,#617,.T.);
#4071=EDGE_CURVE('',#5151,#5152,#347,.T.);
#4072=EDGE_CURVE('',#5152,#5153,#618,.F.);
#4073=EDGE_CURVE('',#5153,#5154,#348,.T.);
#4074=EDGE_CURVE('',#5155,#5154,#619,.T.);
#4075=EDGE_CURVE('',#5155,#5156,#349,.T.);
#4076=EDGE_CURVE('',#5156,#5157,#620,.T.);
#4077=EDGE_CURVE('',#5157,#5158,#350,.T.);
#4078=EDGE_CURVE('',#5159,#5158,#621,.T.);
#4079=EDGE_CURVE('',#5159,#5160,#622,.T.);
#4080=EDGE_CURVE('',#5160,#5161,#623,.F.);
#4081=EDGE_CURVE('',#5162,#5161,#624,.T.);
#4082=EDGE_CURVE('',#5163,#5162,#625,.T.);
#4083=EDGE_CURVE('',#5163,#5164,#351,.T.);
#4084=EDGE_CURVE('',#5164,#5165,#626,.F.);
#4085=EDGE_CURVE('',#5165,#5166,#352,.T.);
#4086=EDGE_CURVE('',#5167,#5166,#627,.T.);
#4087=EDGE_CURVE('',#5167,#5168,#353,.T.);
#4088=EDGE_CURVE('',#5168,#5169,#628,.T.);
#4089=EDGE_CURVE('',#5169,#5170,#354,.T.);
#4090=EDGE_CURVE('',#5171,#5170,#629,.T.);
#4091=EDGE_CURVE('',#5171,#5172,#630,.T.);
#4092=EDGE_CURVE('',#5172,#5135,#631,.F.);
#4093=EDGE_CURVE('',#5173,#5174,#632,.T.);
#4094=EDGE_CURVE('',#5174,#5175,#633,.T.);
#4095=EDGE_CURVE('',#5175,#5176,#634,.T.);
#4096=EDGE_CURVE('',#5176,#5177,#635,.F.);
#4097=EDGE_CURVE('',#5177,#5173,#636,.T.);
#4098=EDGE_CURVE('',#5178,#5179,#637,.T.);
#4099=EDGE_CURVE('',#5178,#5180,#638,.T.);
#4100=EDGE_CURVE('',#5180,#5181,#5754,.T.);
#4101=EDGE_CURVE('',#5181,#5182,#639,.T.);
#4102=EDGE_CURVE('',#5182,#5183,#640,.T.);
#4103=EDGE_CURVE('',#5183,#5146,#641,.F.);
#4104=EDGE_CURVE('',#5179,#5145,#642,.T.);
#4105=EDGE_CURVE('',#5184,#5184,#5755,.T.);
#4106=EDGE_CURVE('',#5185,#5185,#5756,.T.);
#4107=EDGE_CURVE('',#5186,#5186,#5757,.T.);
#4108=EDGE_CURVE('',#5187,#5187,#5758,.T.);
#4109=EDGE_CURVE('',#5188,#5189,#643,.F.);
#4110=EDGE_CURVE('',#5188,#5190,#5759,.F.);
#4111=EDGE_CURVE('',#5190,#5191,#644,.F.);
#4112=EDGE_CURVE('',#5191,#5189,#247,.F.);
#4113=EDGE_CURVE('',#5192,#5193,#645,.T.);
#4114=EDGE_CURVE('',#5193,#5194,#646,.T.);
#4115=EDGE_CURVE('',#5190,#5194,#647,.T.);
#4116=EDGE_CURVE('',#5188,#5195,#648,.T.);
#4117=EDGE_CURVE('',#5195,#5196,#649,.T.);
#4118=EDGE_CURVE('',#5197,#5196,#650,.T.);
#4119=EDGE_CURVE('',#5198,#5197,#5760,.F.);
#4120=EDGE_CURVE('',#5198,#5199,#651,.T.);
#4121=EDGE_CURVE('',#5199,#5200,#652,.T.);
#4122=EDGE_CURVE('',#5201,#5200,#653,.T.);
#4123=EDGE_CURVE('',#5192,#5201,#654,.T.);
#4124=EDGE_CURVE('',#5202,#5202,#5761,.T.);
#4125=EDGE_CURVE('',#5203,#5203,#5762,.F.);
#4126=EDGE_CURVE('',#5204,#5204,#5763,.T.);
#4127=EDGE_CURVE('',#5205,#5205,#5764,.F.);
#4128=EDGE_CURVE('',#5206,#5206,#5765,.T.);
#4129=EDGE_CURVE('',#5207,#5207,#5766,.T.);
#4130=EDGE_CURVE('',#5208,#5208,#5767,.T.);
#4131=EDGE_CURVE('',#5209,#5209,#5768,.T.);
#4132=EDGE_CURVE('',#5210,#5210,#5769,.T.);
#4133=EDGE_CURVE('',#5211,#5211,#5770,.T.);
#4134=EDGE_CURVE('',#5212,#5213,#655,.T.);
#4135=EDGE_CURVE('',#5212,#5214,#656,.T.);
#4136=EDGE_CURVE('',#5214,#5215,#657,.T.);
#4137=EDGE_CURVE('',#5215,#5216,#658,.F.);
#4138=EDGE_CURVE('',#5217,#5216,#659,.T.);
#4139=EDGE_CURVE('',#5218,#5217,#660,.T.);
#4140=EDGE_CURVE('',#5218,#5213,#661,.T.);
#4141=EDGE_CURVE('',#5219,#5217,#662,.T.);
#4142=EDGE_CURVE('',#5219,#5218,#663,.T.);
#4143=EDGE_CURVE('',#5213,#5220,#664,.T.);
#4144=EDGE_CURVE('',#5220,#5221,#665,.T.);
#4145=EDGE_CURVE('',#5221,#5212,#666,.T.);
#4146=EDGE_CURVE('',#5222,#5223,#667,.T.);
#4147=EDGE_CURVE('',#5222,#5224,#668,.T.);
#4148=EDGE_CURVE('',#5224,#5225,#669,.T.);
#4149=EDGE_CURVE('',#5225,#5223,#670,.T.);
#4150=EDGE_CURVE('',#5226,#5227,#671,.T.);
#4151=EDGE_CURVE('',#5227,#5228,#672,.T.);
#4152=EDGE_CURVE('',#5228,#5226,#673,.T.);
#4153=EDGE_CURVE('',#5229,#5230,#674,.T.);
#4154=EDGE_CURVE('',#5230,#5222,#675,.T.);
#4155=EDGE_CURVE('',#5223,#5227,#676,.T.);
#4156=EDGE_CURVE('',#5231,#5226,#677,.T.);
#4157=EDGE_CURVE('',#5231,#5229,#678,.F.);
#4158=EDGE_CURVE('',#5232,#5232,#5771,.T.);
#4159=EDGE_CURVE('',#5233,#5233,#5772,.T.);
#4160=EDGE_CURVE('',#5106,#5234,#679,.T.);
#4161=EDGE_CURVE('',#5234,#5229,#680,.T.);
#4162=EDGE_CURVE('',#5231,#5107,#681,.F.);
#4163=EDGE_CURVE('',#5235,#5236,#682,.T.);
#4164=EDGE_CURVE('',#5236,#5237,#683,.T.);
#4165=EDGE_CURVE('',#5237,#5238,#684,.T.);
#4166=EDGE_CURVE('',#5238,#5239,#685,.F.);
#4167=EDGE_CURVE('',#5239,#5235,#686,.T.);
#4168=EDGE_CURVE('',#5215,#5240,#687,.T.);
#4169=EDGE_CURVE('',#5240,#5098,#688,.T.);
#4170=EDGE_CURVE('',#5097,#5216,#689,.F.);
#4171=EDGE_CURVE('',#5241,#5241,#5773,.F.);
#4172=EDGE_CURVE('',#5242,#5242,#5774,.F.);
#4173=EDGE_CURVE('',#5243,#5243,#5775,.F.);
#4174=EDGE_CURVE('',#5244,#5244,#5776,.F.);
#4175=EDGE_CURVE('',#5060,#5245,#690,.T.);
#4176=EDGE_CURVE('',#5245,#5246,#691,.T.);
#4177=EDGE_CURVE('',#5246,#5247,#692,.T.);
#4178=EDGE_CURVE('',#5191,#5247,#693,.T.);
#4179=EDGE_CURVE('',#5194,#5061,#694,.T.);
#4180=EDGE_CURVE('',#5248,#5249,#695,.T.);
#4181=EDGE_CURVE('',#5249,#5250,#696,.T.);
#4182=EDGE_CURVE('',#5251,#5250,#697,.T.);
#4183=EDGE_CURVE('',#5251,#5199,#698,.T.);
#4184=EDGE_CURVE('',#5252,#5198,#699,.T.);
#4185=EDGE_CURVE('',#5252,#5253,#700,.T.);
#4186=EDGE_CURVE('',#5248,#5253,#701,.T.);
#4187=EDGE_CURVE('',#5254,#5255,#702,.T.);
#4188=EDGE_CURVE('',#5255,#5256,#703,.T.);
#4189=EDGE_CURVE('',#5256,#5257,#704,.T.);
#4190=EDGE_CURVE('',#5257,#5258,#705,.T.);
#4191=EDGE_CURVE('',#5258,#5259,#706,.T.);
#4192=EDGE_CURVE('',#5259,#5260,#707,.F.);
#4193=EDGE_CURVE('',#5260,#5261,#708,.T.);
#4194=EDGE_CURVE('',#5261,#5262,#709,.T.);
#4195=EDGE_CURVE('',#5262,#5263,#710,.F.);
#4196=EDGE_CURVE('',#5263,#5231,#711,.T.);
#4197=EDGE_CURVE('',#5228,#5225,#712,.T.);
#4198=EDGE_CURVE('',#5224,#5248,#713,.T.);
#4199=EDGE_CURVE('',#5253,#5264,#714,.T.);
#4200=EDGE_CURVE('',#5264,#5265,#715,.F.);
#4201=EDGE_CURVE('',#5247,#5265,#716,.T.);
#4202=EDGE_CURVE('',#5246,#5221,#717,.T.);
#4203=EDGE_CURVE('',#5220,#5219,#718,.T.);
#4204=EDGE_CURVE('',#5216,#5254,#719,.T.);
#4205=EDGE_CURVE('',#5197,#5266,#720,.F.);
#4206=EDGE_CURVE('',#5266,#5252,#248,.F.);
#4207=EDGE_CURVE('',#5267,#5267,#5777,.T.);
#4208=EDGE_CURVE('',#5268,#5268,#5778,.T.);
#4209=EDGE_CURVE('',#5115,#5072,#721,.T.);
#4210=EDGE_CURVE('',#5269,#5072,#722,.T.);
#4211=EDGE_CURVE('',#5270,#5269,#723,.F.);
#4212=EDGE_CURVE('',#5270,#5234,#724,.T.);
#4213=EDGE_CURVE('',#5271,#5272,#725,.T.);
#4214=EDGE_CURVE('',#5271,#5251,#726,.T.);
#4215=EDGE_CURVE('',#5250,#5270,#727,.T.);
#4216=EDGE_CURVE('',#5269,#5272,#728,.T.);
#4217=EDGE_CURVE('',#5085,#5064,#729,.T.);
#4218=EDGE_CURVE('',#5085,#5099,#730,.T.);
#4219=EDGE_CURVE('',#5240,#5065,#731,.T.);
#4220=EDGE_CURVE('',#5058,#5273,#732,.T.);
#4221=EDGE_CURVE('',#5273,#5274,#733,.T.);
#4222=EDGE_CURVE('',#5274,#5059,#734,.T.);
#4223=EDGE_CURVE('',#5275,#5276,#735,.T.);
#4224=EDGE_CURVE('',#5276,#5274,#736,.T.);
#4225=EDGE_CURVE('',#5273,#5275,#737,.F.);
#4226=EDGE_CURVE('',#5170,#5163,#5779,.F.);
#4227=EDGE_CURVE('',#5162,#5171,#5780,.T.);
#4228=EDGE_CURVE('',#5161,#5172,#5781,.T.);
#4229=EDGE_CURVE('',#5158,#5151,#5782,.F.);
#4230=EDGE_CURVE('',#5150,#5159,#5783,.T.);
#4231=EDGE_CURVE('',#5149,#5160,#5784,.T.);
#4232=EDGE_CURVE('',#5277,#5278,#738,.T.);
#4233=EDGE_CURVE('',#5278,#5276,#739,.T.);
#4234=EDGE_CURVE('',#5275,#5279,#740,.F.);
#4235=EDGE_CURVE('',#5279,#5280,#5785,.T.);
#4236=EDGE_CURVE('',#5280,#5281,#741,.F.);
#4237=EDGE_CURVE('',#5281,#5282,#5786,.T.);
#4238=EDGE_CURVE('',#5282,#5277,#742,.F.);
#4239=EDGE_CURVE('',#5283,#5284,#743,.T.);
#4240=EDGE_CURVE('',#5284,#5278,#744,.F.);
#4241=EDGE_CURVE('',#5277,#5283,#745,.T.);
#4242=EDGE_CURVE('',#5182,#5284,#746,.T.);
#4243=EDGE_CURVE('',#5283,#5183,#747,.T.);
#4244=EDGE_CURVE('',#5264,#5285,#748,.F.);
#4245=EDGE_CURVE('',#5285,#5286,#749,.F.);
#4246=EDGE_CURVE('',#5286,#5265,#750,.F.);
#4247=EDGE_CURVE('',#5286,#5287,#751,.T.);
#4248=EDGE_CURVE('',#5189,#5287,#752,.T.);
#4249=EDGE_CURVE('',#5266,#5288,#753,.T.);
#4250=EDGE_CURVE('',#5288,#5285,#754,.T.);
#4251=EDGE_CURVE('',#5289,#5289,#5787,.T.);
#4252=EDGE_CURVE('',#5290,#5290,#5788,.T.);
#4253=EDGE_CURVE('',#5196,#5288,#755,.T.);
#4254=EDGE_CURVE('',#5287,#5195,#756,.T.);
#4255=EDGE_CURVE('',#5273,#5136,#757,.T.);
#4256=EDGE_CURVE('',#5275,#5135,#758,.T.);
#4257=EDGE_CURVE('',#5279,#5172,#355,.T.);
#4258=EDGE_CURVE('',#5280,#5161,#356,.T.);
#4259=EDGE_CURVE('',#5281,#5160,#357,.T.);
#4260=EDGE_CURVE('',#5282,#5149,#358,.T.);
#4261=EDGE_CURVE('',#5277,#5148,#759,.F.);
#4262=EDGE_CURVE('',#5147,#5283,#760,.F.);
#4263=EDGE_CURVE('',#5284,#5260,#761,.F.);
#4264=EDGE_CURVE('',#5278,#5259,#762,.F.);
#4265=EDGE_CURVE('',#5276,#5258,#763,.T.);
#4266=EDGE_CURVE('',#5257,#5274,#764,.T.);
#4267=EDGE_CURVE('',#5154,#5155,#5789,.T.);
#4268=EDGE_CURVE('',#5156,#5153,#5790,.F.);
#4269=EDGE_CURVE('',#5152,#5157,#5791,.T.);
#4270=EDGE_CURVE('',#5166,#5167,#5792,.T.);
#4271=EDGE_CURVE('',#5168,#5165,#5793,.F.);
#4272=EDGE_CURVE('',#5164,#5169,#5794,.T.);
#4273=EDGE_CURVE('',#5291,#5291,#5795,.T.);
#4274=EDGE_CURVE('',#5292,#5292,#5796,.F.);
#4275=EDGE_CURVE('',#5293,#5293,#5797,.T.);
#4276=EDGE_CURVE('',#5294,#5294,#5798,.F.);
#4277=EDGE_CURVE('',#5129,#5196,#765,.F.);
#4278=EDGE_CURVE('',#5195,#5130,#766,.T.);
#4279=EDGE_CURVE('',#5131,#5287,#767,.T.);
#4280=EDGE_CURVE('',#5132,#5286,#768,.T.);
#4281=EDGE_CURVE('',#5133,#5285,#769,.T.);
#4282=EDGE_CURVE('',#5288,#5134,#770,.F.);
#4283=EDGE_CURVE('',#5214,#5060,#771,.F.);
#4284=EDGE_CURVE('',#5250,#5230,#772,.F.);
#4285=EDGE_CURVE('',#5249,#5222,#773,.F.);
#4286=EDGE_CURVE('',#5245,#5212,#774,.F.);
#4287=EDGE_CURVE('',#5295,#5055,#775,.T.);
#4288=EDGE_CURVE('',#5295,#5137,#776,.T.);
#4289=EDGE_CURVE('',#5296,#5297,#777,.F.);
#4290=EDGE_CURVE('',#5297,#5138,#5799,.F.);
#4291=EDGE_CURVE('',#5296,#5295,#778,.T.);
#4292=EDGE_CURVE('',#5298,#5299,#779,.F.);
#4293=EDGE_CURVE('',#5299,#5300,#780,.F.);
#4294=EDGE_CURVE('',#5300,#5301,#781,.F.);
#4295=EDGE_CURVE('',#5301,#5302,#782,.T.);
#4296=EDGE_CURVE('',#5302,#5298,#783,.T.);
#4297=EDGE_CURVE('',#5143,#5303,#5800,.F.);
#4298=EDGE_CURVE('',#5303,#5304,#784,.F.);
#4299=EDGE_CURVE('',#5305,#5304,#785,.T.);
#4300=EDGE_CURVE('',#5305,#5144,#786,.T.);
#4301=EDGE_CURVE('',#5179,#5305,#787,.T.);
#4302=EDGE_CURVE('',#5295,#5306,#788,.T.);
#4303=EDGE_CURVE('',#5306,#5307,#789,.F.);
#4304=EDGE_CURVE('',#5307,#5296,#790,.F.);
#4305=EDGE_CURVE('',#5055,#5308,#791,.T.);
#4306=EDGE_CURVE('',#5308,#5306,#792,.F.);
#4307=EDGE_CURVE('',#5304,#5309,#793,.F.);
#4308=EDGE_CURVE('',#5309,#5310,#794,.T.);
#4309=EDGE_CURVE('',#5310,#5305,#795,.T.);
#4310=EDGE_CURVE('',#5310,#5311,#796,.T.);
#4311=EDGE_CURVE('',#5179,#5311,#797,.T.);
#4312=EDGE_CURVE('',#5126,#5142,#5801,.T.);
#4313=EDGE_CURVE('',#5141,#5127,#5802,.T.);
#4314=EDGE_CURVE('',#5139,#5299,#5803,.T.);
#4315=EDGE_CURVE('',#5298,#5140,#5804,.T.);
#4316=EDGE_CURVE('',#5112,#5122,#798,.T.);
#4317=EDGE_CURVE('',#5121,#5075,#799,.T.);
#4318=EDGE_CURVE('',#5074,#5113,#800,.T.);
#4319=EDGE_CURVE('',#5073,#5114,#801,.F.);
#4320=EDGE_CURVE('',#5094,#5102,#802,.F.);
#4321=EDGE_CURVE('',#5101,#5083,#803,.T.);
#4322=EDGE_CURVE('',#5082,#5095,#804,.F.);
#4323=EDGE_CURVE('',#5100,#5084,#805,.F.);
#4324=EDGE_CURVE('',#5119,#5312,#806,.T.);
#4325=EDGE_CURVE('',#5312,#5124,#807,.F.);
#4326=EDGE_CURVE('',#5128,#5076,#808,.F.);
#4327=EDGE_CURVE('',#5076,#5120,#809,.T.);
#4328=EDGE_CURVE('',#5301,#5313,#810,.T.);
#4329=EDGE_CURVE('',#5313,#5089,#811,.T.);
#4330=EDGE_CURVE('',#5088,#5081,#812,.T.);
#4331=EDGE_CURVE('',#5081,#5302,#813,.T.);
#4332=EDGE_CURVE('',#5298,#5080,#814,.T.);
#4333=EDGE_CURVE('',#5140,#5079,#815,.T.);
#4334=EDGE_CURVE('',#5141,#5078,#816,.T.);
#4335=EDGE_CURVE('',#5127,#5077,#817,.T.);
#4336=EDGE_CURVE('',#5312,#5309,#818,.F.);
#4337=EDGE_CURVE('',#5125,#5304,#819,.T.);
#4338=EDGE_CURVE('',#5126,#5303,#820,.T.);
#4339=EDGE_CURVE('',#5307,#5313,#821,.T.);
#4340=EDGE_CURVE('',#5296,#5300,#822,.T.);
#4341=EDGE_CURVE('',#5297,#5299,#823,.T.);
#4342=EDGE_CURVE('',#5175,#5116,#359,.T.);
#4343=EDGE_CURVE('',#5123,#5176,#5805,.T.);
#4344=EDGE_CURVE('',#5092,#5236,#360,.T.);
#4345=EDGE_CURVE('',#5235,#5093,#5806,.T.);
#4346=EDGE_CURVE('',#5238,#5255,#5807,.T.);
#4347=EDGE_CURVE('',#5254,#5239,#5808,.T.);
#4348=EDGE_CURVE('',#5262,#5173,#5809,.F.);
#4349=EDGE_CURVE('',#5177,#5263,#5810,.T.);
#4350=EDGE_CURVE('',#5123,#5111,#824,.T.);
#4351=EDGE_CURVE('',#5176,#5110,#825,.T.);
#4352=EDGE_CURVE('',#5177,#5109,#826,.T.);
#4353=EDGE_CURVE('',#5263,#5108,#827,.T.);
#4354=EDGE_CURVE('',#5182,#5261,#828,.T.);
#4355=EDGE_CURVE('',#5103,#5093,#829,.T.);
#4356=EDGE_CURVE('',#5104,#5235,#830,.T.);
#4357=EDGE_CURVE('',#5105,#5239,#831,.T.);
#4358=EDGE_CURVE('',#5096,#5254,#832,.T.);
#4359=EDGE_CURVE('',#5256,#5059,#833,.F.);
#4360=EDGE_CURVE('',#5062,#5193,#834,.T.);
#4361=EDGE_CURVE('',#5087,#5192,#835,.T.);
#4362=EDGE_CURVE('',#5086,#5063,#836,.F.);
#4363=EDGE_CURVE('',#5200,#5271,#837,.T.);
#4364=EDGE_CURVE('',#5272,#5071,#838,.F.);
#4365=EDGE_CURVE('',#5201,#5070,#839,.T.);
#4366=EDGE_CURVE('',#5311,#5314,#840,.T.);
#4367=EDGE_CURVE('',#5314,#5315,#361,.T.);
#4368=EDGE_CURVE('',#5315,#5178,#841,.T.);
#4369=EDGE_CURVE('',#5262,#5181,#842,.T.);
#4370=EDGE_CURVE('',#5173,#5180,#843,.T.);
#4371=EDGE_CURVE('',#5174,#5178,#844,.F.);
#4372=EDGE_CURVE('',#5175,#5315,#362,.F.);
#4373=EDGE_CURVE('',#5116,#5314,#363,.T.);
#4374=EDGE_CURVE('',#5311,#5117,#845,.T.);
#4375=EDGE_CURVE('',#5316,#5317,#364,.T.);
#4376=EDGE_CURVE('',#5317,#5308,#846,.T.);
#4377=EDGE_CURVE('',#5054,#5316,#847,.T.);
#4378=EDGE_CURVE('',#5052,#5255,#848,.T.);
#4379=EDGE_CURVE('',#5053,#5238,#849,.T.);
#4380=EDGE_CURVE('',#5054,#5237,#850,.T.);
#4381=EDGE_CURVE('',#5316,#5236,#365,.F.);
#4382=EDGE_CURVE('',#5317,#5092,#366,.T.);
#4383=EDGE_CURVE('',#5091,#5308,#851,.T.);
#4384=EDGE_CURVE('',#5310,#5118,#852,.T.);
#4385=EDGE_CURVE('',#5306,#5090,#853,.T.);
#4386=EDGE_CURVE('',#5318,#5319,#854,.T.);
#4387=EDGE_CURVE('',#5320,#5319,#855,.T.);
#4388=EDGE_CURVE('',#5321,#5320,#856,.T.);
#4389=EDGE_CURVE('',#5321,#5318,#857,.T.);
#4390=EDGE_CURVE('',#5319,#5322,#858,.T.);
#4391=EDGE_CURVE('',#5323,#5322,#859,.T.);
#4392=EDGE_CURVE('',#5320,#5323,#860,.T.);
#4393=EDGE_CURVE('',#5322,#5324,#861,.T.);
#4394=EDGE_CURVE('',#5325,#5324,#862,.T.);
#4395=EDGE_CURVE('',#5323,#5325,#863,.T.);
#4396=EDGE_CURVE('',#5324,#5318,#864,.T.);
#4397=EDGE_CURVE('',#5325,#5321,#865,.T.);
#4398=EDGE_CURVE('',#5326,#5326,#5811,.F.);
#4399=EDGE_CURVE('',#5327,#5327,#5812,.T.);
#4400=EDGE_CURVE('',#5328,#5328,#5813,.T.);
#4401=EDGE_CURVE('',#5329,#5329,#5814,.F.);
#4402=EDGE_CURVE('',#5330,#5330,#5815,.F.);
#4403=EDGE_CURVE('',#5331,#5331,#5816,.T.);
#4404=EDGE_CURVE('',#5332,#5332,#5817,.F.);
#4405=EDGE_CURVE('',#5333,#5334,#5818,.T.);
#4406=EDGE_CURVE('',#5335,#5333,#5819,.T.);
#4407=EDGE_CURVE('',#5336,#5335,#5820,.T.);
#4408=EDGE_CURVE('',#5337,#5336,#5821,.T.);
#4409=EDGE_CURVE('',#5338,#5337,#5822,.T.);
#4410=EDGE_CURVE('',#5339,#5338,#5823,.T.);
#4411=EDGE_CURVE('',#5340,#5339,#5824,.T.);
#4412=EDGE_CURVE('',#5341,#5340,#5825,.T.);
#4413=EDGE_CURVE('',#5342,#5341,#5826,.T.);
#4414=EDGE_CURVE('',#5343,#5342,#5827,.T.);
#4415=EDGE_CURVE('',#5334,#5343,#5828,.T.);
#4416=EDGE_CURVE('',#5334,#5344,#866,.T.);
#4417=EDGE_CURVE('',#5344,#5345,#5829,.T.);
#4418=EDGE_CURVE('',#5345,#5346,#5830,.T.);
#4419=EDGE_CURVE('',#5346,#5347,#5831,.T.);
#4420=EDGE_CURVE('',#5347,#5348,#5832,.T.);
#4421=EDGE_CURVE('',#5348,#5349,#5833,.T.);
#4422=EDGE_CURVE('',#5349,#5350,#5834,.T.);
#4423=EDGE_CURVE('',#5350,#5351,#5835,.T.);
#4424=EDGE_CURVE('',#5351,#5352,#5836,.T.);
#4425=EDGE_CURVE('',#5352,#5353,#5837,.T.);
#4426=EDGE_CURVE('',#5353,#5354,#5838,.T.);
#4427=EDGE_CURVE('',#5354,#5344,#5839,.T.);
#4428=EDGE_CURVE('',#5355,#5356,#5840,.T.);
#4429=EDGE_CURVE('',#5357,#5355,#5841,.T.);
#4430=EDGE_CURVE('',#5358,#5357,#5842,.T.);
#4431=EDGE_CURVE('',#5359,#5358,#5843,.T.);
#4432=EDGE_CURVE('',#5360,#5359,#5844,.T.);
#4433=EDGE_CURVE('',#5361,#5360,#5845,.T.);
#4434=EDGE_CURVE('',#5362,#5361,#5846,.T.);
#4435=EDGE_CURVE('',#5363,#5362,#5847,.T.);
#4436=EDGE_CURVE('',#5364,#5363,#5848,.T.);
#4437=EDGE_CURVE('',#5365,#5364,#5849,.T.);
#4438=EDGE_CURVE('',#5356,#5365,#5850,.T.);
#4439=EDGE_CURVE('',#5356,#5366,#867,.T.);
#4440=EDGE_CURVE('',#5366,#5366,#5851,.T.);
#4441=EDGE_CURVE('',#5367,#5367,#5852,.T.);
#4442=EDGE_CURVE('',#5367,#5368,#868,.T.);
#4443=EDGE_CURVE('',#5369,#5368,#5853,.T.);
#4444=EDGE_CURVE('',#5368,#5369,#5854,.T.);
#4445=EDGE_CURVE('',#5369,#5370,#869,.T.);
#4446=EDGE_CURVE('',#5370,#5370,#5855,.T.);
#4447=EDGE_CURVE('',#5371,#5372,#367,.T.);
#4448=EDGE_CURVE('',#5371,#5373,#368,.F.);
#4449=EDGE_CURVE('',#5373,#5374,#369,.F.);
#4450=EDGE_CURVE('',#5374,#5375,#370,.F.);
#4451=EDGE_CURVE('',#5375,#5376,#371,.F.);
#4452=EDGE_CURVE('',#5376,#5377,#372,.F.);
#4453=EDGE_CURVE('',#5377,#5378,#373,.F.);
#4454=EDGE_CURVE('',#5378,#5379,#374,.F.);
#4455=EDGE_CURVE('',#5379,#5380,#375,.F.);
#4456=EDGE_CURVE('',#5380,#5381,#376,.F.);
#4457=EDGE_CURVE('',#5381,#5382,#377,.F.);
#4458=EDGE_CURVE('',#5382,#5383,#378,.F.);
#4459=EDGE_CURVE('',#5383,#5384,#379,.F.);
#4460=EDGE_CURVE('',#5384,#5385,#380,.F.);
#4461=EDGE_CURVE('',#5385,#5386,#381,.F.);
#4462=EDGE_CURVE('',#5386,#5387,#382,.F.);
#4463=EDGE_CURVE('',#5387,#5388,#383,.F.);
#4464=EDGE_CURVE('',#5388,#5389,#384,.F.);
#4465=EDGE_CURVE('',#5390,#5389,#385,.T.);
#4466=EDGE_CURVE('',#5391,#5390,#386,.T.);
#4467=EDGE_CURVE('',#5392,#5391,#387,.T.);
#4468=EDGE_CURVE('',#5393,#5392,#388,.T.);
#4469=EDGE_CURVE('',#5394,#5393,#389,.T.);
#4470=EDGE_CURVE('',#5395,#5394,#390,.T.);
#4471=EDGE_CURVE('',#5396,#5395,#391,.T.);
#4472=EDGE_CURVE('',#5397,#5396,#392,.T.);
#4473=EDGE_CURVE('',#5398,#5397,#393,.T.);
#4474=EDGE_CURVE('',#5399,#5398,#394,.T.);
#4475=EDGE_CURVE('',#5400,#5399,#395,.T.);
#4476=EDGE_CURVE('',#5401,#5400,#396,.T.);
#4477=EDGE_CURVE('',#5402,#5401,#397,.T.);
#4478=EDGE_CURVE('',#5403,#5402,#398,.T.);
#4479=EDGE_CURVE('',#5404,#5403,#399,.T.);
#4480=EDGE_CURVE('',#5405,#5404,#400,.T.);
#4481=EDGE_CURVE('',#5406,#5405,#401,.T.);
#4482=EDGE_CURVE('',#5372,#5406,#402,.T.);
#4483=EDGE_CURVE('',#5407,#5408,#403,.F.);
#4484=EDGE_CURVE('',#5407,#5409,#870,.T.);
#4485=EDGE_CURVE('',#5409,#5409,#5856,.T.);
#4486=EDGE_CURVE('',#5410,#5407,#404,.F.);
#4487=EDGE_CURVE('',#5410,#5390,#5857,.T.);
#4488=EDGE_CURVE('',#5389,#5408,#5858,.T.);
#4489=EDGE_CURVE('',#5411,#5411,#5859,.T.);
#4490=EDGE_CURVE('',#5412,#5413,#405,.T.);
#4491=EDGE_CURVE('',#5414,#5412,#406,.T.);
#4492=EDGE_CURVE('',#5415,#5414,#407,.T.);
#4493=EDGE_CURVE('',#5416,#5415,#408,.T.);
#4494=EDGE_CURVE('',#5417,#5416,#409,.T.);
#4495=EDGE_CURVE('',#5418,#5417,#410,.T.);
#4496=EDGE_CURVE('',#5419,#5418,#411,.T.);
#4497=EDGE_CURVE('',#5420,#5419,#412,.T.);
#4498=EDGE_CURVE('',#5421,#5420,#413,.T.);
#4499=EDGE_CURVE('',#5422,#5421,#414,.T.);
#4500=EDGE_CURVE('',#5423,#5422,#415,.T.);
#4501=EDGE_CURVE('',#5424,#5423,#416,.T.);
#4502=EDGE_CURVE('',#5425,#5424,#417,.T.);
#4503=EDGE_CURVE('',#5426,#5425,#418,.T.);
#4504=EDGE_CURVE('',#5410,#5426,#419,.T.);
#4505=EDGE_CURVE('',#5427,#5408,#420,.T.);
#4506=EDGE_CURVE('',#5428,#5427,#421,.T.);
#4507=EDGE_CURVE('',#5429,#5428,#422,.T.);
#4508=EDGE_CURVE('',#5430,#5429,#423,.T.);
#4509=EDGE_CURVE('',#5431,#5430,#424,.T.);
#4510=EDGE_CURVE('',#5432,#5431,#425,.T.);
#4511=EDGE_CURVE('',#5433,#5432,#426,.T.);
#4512=EDGE_CURVE('',#5434,#5433,#427,.T.);
#4513=EDGE_CURVE('',#5435,#5434,#428,.T.);
#4514=EDGE_CURVE('',#5436,#5435,#429,.T.);
#4515=EDGE_CURVE('',#5437,#5436,#430,.T.);
#4516=EDGE_CURVE('',#5438,#5437,#431,.T.);
#4517=EDGE_CURVE('',#5439,#5438,#432,.T.);
#4518=EDGE_CURVE('',#5440,#5439,#433,.T.);
#4519=EDGE_CURVE('',#5441,#5440,#434,.T.);
#4520=EDGE_CURVE('',#5442,#5441,#435,.T.);
#4521=EDGE_CURVE('',#5413,#5442,#436,.T.);
#4522=EDGE_CURVE('',#5406,#5411,#871,.T.);
#4523=EDGE_CURVE('',#5405,#5443,#5860,.T.);
#4524=EDGE_CURVE('',#5443,#5412,#5861,.T.);
#4525=EDGE_CURVE('',#5413,#5371,#5862,.T.);
#4526=EDGE_CURVE('',#5444,#5445,#872,.T.);
#4527=EDGE_CURVE('',#5446,#5444,#437,.T.);
#4528=EDGE_CURVE('',#5335,#5446,#873,.T.);
#4529=EDGE_CURVE('',#5445,#5335,#438,.T.);
#4530=EDGE_CURVE('',#5445,#5447,#874,.T.);
#4531=EDGE_CURVE('',#5448,#5335,#875,.T.);
#4532=EDGE_CURVE('',#5447,#5448,#439,.T.);
#4533=EDGE_CURVE('',#5449,#5360,#440,.T.);
#4534=EDGE_CURVE('',#5359,#5450,#441,.T.);
#4535=EDGE_CURVE('',#5449,#5450,#5863,.T.);
#4536=EDGE_CURVE('',#5451,#5343,#876,.T.);
#4537=EDGE_CURVE('',#5452,#5451,#5864,.T.);
#4538=EDGE_CURVE('',#5333,#5452,#877,.T.);
#4539=EDGE_CURVE('',#5453,#5333,#878,.T.);
#4540=EDGE_CURVE('',#5448,#5453,#5865,.T.);
#4541=EDGE_CURVE('',#5451,#5454,#442,.T.);
#4542=EDGE_CURVE('',#5455,#5454,#5866,.T.);
#4543=EDGE_CURVE('',#5455,#5452,#443,.T.);
#4544=EDGE_CURVE('',#5453,#5456,#444,.T.);
#4545=EDGE_CURVE('',#5447,#5456,#5867,.T.);
#4546=EDGE_CURVE('',#5457,#5456,#879,.T.);
#4547=EDGE_CURVE('',#5457,#5333,#445,.T.);
#4548=EDGE_CURVE('',#5455,#5457,#880,.T.);
#4549=EDGE_CURVE('',#5458,#5342,#881,.T.);
#4550=EDGE_CURVE('',#5459,#5458,#5868,.T.);
#4551=EDGE_CURVE('',#5343,#5459,#882,.T.);
#4552=EDGE_CURVE('',#5458,#5460,#446,.T.);
#4553=EDGE_CURVE('',#5461,#5460,#5869,.T.);
#4554=EDGE_CURVE('',#5461,#5459,#447,.T.);
#4555=EDGE_CURVE('',#5462,#5454,#883,.T.);
#4556=EDGE_CURVE('',#5462,#5343,#448,.T.);
#4557=EDGE_CURVE('',#5461,#5462,#884,.T.);
#4558=EDGE_CURVE('',#5463,#5341,#885,.T.);
#4559=EDGE_CURVE('',#5464,#5463,#5870,.T.);
#4560=EDGE_CURVE('',#5342,#5464,#886,.T.);
#4561=EDGE_CURVE('',#5463,#5465,#449,.T.);
#4562=EDGE_CURVE('',#5466,#5465,#5871,.T.);
#4563=EDGE_CURVE('',#5466,#5464,#450,.T.);
#4564=EDGE_CURVE('',#5467,#5460,#887,.T.);
#4565=EDGE_CURVE('',#5467,#5342,#451,.T.);
#4566=EDGE_CURVE('',#5466,#5467,#888,.T.);
#4567=EDGE_CURVE('',#5468,#5340,#889,.T.);
#4568=EDGE_CURVE('',#5469,#5468,#5872,.T.);
#4569=EDGE_CURVE('',#5341,#5469,#890,.T.);
#4570=EDGE_CURVE('',#5468,#5470,#452,.T.);
#4571=EDGE_CURVE('',#5471,#5470,#5873,.T.);
#4572=EDGE_CURVE('',#5471,#5469,#453,.T.);
#4573=EDGE_CURVE('',#5472,#5465,#891,.T.);
#4574=EDGE_CURVE('',#5472,#5341,#454,.T.);
#4575=EDGE_CURVE('',#5471,#5472,#892,.T.);
#4576=EDGE_CURVE('',#5473,#5339,#893,.T.);
#4577=EDGE_CURVE('',#5474,#5473,#5874,.T.);
#4578=EDGE_CURVE('',#5340,#5474,#894,.T.);
#4579=EDGE_CURVE('',#5473,#5475,#455,.T.);
#4580=EDGE_CURVE('',#5476,#5475,#5875,.T.);
#4581=EDGE_CURVE('',#5476,#5474,#456,.T.);
#4582=EDGE_CURVE('',#5477,#5470,#895,.T.);
#4583=EDGE_CURVE('',#5477,#5340,#457,.T.);
#4584=EDGE_CURVE('',#5476,#5477,#896,.T.);
#4585=EDGE_CURVE('',#5478,#5338,#897,.T.);
#4586=EDGE_CURVE('',#5479,#5478,#5876,.T.);
#4587=EDGE_CURVE('',#5339,#5479,#898,.T.);
#4588=EDGE_CURVE('',#5478,#5480,#458,.T.);
#4589=EDGE_CURVE('',#5481,#5480,#5877,.T.);
#4590=EDGE_CURVE('',#5481,#5479,#459,.T.);
#4591=EDGE_CURVE('',#5482,#5475,#899,.T.);
#4592=EDGE_CURVE('',#5482,#5339,#460,.T.);
#4593=EDGE_CURVE('',#5481,#5482,#900,.T.);
#4594=EDGE_CURVE('',#5483,#5337,#901,.T.);
#4595=EDGE_CURVE('',#5484,#5483,#5878,.T.);
#4596=EDGE_CURVE('',#5338,#5484,#902,.T.);
#4597=EDGE_CURVE('',#5483,#5485,#461,.T.);
#4598=EDGE_CURVE('',#5486,#5485,#5879,.T.);
#4599=EDGE_CURVE('',#5486,#5484,#462,.T.);
#4600=EDGE_CURVE('',#5487,#5480,#903,.T.);
#4601=EDGE_CURVE('',#5487,#5338,#463,.T.);
#4602=EDGE_CURVE('',#5486,#5487,#904,.T.);
#4603=EDGE_CURVE('',#5488,#5336,#905,.T.);
#4604=EDGE_CURVE('',#5489,#5488,#5880,.T.);
#4605=EDGE_CURVE('',#5337,#5489,#906,.T.);
#4606=EDGE_CURVE('',#5488,#5490,#464,.T.);
#4607=EDGE_CURVE('',#5491,#5490,#5881,.T.);
#4608=EDGE_CURVE('',#5491,#5489,#465,.T.);
#4609=EDGE_CURVE('',#5492,#5485,#907,.T.);
#4610=EDGE_CURVE('',#5492,#5337,#466,.T.);
#4611=EDGE_CURVE('',#5491,#5492,#908,.T.);
#4612=EDGE_CURVE('',#5493,#5353,#909,.T.);
#4613=EDGE_CURVE('',#5352,#5494,#910,.T.);
#4614=EDGE_CURVE('',#5494,#5493,#5882,.T.);
#4615=EDGE_CURVE('',#5336,#5495,#911,.T.);
#4616=EDGE_CURVE('',#5495,#5446,#5883,.T.);
#4617=EDGE_CURVE('',#5496,#5495,#467,.T.);
#4618=EDGE_CURVE('',#5496,#5444,#5884,.T.);
#4619=EDGE_CURVE('',#5497,#5490,#912,.T.);
#4620=EDGE_CURVE('',#5496,#5497,#913,.T.);
#4621=EDGE_CURVE('',#5497,#5336,#468,.T.);
#4622=EDGE_CURVE('',#5498,#5359,#469,.T.);
#4623=EDGE_CURVE('',#5494,#5498,#470,.T.);
#4624=EDGE_CURVE('',#5352,#5359,#471,.T.);
#4625=EDGE_CURVE('',#5499,#5352,#914,.T.);
#4626=EDGE_CURVE('',#5450,#5499,#472,.T.);
#4627=EDGE_CURVE('',#5358,#5500,#473,.T.);
#4628=EDGE_CURVE('',#5498,#5500,#5885,.T.);
#4629=EDGE_CURVE('',#5500,#5493,#474,.T.);
#4630=EDGE_CURVE('',#5501,#5354,#915,.T.);
#4631=EDGE_CURVE('',#5353,#5502,#916,.T.);
#4632=EDGE_CURVE('',#5502,#5501,#5886,.T.);
#4633=EDGE_CURVE('',#5503,#5358,#475,.T.);
#4634=EDGE_CURVE('',#5502,#5503,#476,.T.);
#4635=EDGE_CURVE('',#5353,#5358,#477,.T.);
#4636=EDGE_CURVE('',#5357,#5504,#478,.T.);
#4637=EDGE_CURVE('',#5503,#5504,#5887,.T.);
#4638=EDGE_CURVE('',#5504,#5501,#479,.T.);
#4639=EDGE_CURVE('',#5505,#5345,#917,.T.);
#4640=EDGE_CURVE('',#5354,#5506,#918,.T.);
#4641=EDGE_CURVE('',#5506,#5505,#5888,.T.);
#4642=EDGE_CURVE('',#5507,#5357,#480,.T.);
#4643=EDGE_CURVE('',#5506,#5507,#481,.T.);
#4644=EDGE_CURVE('',#5354,#5357,#482,.T.);
#4645=EDGE_CURVE('',#5355,#5508,#483,.T.);
#4646=EDGE_CURVE('',#5507,#5508,#5889,.T.);
#4647=EDGE_CURVE('',#5508,#5505,#484,.T.);
#4648=EDGE_CURVE('',#5509,#5346,#919,.T.);
#4649=EDGE_CURVE('',#5345,#5510,#920,.T.);
#4650=EDGE_CURVE('',#5510,#5509,#5890,.T.);
#4651=EDGE_CURVE('',#5511,#5355,#485,.T.);
#4652=EDGE_CURVE('',#5510,#5511,#486,.T.);
#4653=EDGE_CURVE('',#5345,#5355,#487,.T.);
#4654=EDGE_CURVE('',#5365,#5512,#488,.T.);
#4655=EDGE_CURVE('',#5511,#5512,#5891,.T.);
#4656=EDGE_CURVE('',#5512,#5509,#489,.T.);
#4657=EDGE_CURVE('',#5513,#5347,#921,.T.);
#4658=EDGE_CURVE('',#5346,#5514,#922,.T.);
#4659=EDGE_CURVE('',#5514,#5513,#5892,.T.);
#4660=EDGE_CURVE('',#5515,#5365,#490,.T.);
#4661=EDGE_CURVE('',#5514,#5515,#491,.T.);
#4662=EDGE_CURVE('',#5346,#5365,#492,.T.);
#4663=EDGE_CURVE('',#5364,#5516,#493,.T.);
#4664=EDGE_CURVE('',#5515,#5516,#5893,.T.);
#4665=EDGE_CURVE('',#5516,#5513,#494,.T.);
#4666=EDGE_CURVE('',#5517,#5348,#923,.T.);
#4667=EDGE_CURVE('',#5347,#5518,#924,.T.);
#4668=EDGE_CURVE('',#5518,#5517,#5894,.T.);
#4669=EDGE_CURVE('',#5519,#5364,#495,.T.);
#4670=EDGE_CURVE('',#5518,#5519,#496,.T.);
#4671=EDGE_CURVE('',#5347,#5364,#497,.T.);
#4672=EDGE_CURVE('',#5363,#5520,#498,.T.);
#4673=EDGE_CURVE('',#5519,#5520,#5895,.T.);
#4674=EDGE_CURVE('',#5520,#5517,#499,.T.);
#4675=EDGE_CURVE('',#5521,#5349,#925,.T.);
#4676=EDGE_CURVE('',#5348,#5522,#926,.T.);
#4677=EDGE_CURVE('',#5522,#5521,#5896,.T.);
#4678=EDGE_CURVE('',#5523,#5363,#500,.T.);
#4679=EDGE_CURVE('',#5522,#5523,#501,.T.);
#4680=EDGE_CURVE('',#5348,#5363,#502,.T.);
#4681=EDGE_CURVE('',#5362,#5524,#503,.T.);
#4682=EDGE_CURVE('',#5523,#5524,#5897,.T.);
#4683=EDGE_CURVE('',#5524,#5521,#504,.T.);
#4684=EDGE_CURVE('',#5525,#5350,#927,.T.);
#4685=EDGE_CURVE('',#5349,#5526,#928,.T.);
#4686=EDGE_CURVE('',#5526,#5525,#5898,.T.);
#4687=EDGE_CURVE('',#5527,#5362,#505,.T.);
#4688=EDGE_CURVE('',#5526,#5527,#506,.T.);
#4689=EDGE_CURVE('',#5349,#5362,#507,.T.);
#4690=EDGE_CURVE('',#5361,#5528,#508,.T.);
#4691=EDGE_CURVE('',#5527,#5528,#5899,.T.);
#4692=EDGE_CURVE('',#5528,#5525,#509,.T.);
#4693=EDGE_CURVE('',#5529,#5351,#929,.T.);
#4694=EDGE_CURVE('',#5350,#5530,#930,.T.);
#4695=EDGE_CURVE('',#5530,#5529,#5900,.T.);
#4696=EDGE_CURVE('',#5531,#5361,#510,.T.);
#4697=EDGE_CURVE('',#5530,#5531,#511,.T.);
#4698=EDGE_CURVE('',#5350,#5361,#512,.T.);
#4699=EDGE_CURVE('',#5360,#5532,#513,.T.);
#4700=EDGE_CURVE('',#5531,#5532,#5901,.T.);
#4701=EDGE_CURVE('',#5533,#5449,#514,.T.);
#4702=EDGE_CURVE('',#5533,#5499,#5902,.T.);
#4703=EDGE_CURVE('',#5532,#5529,#515,.T.);
#4704=EDGE_CURVE('',#5351,#5533,#931,.T.);
#4705=EDGE_CURVE('',#5351,#5360,#516,.T.);
#4706=EDGE_CURVE('',#5374,#5441,#932,.T.);
#4707=EDGE_CURVE('',#5376,#5439,#933,.T.);
#4708=EDGE_CURVE('',#5443,#5404,#934,.T.);
#4709=EDGE_CURVE('',#5415,#5402,#935,.T.);
#4710=EDGE_CURVE('',#5417,#5400,#936,.T.);
#4711=EDGE_CURVE('',#5419,#5398,#937,.T.);
#4712=EDGE_CURVE('',#5421,#5396,#938,.T.);
#4713=EDGE_CURVE('',#5423,#5394,#939,.T.);
#4714=EDGE_CURVE('',#5425,#5392,#940,.T.);
#4715=EDGE_CURVE('',#5378,#5437,#941,.T.);
#4716=EDGE_CURVE('',#5380,#5435,#942,.T.);
#4717=EDGE_CURVE('',#5382,#5433,#943,.T.);
#4718=EDGE_CURVE('',#5384,#5431,#944,.T.);
#4719=EDGE_CURVE('',#5386,#5429,#945,.T.);
#4720=EDGE_CURVE('',#5388,#5427,#946,.T.);
#4721=EDGE_CURVE('',#5534,#5535,#5903,.T.);
#4722=EDGE_CURVE('',#5535,#5534,#5904,.T.);
#4723=EDGE_CURVE('',#5534,#5536,#947,.T.);
#4724=EDGE_CURVE('',#5536,#5537,#5905,.T.);
#4725=EDGE_CURVE('',#5537,#5536,#5906,.T.);
#4726=EDGE_CURVE('',#5538,#5539,#5907,.T.);
#4727=EDGE_CURVE('',#5538,#5535,#948,.T.);
#4728=EDGE_CURVE('',#5539,#5538,#5908,.T.);
#4729=EDGE_CURVE('',#5537,#5540,#949,.T.);
#4730=EDGE_CURVE('',#5540,#5540,#5909,.T.);
#4731=EDGE_CURVE('',#5539,#5541,#950,.T.);
#4732=EDGE_CURVE('',#5541,#5541,#5910,.T.);
#4733=EDGE_CURVE('',#5542,#5543,#951,.T.);
#4734=EDGE_CURVE('',#5544,#5542,#952,.T.);
#4735=EDGE_CURVE('',#5545,#5544,#953,.T.);
#4736=EDGE_CURVE('',#5546,#5545,#954,.T.);
#4737=EDGE_CURVE('',#5547,#5546,#955,.T.);
#4738=EDGE_CURVE('',#5543,#5547,#956,.T.);
#4739=EDGE_CURVE('',#5546,#5548,#957,.T.);
#4740=EDGE_CURVE('',#5548,#5549,#958,.T.);
#4741=EDGE_CURVE('',#5547,#5549,#959,.T.);
#4742=EDGE_CURVE('',#5545,#5550,#960,.T.);
#4743=EDGE_CURVE('',#5550,#5548,#961,.T.);
#4744=EDGE_CURVE('',#5544,#5551,#962,.T.);
#4745=EDGE_CURVE('',#5551,#5550,#963,.T.);
#4746=EDGE_CURVE('',#5552,#5553,#964,.T.);
#4747=EDGE_CURVE('',#5553,#5542,#965,.T.);
#4748=EDGE_CURVE('',#5543,#5552,#966,.T.);
#4749=EDGE_CURVE('',#5553,#5551,#967,.T.);
#4750=EDGE_CURVE('',#5549,#5552,#968,.T.);
#4751=EDGE_CURVE('',#5551,#5554,#969,.T.);
#4752=EDGE_CURVE('',#5554,#5555,#970,.T.);
#4753=EDGE_CURVE('',#5555,#5556,#971,.T.);
#4754=EDGE_CURVE('',#5550,#5556,#972,.T.);
#4755=EDGE_CURVE('',#5553,#5557,#973,.T.);
#4756=EDGE_CURVE('',#5557,#5558,#974,.T.);
#4757=EDGE_CURVE('',#5558,#5554,#975,.T.);
#4758=EDGE_CURVE('',#5552,#5559,#976,.T.);
#4759=EDGE_CURVE('',#5559,#5560,#977,.T.);
#4760=EDGE_CURVE('',#5560,#5557,#978,.T.);
#4761=EDGE_CURVE('',#5560,#5558,#5911,.T.);
#4762=EDGE_CURVE('',#5561,#5560,#5912,.T.);
#4763=EDGE_CURVE('',#5561,#5559,#979,.T.);
#4764=EDGE_CURVE('',#5562,#5561,#5913,.T.);
#4765=EDGE_CURVE('',#5563,#5561,#980,.T.);
#4766=EDGE_CURVE('',#5562,#5563,#981,.T.);
#4767=EDGE_CURVE('',#5564,#5562,#5914,.T.);
#4768=EDGE_CURVE('',#5565,#5562,#982,.T.);
#4769=EDGE_CURVE('',#5564,#5565,#983,.T.);
#4770=EDGE_CURVE('',#5555,#5564,#5915,.T.);
#4771=EDGE_CURVE('',#5556,#5564,#984,.T.);
#4772=EDGE_CURVE('',#5558,#5555,#5916,.T.);
#4773=EDGE_CURVE('',#5549,#5563,#985,.T.);
#4774=EDGE_CURVE('',#5548,#5565,#986,.T.);
#4775=EDGE_CURVE('',#5566,#5566,#5917,.T.);
#4776=EDGE_CURVE('',#5566,#5562,#987,.T.);
#4777=EDGE_CURVE('',#5567,#5567,#5918,.T.);
#4778=EDGE_CURVE('',#5568,#5568,#5919,.T.);
#4779=EDGE_CURVE('',#5569,#5569,#5920,.T.);
#4780=EDGE_CURVE('',#5566,#5567,#988,.T.);
#4781=EDGE_CURVE('',#5570,#5570,#5921,.T.);
#4782=EDGE_CURVE('',#5571,#5571,#5922,.T.);
#4783=EDGE_CURVE('',#5572,#5572,#5923,.T.);
#4784=EDGE_CURVE('',#5573,#5573,#5924,.T.);
#4785=EDGE_CURVE('',#5574,#5574,#5925,.T.);
#4786=EDGE_CURVE('',#5576,#5577,#5926,.T.);
#4787=EDGE_CURVE('',#5578,#5576,#5927,.T.);
#4788=EDGE_CURVE('',#5579,#5578,#5928,.T.);
#4789=EDGE_CURVE('',#5580,#5579,#5929,.T.);
#4790=EDGE_CURVE('',#5581,#5580,#5930,.T.);
#4791=EDGE_CURVE('',#5577,#5581,#5931,.T.);
#4792=EDGE_CURVE('',#5582,#5582,#5932,.T.);
#4793=EDGE_CURVE('',#5580,#5583,#989,.T.);
#4794=EDGE_CURVE('',#5583,#5579,#990,.T.);
#4795=EDGE_CURVE('',#5579,#5584,#991,.T.);
#4796=EDGE_CURVE('',#5584,#5578,#992,.T.);
#4797=EDGE_CURVE('',#5578,#5585,#993,.T.);
#4798=EDGE_CURVE('',#5585,#5576,#994,.T.);
#4799=EDGE_CURVE('',#5576,#5586,#995,.T.);
#4800=EDGE_CURVE('',#5586,#5577,#996,.T.);
#4801=EDGE_CURVE('',#5577,#5587,#997,.T.);
#4802=EDGE_CURVE('',#5587,#5581,#998,.T.);
#4803=EDGE_CURVE('',#5581,#5588,#999,.T.);
#4804=EDGE_CURVE('',#5588,#5580,#1000,.T.);
#4805=EDGE_CURVE('',#5589,#5590,#1001,.T.);
#4806=EDGE_CURVE('',#5590,#5591,#1002,.T.);
#4807=EDGE_CURVE('',#5591,#5592,#1003,.T.);
#4808=EDGE_CURVE('',#5592,#5593,#1004,.T.);
#4809=EDGE_CURVE('',#5593,#5594,#1005,.T.);
#4810=EDGE_CURVE('',#5594,#5589,#1006,.T.);
#4811=EDGE_CURVE('',#5584,#5589,#1007,.T.);
#4812=EDGE_CURVE('',#5585,#5590,#1008,.T.);
#4813=EDGE_CURVE('',#5586,#5591,#1009,.T.);
#4814=EDGE_CURVE('',#5587,#5592,#1010,.T.);
#4815=EDGE_CURVE('',#5588,#5593,#1011,.T.);
#4816=EDGE_CURVE('',#5583,#5594,#1012,.T.);
#4817=EDGE_CURVE('',#5595,#5596,#1013,.T.);
#4818=EDGE_CURVE('',#5597,#5595,#1014,.T.);
#4819=EDGE_CURVE('',#5597,#5598,#1015,.T.);
#4820=EDGE_CURVE('',#5596,#5598,#1016,.T.);
#4821=EDGE_CURVE('',#5599,#5600,#517,.F.);
#4822=EDGE_CURVE('',#5599,#5597,#5933,.T.);
#4823=EDGE_CURVE('',#5600,#5595,#5934,.T.);
#4824=EDGE_CURVE('',#5601,#5602,#1017,.T.);
#4825=EDGE_CURVE('',#5603,#5601,#1018,.T.);
#4826=EDGE_CURVE('',#5603,#5604,#1019,.T.);
#4827=EDGE_CURVE('',#5602,#5604,#1020,.T.);
#4828=EDGE_CURVE('',#5605,#5606,#518,.F.);
#4829=EDGE_CURVE('',#5605,#5603,#5935,.T.);
#4830=EDGE_CURVE('',#5606,#5601,#5936,.T.);
#4831=EDGE_CURVE('',#5607,#5608,#1021,.T.);
#4832=EDGE_CURVE('',#5609,#5608,#1022,.T.);
#4833=EDGE_CURVE('',#5610,#5609,#1023,.T.);
#4834=EDGE_CURVE('',#5611,#5610,#1024,.T.);
#4835=EDGE_CURVE('',#5612,#5611,#519,.T.);
#4836=EDGE_CURVE('',#5613,#5612,#520,.T.);
#4837=EDGE_CURVE('',#5614,#5613,#1025,.T.);
#4838=EDGE_CURVE('',#5614,#5615,#1026,.T.);
#4839=EDGE_CURVE('',#5616,#5615,#1027,.T.);
#4840=EDGE_CURVE('',#5617,#5616,#1028,.T.);
#4841=EDGE_CURVE('',#5607,#5617,#1029,.T.);
#4842=EDGE_CURVE('',#5618,#5619,#1030,.T.);
#4843=EDGE_CURVE('',#5620,#5618,#1031,.T.);
#4844=EDGE_CURVE('',#5621,#5620,#1032,.T.);
#4845=EDGE_CURVE('',#5621,#5619,#1033,.T.);
#4846=EDGE_CURVE('',#5620,#5616,#5937,.T.);
#4847=EDGE_CURVE('',#5621,#5615,#5938,.T.);
#4848=EDGE_CURVE('',#5622,#5623,#5939,.T.);
#4849=EDGE_CURVE('',#5623,#5624,#1034,.T.);
#4850=EDGE_CURVE('',#5625,#5624,#5940,.T.);
#4851=EDGE_CURVE('',#5625,#5622,#1035,.T.);
#4852=EDGE_CURVE('',#5626,#5614,#5941,.T.);
#4853=EDGE_CURVE('',#5626,#5627,#5942,.T.);
#4854=EDGE_CURVE('',#5627,#5628,#1036,.T.);
#4855=EDGE_CURVE('',#5629,#5628,#5943,.T.);
#4856=EDGE_CURVE('',#5630,#5629,#1037,.T.);
#4857=EDGE_CURVE('',#5630,#5619,#5944,.T.);
#4858=EDGE_CURVE('',#5631,#5632,#1038,.T.);
#4859=EDGE_CURVE('',#5628,#5631,#1039,.T.);
#4860=EDGE_CURVE('',#5632,#5627,#1040,.T.);
#4861=EDGE_CURVE('',#5633,#5626,#1041,.T.);
#4862=EDGE_CURVE('',#5632,#5633,#5945,.T.);
#4863=EDGE_CURVE('',#5611,#5634,#521,.T.);
#4864=EDGE_CURVE('',#5634,#5599,#522,.F.);
#4865=EDGE_CURVE('',#5612,#5599,#523,.F.);
#4866=EDGE_CURVE('',#5633,#5613,#5946,.T.);
#4867=EDGE_CURVE('',#5635,#5631,#5947,.T.);
#4868=EDGE_CURVE('',#5635,#5629,#1042,.T.);
#4869=EDGE_CURVE('',#5598,#5636,#249,.T.);
#4870=EDGE_CURVE('',#5636,#5635,#1043,.T.);
#4871=EDGE_CURVE('',#5596,#5635,#5948,.T.);
#4872=EDGE_CURVE('',#5632,#5595,#5949,.T.);
#4873=EDGE_CURVE('',#5600,#5633,#5950,.T.);
#4874=EDGE_CURVE('',#5631,#5596,#5951,.T.);
#4875=EDGE_CURVE('',#5613,#5600,#524,.T.);
#4876=EDGE_CURVE('',#5637,#5638,#5952,.T.);
#4877=EDGE_CURVE('',#5637,#5639,#5953,.T.);
#4878=EDGE_CURVE('',#5639,#5640,#1044,.T.);
#4879=EDGE_CURVE('',#5608,#5640,#5954,.T.);
#4880=EDGE_CURVE('',#5607,#5641,#5955,.T.);
#4881=EDGE_CURVE('',#5625,#5641,#1045,.T.);
#4882=EDGE_CURVE('',#5638,#5624,#1046,.T.);
#4883=EDGE_CURVE('',#5642,#5643,#1047,.T.);
#4884=EDGE_CURVE('',#5640,#5642,#1048,.T.);
#4885=EDGE_CURVE('',#5643,#5639,#1049,.T.);
#4886=EDGE_CURVE('',#5644,#5637,#1050,.T.);
#4887=EDGE_CURVE('',#5643,#5644,#5956,.T.);
#4888=EDGE_CURVE('',#5645,#5646,#525,.T.);
#4889=EDGE_CURVE('',#5646,#5605,#526,.F.);
#4890=EDGE_CURVE('',#5647,#5605,#527,.F.);
#4891=EDGE_CURVE('',#5647,#5645,#528,.T.);
#4892=EDGE_CURVE('',#5638,#5648,#1051,.T.);
#4893=EDGE_CURVE('',#5644,#5648,#5957,.T.);
#4894=EDGE_CURVE('',#5609,#5642,#5958,.T.);
#4895=EDGE_CURVE('',#5604,#5610,#250,.T.);
#4896=EDGE_CURVE('',#5602,#5609,#5959,.T.);
#4897=EDGE_CURVE('',#5643,#5601,#5960,.T.);
#4898=EDGE_CURVE('',#5606,#5644,#5961,.T.);
#4899=EDGE_CURVE('',#5642,#5602,#5962,.T.);
#4900=EDGE_CURVE('',#5648,#5606,#529,.T.);
#4901=EDGE_CURVE('',#5648,#5647,#530,.T.);
#4902=EDGE_CURVE('',#5630,#5649,#1052,.T.);
#4903=EDGE_CURVE('',#5636,#5645,#1053,.T.);
#4904=EDGE_CURVE('',#5649,#5623,#1054,.T.);
#4905=EDGE_CURVE('',#5649,#5618,#5963,.T.);
#4906=EDGE_CURVE('',#5650,#5641,#1055,.T.);
#4907=EDGE_CURVE('',#5622,#5650,#1056,.T.);
#4908=EDGE_CURVE('',#5617,#5650,#5964,.T.);
#4909=EDGE_CURVE('',#5651,#5651,#5965,.T.);
#4910=EDGE_CURVE('',#5651,#5652,#1057,.T.);
#4911=EDGE_CURVE('',#5652,#5652,#5966,.T.);
#4912=EDGE_CURVE('',#5653,#5653,#5967,.T.);
#4913=EDGE_CURVE('',#5654,#5654,#5968,.T.);
#4914=EDGE_CURVE('',#5654,#5652,#1058,.T.);
#4915=EDGE_CURVE('',#5654,#5653,#1059,.T.);
#4916=EDGE_CURVE('',#5655,#5656,#1060,.T.);
#4917=EDGE_CURVE('',#5656,#5657,#1061,.T.);
#4918=EDGE_CURVE('',#5657,#5658,#1062,.F.);
#4919=EDGE_CURVE('',#5658,#5655,#1063,.T.);
#4920=EDGE_CURVE('',#5659,#5660,#1064,.T.);
#4921=EDGE_CURVE('',#5660,#5661,#1065,.T.);
#4922=EDGE_CURVE('',#5661,#5662,#1066,.F.);
#4923=EDGE_CURVE('',#5662,#5659,#1067,.T.);
#4924=EDGE_CURVE('',#5663,#5664,#1068,.T.);
#4925=EDGE_CURVE('',#5664,#5665,#1069,.T.);
#4926=EDGE_CURVE('',#5665,#5666,#1070,.F.);
#4927=EDGE_CURVE('',#5666,#5663,#1071,.T.);
#4928=EDGE_CURVE('',#5667,#5668,#1072,.T.);
#4929=EDGE_CURVE('',#5668,#5669,#1073,.T.);
#4930=EDGE_CURVE('',#5669,#5670,#1074,.F.);
#4931=EDGE_CURVE('',#5670,#5667,#1075,.T.);
#4932=EDGE_CURVE('',#5671,#5672,#1076,.T.);
#4933=EDGE_CURVE('',#5672,#5673,#5969,.T.);
#4934=EDGE_CURVE('',#5673,#5674,#1077,.T.);
#4935=EDGE_CURVE('',#5674,#5675,#5970,.T.);
#4936=EDGE_CURVE('',#5675,#5676,#1078,.T.);
#4937=EDGE_CURVE('',#5676,#5677,#5971,.T.);
#4938=EDGE_CURVE('',#5677,#5678,#1079,.T.);
#4939=EDGE_CURVE('',#5678,#5671,#5972,.T.);
#4940=EDGE_CURVE('',#5679,#5679,#5973,.T.);
#4941=EDGE_CURVE('',#5680,#5680,#5974,.T.);
#4942=EDGE_CURVE('',#5681,#5681,#5975,.T.);
#4943=EDGE_CURVE('',#5682,#5682,#5976,.T.);
#4944=EDGE_CURVE('',#5683,#5684,#1080,.T.);
#4945=EDGE_CURVE('',#5684,#5685,#5977,.F.);
#4946=EDGE_CURVE('',#5685,#5686,#1081,.T.);
#4947=EDGE_CURVE('',#5686,#5687,#5978,.F.);
#4948=EDGE_CURVE('',#5687,#5688,#1082,.T.);
#4949=EDGE_CURVE('',#5688,#5689,#5979,.F.);
#4950=EDGE_CURVE('',#5689,#5690,#1083,.T.);
#4951=EDGE_CURVE('',#5690,#5683,#5980,.F.);
#4952=EDGE_CURVE('',#5691,#5691,#5981,.F.);
#4953=EDGE_CURVE('',#5692,#5692,#5982,.T.);
#4954=EDGE_CURVE('',#5693,#5693,#5983,.F.);
#4955=EDGE_CURVE('',#5694,#5694,#5984,.T.);
#4956=EDGE_CURVE('',#5695,#5695,#5985,.T.);
#4957=EDGE_CURVE('',#5696,#5696,#5986,.T.);
#4958=EDGE_CURVE('',#5665,#5668,#5987,.T.);
#4959=EDGE_CURVE('',#5667,#5666,#5988,.T.);
#4960=EDGE_CURVE('',#5669,#5656,#5989,.T.);
#4961=EDGE_CURVE('',#5655,#5670,#5990,.T.);
#4962=EDGE_CURVE('',#5661,#5664,#5991,.T.);
#4963=EDGE_CURVE('',#5663,#5662,#5992,.T.);
#4964=EDGE_CURVE('',#5657,#5660,#5993,.T.);
#4965=EDGE_CURVE('',#5659,#5658,#5994,.T.);
#4966=EDGE_CURVE('',#5662,#5676,#1084,.T.);
#4967=EDGE_CURVE('',#5677,#5663,#1085,.T.);
#4968=EDGE_CURVE('',#5678,#5666,#1086,.T.);
#4969=EDGE_CURVE('',#5659,#5675,#1087,.T.);
#4970=EDGE_CURVE('',#5671,#5667,#1088,.T.);
#4971=EDGE_CURVE('',#5658,#5674,#1089,.T.);
#4972=EDGE_CURVE('',#5672,#5670,#1090,.T.);
#4973=EDGE_CURVE('',#5655,#5673,#1091,.T.);
#4974=EDGE_CURVE('',#5664,#5688,#1092,.T.);
#4975=EDGE_CURVE('',#5689,#5661,#1093,.T.);
#4976=EDGE_CURVE('',#5690,#5660,#1094,.T.);
#4977=EDGE_CURVE('',#5665,#5687,#1095,.T.);
#4978=EDGE_CURVE('',#5683,#5657,#1096,.T.);
#4979=EDGE_CURVE('',#5668,#5686,#1097,.T.);
#4980=EDGE_CURVE('',#5684,#5656,#1098,.T.);
#4981=EDGE_CURVE('',#5669,#5685,#1099,.T.);
#4982=EDGE_CURVE('',#5697,#5698,#1100,.T.);
#4983=EDGE_CURVE('',#5698,#5699,#1101,.T.);
#4984=EDGE_CURVE('',#5699,#5700,#1102,.T.);
#4985=EDGE_CURVE('',#5697,#5700,#1103,.T.);
#4986=EDGE_CURVE('',#5701,#5702,#1104,.T.);
#4987=EDGE_CURVE('',#5702,#5703,#1105,.T.);
#4988=EDGE_CURVE('',#5699,#5703,#1106,.T.);
#4989=EDGE_CURVE('',#5698,#5704,#1107,.T.);
#4990=EDGE_CURVE('',#5704,#5701,#1108,.T.);
#4991=EDGE_CURVE('',#5704,#5705,#1109,.T.);
#4992=EDGE_CURVE('',#5705,#5706,#1110,.T.);
#4993=EDGE_CURVE('',#5701,#5706,#1111,.T.);
#4994=EDGE_CURVE('',#5697,#5705,#1112,.T.);
#4995=EDGE_CURVE('',#5707,#5700,#1113,.T.);
#4996=EDGE_CURVE('',#5708,#5707,#1114,.T.);
#4997=EDGE_CURVE('',#5708,#5706,#1115,.T.);
#4998=EDGE_CURVE('',#5707,#5709,#1116,.T.);
#4999=EDGE_CURVE('',#5710,#5709,#1117,.T.);
#5000=EDGE_CURVE('',#5708,#5710,#1118,.T.);
#5001=EDGE_CURVE('',#5711,#5712,#1119,.T.);
#5002=EDGE_CURVE('',#5712,#5709,#1120,.F.);
#5003=EDGE_CURVE('',#5703,#5713,#1121,.T.);
#5004=EDGE_CURVE('',#5711,#5713,#1122,.T.);
#5005=EDGE_CURVE('',#5714,#5715,#1123,.T.);
#5006=EDGE_CURVE('',#5715,#5716,#1124,.T.);
#5007=EDGE_CURVE('',#5716,#5702,#1125,.T.);
#5008=EDGE_CURVE('',#5710,#5714,#1126,.T.);
#5009=EDGE_CURVE('',#5713,#5716,#1127,.T.);
#5010=EDGE_CURVE('',#5717,#5712,#1128,.T.);
#5011=EDGE_CURVE('',#5718,#5717,#1129,.T.);
#5012=EDGE_CURVE('',#5714,#5718,#1130,.T.);
#5013=EDGE_CURVE('',#5711,#5719,#1131,.T.);
#5014=EDGE_CURVE('',#5719,#5717,#1132,.T.);
#5015=EDGE_CURVE('',#5719,#5720,#1133,.T.);
#5016=EDGE_CURVE('',#5715,#5721,#1134,.T.);
#5017=EDGE_CURVE('',#5721,#5722,#1135,.T.);
#5018=EDGE_CURVE('',#5722,#5720,#1136,.T.);
#5019=EDGE_CURVE('',#5723,#5724,#1137,.T.);
#5020=EDGE_CURVE('',#5723,#5725,#1138,.T.);
#5021=EDGE_CURVE('',#5726,#5725,#1139,.T.);
#5022=EDGE_CURVE('',#5726,#5724,#1140,.T.);
#5023=EDGE_CURVE('',#5721,#5718,#1141,.T.);
#5024=EDGE_CURVE('',#5727,#5718,#1142,.T.);
#5025=EDGE_CURVE('',#5717,#5728,#1143,.T.);
#5026=EDGE_CURVE('',#5727,#5728,#1144,.T.);
#5027=EDGE_CURVE('',#5729,#5720,#1145,.T.);
#5028=EDGE_CURVE('',#5729,#5728,#1146,.T.);
#5029=EDGE_CURVE('',#5722,#5730,#1147,.T.);
#5030=EDGE_CURVE('',#5730,#5729,#1148,.T.);
#5031=EDGE_CURVE('',#5727,#5730,#1149,.T.);
#5032=EDGE_CURVE('',#5724,#5731,#1150,.T.);
#5033=EDGE_CURVE('',#5731,#5732,#1151,.T.);
#5034=EDGE_CURVE('',#5732,#5723,#1152,.T.);
#5035=EDGE_CURVE('',#5726,#5733,#1153,.T.);
#5036=EDGE_CURVE('',#5731,#5733,#1154,.T.);
#5037=EDGE_CURVE('',#5734,#5725,#1155,.T.);
#5038=EDGE_CURVE('',#5733,#5734,#1156,.T.);
#5039=EDGE_CURVE('',#5734,#5732,#1157,.T.);
#5040=EDGE_CURVE('',#5735,#5736,#1158,.T.);
#5041=EDGE_CURVE('',#5737,#5736,#1159,.T.);
#5042=EDGE_CURVE('',#5738,#5737,#1160,.T.);
#5043=EDGE_CURVE('',#5738,#5735,#1161,.T.);
#5044=EDGE_CURVE('',#5736,#5739,#1162,.T.);
#5045=EDGE_CURVE('',#5740,#5739,#1163,.T.);
#5046=EDGE_CURVE('',#5737,#5740,#1164,.T.);
#5047=EDGE_CURVE('',#5739,#5741,#1165,.T.);
#5048=EDGE_CURVE('',#5742,#5741,#1166,.T.);
#5049=EDGE_CURVE('',#5740,#5742,#1167,.T.);
#5050=EDGE_CURVE('',#5741,#5735,#1168,.T.);
#5051=EDGE_CURVE('',#5742,#5738,#1169,.T.);
#5052=VERTEX_POINT('',#10632);
#5053=VERTEX_POINT('',#10633);
#5054=VERTEX_POINT('',#10635);
#5055=VERTEX_POINT('',#10637);
#5056=VERTEX_POINT('',#10639);
#5057=VERTEX_POINT('',#10641);
#5058=VERTEX_POINT('',#10643);
#5059=VERTEX_POINT('',#10645);
#5060=VERTEX_POINT('',#10649);
#5061=VERTEX_POINT('',#10650);
#5062=VERTEX_POINT('',#10652);
#5063=VERTEX_POINT('',#10654);
#5064=VERTEX_POINT('',#10656);
#5065=VERTEX_POINT('',#10658);
#5066=VERTEX_POINT('',#10662);
#5067=VERTEX_POINT('',#10664);
#5068=VERTEX_POINT('',#10666);
#5069=VERTEX_POINT('',#10668);
#5070=VERTEX_POINT('',#10670);
#5071=VERTEX_POINT('',#10671);
#5072=VERTEX_POINT('',#10673);
#5073=VERTEX_POINT('',#10675);
#5074=VERTEX_POINT('',#10677);
#5075=VERTEX_POINT('',#10679);
#5076=VERTEX_POINT('',#10681);
#5077=VERTEX_POINT('',#10683);
#5078=VERTEX_POINT('',#10685);
#5079=VERTEX_POINT('',#10687);
#5080=VERTEX_POINT('',#10689);
#5081=VERTEX_POINT('',#10691);
#5082=VERTEX_POINT('',#10693);
#5083=VERTEX_POINT('',#10695);
#5084=VERTEX_POINT('',#10697);
#5085=VERTEX_POINT('',#10699);
#5086=VERTEX_POINT('',#10701);
#5087=VERTEX_POINT('',#10703);
#5088=VERTEX_POINT('',#10707);
#5089=VERTEX_POINT('',#10708);
#5090=VERTEX_POINT('',#10710);
#5091=VERTEX_POINT('',#10712);
#5092=VERTEX_POINT('',#10714);
#5093=VERTEX_POINT('',#10716);
#5094=VERTEX_POINT('',#10718);
#5095=VERTEX_POINT('',#10720);
#5096=VERTEX_POINT('',#10724);
#5097=VERTEX_POINT('',#10725);
#5098=VERTEX_POINT('',#10727);
#5099=VERTEX_POINT('',#10729);
#5100=VERTEX_POINT('',#10731);
#5101=VERTEX_POINT('',#10733);
#5102=VERTEX_POINT('',#10735);
#5103=VERTEX_POINT('',#10737);
#5104=VERTEX_POINT('',#10739);
#5105=VERTEX_POINT('',#10741);
#5106=VERTEX_POINT('',#10745);
#5107=VERTEX_POINT('',#10746);
#5108=VERTEX_POINT('',#10748);
#5109=VERTEX_POINT('',#10750);
#5110=VERTEX_POINT('',#10752);
#5111=VERTEX_POINT('',#10754);
#5112=VERTEX_POINT('',#10756);
#5113=VERTEX_POINT('',#10758);
#5114=VERTEX_POINT('',#10760);
#5115=VERTEX_POINT('',#10762);
#5116=VERTEX_POINT('',#10766);
#5117=VERTEX_POINT('',#10767);
#5118=VERTEX_POINT('',#10769);
#5119=VERTEX_POINT('',#10771);
#5120=VERTEX_POINT('',#10773);
#5121=VERTEX_POINT('',#10775);
#5122=VERTEX_POINT('',#10777);
#5123=VERTEX_POINT('',#10779);
#5124=VERTEX_POINT('',#10783);
#5125=VERTEX_POINT('',#10784);
#5126=VERTEX_POINT('',#10786);
#5127=VERTEX_POINT('',#10788);
#5128=VERTEX_POINT('',#10790);
#5129=VERTEX_POINT('',#10794);
#5130=VERTEX_POINT('',#10795);
#5131=VERTEX_POINT('',#10797);
#5132=VERTEX_POINT('',#10799);
#5133=VERTEX_POINT('',#10801);
#5134=VERTEX_POINT('',#10803);
#5135=VERTEX_POINT('',#10806);
#5136=VERTEX_POINT('',#10807);
#5137=VERTEX_POINT('',#10810);
#5138=VERTEX_POINT('',#10812);
#5139=VERTEX_POINT('',#10817);
#5140=VERTEX_POINT('',#10819);
#5141=VERTEX_POINT('',#10821);
#5142=VERTEX_POINT('',#10823);
#5143=VERTEX_POINT('',#10828);
#5144=VERTEX_POINT('',#10830);
#5145=VERTEX_POINT('',#10832);
#5146=VERTEX_POINT('',#10834);
#5147=VERTEX_POINT('',#10836);
#5148=VERTEX_POINT('',#10838);
#5149=VERTEX_POINT('',#10840);
#5150=VERTEX_POINT('',#10842);
#5151=VERTEX_POINT('',#10844);
#5152=VERTEX_POINT('',#10849);
#5153=VERTEX_POINT('',#10851);
#5154=VERTEX_POINT('',#10856);
#5155=VERTEX_POINT('',#10858);
#5156=VERTEX_POINT('',#10863);
#5157=VERTEX_POINT('',#10865);
#5158=VERTEX_POINT('',#10870);
#5159=VERTEX_POINT('',#10872);
#5160=VERTEX_POINT('',#10874);
#5161=VERTEX_POINT('',#10876);
#5162=VERTEX_POINT('',#10878);
#5163=VERTEX_POINT('',#10880);
#5164=VERTEX_POINT('',#10885);
#5165=VERTEX_POINT('',#10887);
#5166=VERTEX_POINT('',#10892);
#5167=VERTEX_POINT('',#10894);
#5168=VERTEX_POINT('',#10899);
#5169=VERTEX_POINT('',#10901);
#5170=VERTEX_POINT('',#10906);
#5171=VERTEX_POINT('',#10908);
#5172=VERTEX_POINT('',#10910);
#5173=VERTEX_POINT('',#10914);
#5174=VERTEX_POINT('',#10915);
#5175=VERTEX_POINT('',#10917);
#5176=VERTEX_POINT('',#10919);
#5177=VERTEX_POINT('',#10921);
#5178=VERTEX_POINT('',#10925);
#5179=VERTEX_POINT('',#10926);
#5180=VERTEX_POINT('',#10928);
#5181=VERTEX_POINT('',#10930);
#5182=VERTEX_POINT('',#10932);
#5183=VERTEX_POINT('',#10934);
#5184=VERTEX_POINT('',#10939);
#5185=VERTEX_POINT('',#10941);
#5186=VERTEX_POINT('',#10944);
#5187=VERTEX_POINT('',#10946);
#5188=VERTEX_POINT('',#10949);
#5189=VERTEX_POINT('',#10950);
#5190=VERTEX_POINT('',#10952);
#5191=VERTEX_POINT('',#10954);
#5192=VERTEX_POINT('',#10958);
#5193=VERTEX_POINT('',#10959);
#5194=VERTEX_POINT('',#10961);
#5195=VERTEX_POINT('',#10964);
#5196=VERTEX_POINT('',#10966);
#5197=VERTEX_POINT('',#10968);
#5198=VERTEX_POINT('',#10970);
#5199=VERTEX_POINT('',#10972);
#5200=VERTEX_POINT('',#10974);
#5201=VERTEX_POINT('',#10976);
#5202=VERTEX_POINT('',#10981);
#5203=VERTEX_POINT('',#10983);
#5204=VERTEX_POINT('',#10986);
#5205=VERTEX_POINT('',#10988);
#5206=VERTEX_POINT('',#10991);
#5207=VERTEX_POINT('',#10994);
#5208=VERTEX_POINT('',#10997);
#5209=VERTEX_POINT('',#11000);
#5210=VERTEX_POINT('',#11003);
#5211=VERTEX_POINT('',#11006);
#5212=VERTEX_POINT('',#11009);
#5213=VERTEX_POINT('',#11010);
#5214=VERTEX_POINT('',#11012);
#5215=VERTEX_POINT('',#11014);
#5216=VERTEX_POINT('',#11016);
#5217=VERTEX_POINT('',#11018);
#5218=VERTEX_POINT('',#11020);
#5219=VERTEX_POINT('',#11024);
#5220=VERTEX_POINT('',#11028);
#5221=VERTEX_POINT('',#11030);
#5222=VERTEX_POINT('',#11034);
#5223=VERTEX_POINT('',#11035);
#5224=VERTEX_POINT('',#11037);
#5225=VERTEX_POINT('',#11039);
#5226=VERTEX_POINT('',#11043);
#5227=VERTEX_POINT('',#11044);
#5228=VERTEX_POINT('',#11046);
#5229=VERTEX_POINT('',#11050);
#5230=VERTEX_POINT('',#11051);
#5231=VERTEX_POINT('',#11055);
#5232=VERTEX_POINT('',#11059);
#5233=VERTEX_POINT('',#11062);
#5234=VERTEX_POINT('',#11065);
#5235=VERTEX_POINT('',#11070);
#5236=VERTEX_POINT('',#11071);
#5237=VERTEX_POINT('',#11073);
#5238=VERTEX_POINT('',#11075);
#5239=VERTEX_POINT('',#11077);
#5240=VERTEX_POINT('',#11081);
#5241=VERTEX_POINT('',#11086);
#5242=VERTEX_POINT('',#11089);
#5243=VERTEX_POINT('',#11092);
#5244=VERTEX_POINT('',#11095);
#5245=VERTEX_POINT('',#11098);
#5246=VERTEX_POINT('',#11100);
#5247=VERTEX_POINT('',#11102);
#5248=VERTEX_POINT('',#11107);
#5249=VERTEX_POINT('',#11108);
#5250=VERTEX_POINT('',#11110);
#5251=VERTEX_POINT('',#11112);
#5252=VERTEX_POINT('',#11115);
#5253=VERTEX_POINT('',#11117);
#5254=VERTEX_POINT('',#11121);
#5255=VERTEX_POINT('',#11122);
#5256=VERTEX_POINT('',#11124);
#5257=VERTEX_POINT('',#11126);
#5258=VERTEX_POINT('',#11128);
#5259=VERTEX_POINT('',#11130);
#5260=VERTEX_POINT('',#11132);
#5261=VERTEX_POINT('',#11134);
#5262=VERTEX_POINT('',#11136);
#5263=VERTEX_POINT('',#11138);
#5264=VERTEX_POINT('',#11143);
#5265=VERTEX_POINT('',#11145);
#5266=VERTEX_POINT('',#11152);
#5267=VERTEX_POINT('',#11156);
#5268=VERTEX_POINT('',#11159);
#5269=VERTEX_POINT('',#11163);
#5270=VERTEX_POINT('',#11165);
#5271=VERTEX_POINT('',#11169);
#5272=VERTEX_POINT('',#11170);
#5273=VERTEX_POINT('',#11180);
#5274=VERTEX_POINT('',#11182);
#5275=VERTEX_POINT('',#11186);
#5276=VERTEX_POINT('',#11187);
#5277=VERTEX_POINT('',#11202);
#5278=VERTEX_POINT('',#11203);
#5279=VERTEX_POINT('',#11206);
#5280=VERTEX_POINT('',#11208);
#5281=VERTEX_POINT('',#11210);
#5282=VERTEX_POINT('',#11212);
#5283=VERTEX_POINT('',#11216);
#5284=VERTEX_POINT('',#11217);
#5285=VERTEX_POINT('',#11225);
#5286=VERTEX_POINT('',#11227);
#5287=VERTEX_POINT('',#11231);
#5288=VERTEX_POINT('',#11235);
#5289=VERTEX_POINT('',#11239);
#5290=VERTEX_POINT('',#11242);
#5291=VERTEX_POINT('',#11300);
#5292=VERTEX_POINT('',#11303);
#5293=VERTEX_POINT('',#11306);
#5294=VERTEX_POINT('',#11309);
#5295=VERTEX_POINT('',#11338);
#5296=VERTEX_POINT('',#11342);
#5297=VERTEX_POINT('',#11343);
#5298=VERTEX_POINT('',#11348);
#5299=VERTEX_POINT('',#11349);
#5300=VERTEX_POINT('',#11351);
#5301=VERTEX_POINT('',#11353);
#5302=VERTEX_POINT('',#11355);
#5303=VERTEX_POINT('',#11359);
#5304=VERTEX_POINT('',#11361);
#5305=VERTEX_POINT('',#11363);
#5306=VERTEX_POINT('',#11369);
#5307=VERTEX_POINT('',#11371);
#5308=VERTEX_POINT('',#11375);
#5309=VERTEX_POINT('',#11379);
#5310=VERTEX_POINT('',#11381);
#5311=VERTEX_POINT('',#11385);
#5312=VERTEX_POINT('',#11407);
#5313=VERTEX_POINT('',#11413);
#5314=VERTEX_POINT('',#11501);
#5315=VERTEX_POINT('',#11509);
#5316=VERTEX_POINT('',#11548);
#5317=VERTEX_POINT('',#11549);
#5318=VERTEX_POINT('',#11590);
#5319=VERTEX_POINT('',#11591);
#5320=VERTEX_POINT('',#11593);
#5321=VERTEX_POINT('',#11595);
#5322=VERTEX_POINT('',#11599);
#5323=VERTEX_POINT('',#11601);
#5324=VERTEX_POINT('',#11605);
#5325=VERTEX_POINT('',#11607);
#5326=VERTEX_POINT('',#11618);
#5327=VERTEX_POINT('',#11620);
#5328=VERTEX_POINT('',#11623);
#5329=VERTEX_POINT('',#11625);
#5330=VERTEX_POINT('',#11628);
#5331=VERTEX_POINT('',#11630);
#5332=VERTEX_POINT('',#11635);
#5333=VERTEX_POINT('',#11643);
#5334=VERTEX_POINT('',#11644);
#5335=VERTEX_POINT('',#11646);
#5336=VERTEX_POINT('',#11648);
#5337=VERTEX_POINT('',#11650);
#5338=VERTEX_POINT('',#11652);
#5339=VERTEX_POINT('',#11654);
#5340=VERTEX_POINT('',#11656);
#5341=VERTEX_POINT('',#11658);
#5342=VERTEX_POINT('',#11660);
#5343=VERTEX_POINT('',#11662);
#5344=VERTEX_POINT('',#11665);
#5345=VERTEX_POINT('',#11667);
#5346=VERTEX_POINT('',#11669);
#5347=VERTEX_POINT('',#11671);
#5348=VERTEX_POINT('',#11673);
#5349=VERTEX_POINT('',#11675);
#5350=VERTEX_POINT('',#11677);
#5351=VERTEX_POINT('',#11679);
#5352=VERTEX_POINT('',#11681);
#5353=VERTEX_POINT('',#11683);
#5354=VERTEX_POINT('',#11685);
#5355=VERTEX_POINT('',#11689);
#5356=VERTEX_POINT('',#11690);
#5357=VERTEX_POINT('',#11692);
#5358=VERTEX_POINT('',#11694);
#5359=VERTEX_POINT('',#11696);
#5360=VERTEX_POINT('',#11698);
#5361=VERTEX_POINT('',#11700);
#5362=VERTEX_POINT('',#11702);
#5363=VERTEX_POINT('',#11704);
#5364=VERTEX_POINT('',#11706);
#5365=VERTEX_POINT('',#11708);
#5366=VERTEX_POINT('',#11711);
#5367=VERTEX_POINT('',#11715);
#5368=VERTEX_POINT('',#11718);
#5369=VERTEX_POINT('',#11720);
#5370=VERTEX_POINT('',#11724);
#5371=VERTEX_POINT('',#11961);
#5372=VERTEX_POINT('',#11962);
#5373=VERTEX_POINT('',#11967);
#5374=VERTEX_POINT('',#11973);
#5375=VERTEX_POINT('',#11981);
#5376=VERTEX_POINT('',#11987);
#5377=VERTEX_POINT('',#11995);
#5378=VERTEX_POINT('',#12001);
#5379=VERTEX_POINT('',#12009);
#5380=VERTEX_POINT('',#12015);
#5381=VERTEX_POINT('',#12023);
#5382=VERTEX_POINT('',#12029);
#5383=VERTEX_POINT('',#12037);
#5384=VERTEX_POINT('',#12043);
#5385=VERTEX_POINT('',#12051);
#5386=VERTEX_POINT('',#12057);
#5387=VERTEX_POINT('',#12065);
#5388=VERTEX_POINT('',#12071);
#5389=VERTEX_POINT('',#12077);
#5390=VERTEX_POINT('',#12083);
#5391=VERTEX_POINT('',#12091);
#5392=VERTEX_POINT('',#12096);
#5393=VERTEX_POINT('',#12108);
#5394=VERTEX_POINT('',#12113);
#5395=VERTEX_POINT('',#12125);
#5396=VERTEX_POINT('',#12130);
#5397=VERTEX_POINT('',#12142);
#5398=VERTEX_POINT('',#12147);
#5399=VERTEX_POINT('',#12159);
#5400=VERTEX_POINT('',#12164);
#5401=VERTEX_POINT('',#12176);
#5402=VERTEX_POINT('',#12181);
#5403=VERTEX_POINT('',#12193);
#5404=VERTEX_POINT('',#12198);
#5405=VERTEX_POINT('',#12203);
#5406=VERTEX_POINT('',#12238);
#5407=VERTEX_POINT('',#12274);
#5408=VERTEX_POINT('',#12275);
#5409=VERTEX_POINT('',#12277);
#5410=VERTEX_POINT('',#12294);
#5411=VERTEX_POINT('',#12299);
#5412=VERTEX_POINT('',#12529);
#5413=VERTEX_POINT('',#12530);
#5414=VERTEX_POINT('',#12535);
#5415=VERTEX_POINT('',#12547);
#5416=VERTEX_POINT('',#12552);
#5417=VERTEX_POINT('',#12564);
#5418=VERTEX_POINT('',#12569);
#5419=VERTEX_POINT('',#12581);
#5420=VERTEX_POINT('',#12586);
#5421=VERTEX_POINT('',#12598);
#5422=VERTEX_POINT('',#12603);
#5423=VERTEX_POINT('',#12615);
#5424=VERTEX_POINT('',#12620);
#5425=VERTEX_POINT('',#12632);
#5426=VERTEX_POINT('',#12637);
#5427=VERTEX_POINT('',#12652);
#5428=VERTEX_POINT('',#12658);
#5429=VERTEX_POINT('',#12666);
#5430=VERTEX_POINT('',#12672);
#5431=VERTEX_POINT('',#12680);
#5432=VERTEX_POINT('',#12686);
#5433=VERTEX_POINT('',#12694);
#5434=VERTEX_POINT('',#12700);
#5435=VERTEX_POINT('',#12708);
#5436=VERTEX_POINT('',#12714);
#5437=VERTEX_POINT('',#12722);
#5438=VERTEX_POINT('',#12728);
#5439=VERTEX_POINT('',#12736);
#5440=VERTEX_POINT('',#12742);
#5441=VERTEX_POINT('',#12750);
#5442=VERTEX_POINT('',#12756);
#5443=VERTEX_POINT('',#12765);
#5444=VERTEX_POINT('',#12785);
#5445=VERTEX_POINT('',#12786);
#5446=VERTEX_POINT('',#12791);
#5447=VERTEX_POINT('',#12814);
#5448=VERTEX_POINT('',#12816);
#5449=VERTEX_POINT('',#12826);
#5450=VERTEX_POINT('',#12832);
#5451=VERTEX_POINT('',#12836);
#5452=VERTEX_POINT('',#12838);
#5453=VERTEX_POINT('',#12842);
#5454=VERTEX_POINT('',#12849);
#5455=VERTEX_POINT('',#12851);
#5456=VERTEX_POINT('',#12861);
#5457=VERTEX_POINT('',#12880);
#5458=VERTEX_POINT('',#12904);
#5459=VERTEX_POINT('',#12906);
#5460=VERTEX_POINT('',#12913);
#5461=VERTEX_POINT('',#12915);
#5462=VERTEX_POINT('',#12937);
#5463=VERTEX_POINT('',#12961);
#5464=VERTEX_POINT('',#12963);
#5465=VERTEX_POINT('',#12970);
#5466=VERTEX_POINT('',#12972);
#5467=VERTEX_POINT('',#12994);
#5468=VERTEX_POINT('',#13018);
#5469=VERTEX_POINT('',#13020);
#5470=VERTEX_POINT('',#13027);
#5471=VERTEX_POINT('',#13029);
#5472=VERTEX_POINT('',#13051);
#5473=VERTEX_POINT('',#13075);
#5474=VERTEX_POINT('',#13077);
#5475=VERTEX_POINT('',#13084);
#5476=VERTEX_POINT('',#13086);
#5477=VERTEX_POINT('',#13108);
#5478=VERTEX_POINT('',#13132);
#5479=VERTEX_POINT('',#13134);
#5480=VERTEX_POINT('',#13141);
#5481=VERTEX_POINT('',#13143);
#5482=VERTEX_POINT('',#13165);
#5483=VERTEX_POINT('',#13189);
#5484=VERTEX_POINT('',#13191);
#5485=VERTEX_POINT('',#13198);
#5486=VERTEX_POINT('',#13200);
#5487=VERTEX_POINT('',#13222);
#5488=VERTEX_POINT('',#13246);
#5489=VERTEX_POINT('',#13248);
#5490=VERTEX_POINT('',#13255);
#5491=VERTEX_POINT('',#13257);
#5492=VERTEX_POINT('',#13279);
#5493=VERTEX_POINT('',#13303);
#5494=VERTEX_POINT('',#13305);
#5495=VERTEX_POINT('',#13309);
#5496=VERTEX_POINT('',#13316);
#5497=VERTEX_POINT('',#13320);
#5498=VERTEX_POINT('',#13390);
#5499=VERTEX_POINT('',#13428);
#5500=VERTEX_POINT('',#13439);
#5501=VERTEX_POINT('',#13448);
#5502=VERTEX_POINT('',#13450);
#5503=VERTEX_POINT('',#13484);
#5504=VERTEX_POINT('',#13527);
#5505=VERTEX_POINT('',#13536);
#5506=VERTEX_POINT('',#13538);
#5507=VERTEX_POINT('',#13572);
#5508=VERTEX_POINT('',#13615);
#5509=VERTEX_POINT('',#13624);
#5510=VERTEX_POINT('',#13626);
#5511=VERTEX_POINT('',#13662);
#5512=VERTEX_POINT('',#13705);
#5513=VERTEX_POINT('',#13714);
#5514=VERTEX_POINT('',#13716);
#5515=VERTEX_POINT('',#13750);
#5516=VERTEX_POINT('',#13793);
#5517=VERTEX_POINT('',#13802);
#5518=VERTEX_POINT('',#13804);
#5519=VERTEX_POINT('',#13838);
#5520=VERTEX_POINT('',#13881);
#5521=VERTEX_POINT('',#13890);
#5522=VERTEX_POINT('',#13892);
#5523=VERTEX_POINT('',#13926);
#5524=VERTEX_POINT('',#13969);
#5525=VERTEX_POINT('',#13978);
#5526=VERTEX_POINT('',#13980);
#5527=VERTEX_POINT('',#14014);
#5528=VERTEX_POINT('',#14057);
#5529=VERTEX_POINT('',#14066);
#5530=VERTEX_POINT('',#14068);
#5531=VERTEX_POINT('',#14103);
#5532=VERTEX_POINT('',#14146);
#5533=VERTEX_POINT('',#14153);
#5534=VERTEX_POINT('',#14258);
#5535=VERTEX_POINT('',#14259);
#5536=VERTEX_POINT('',#14262);
#5537=VERTEX_POINT('',#14264);
#5538=VERTEX_POINT('',#14268);
#5539=VERTEX_POINT('',#14269);
#5540=VERTEX_POINT('',#14274);
#5541=VERTEX_POINT('',#14278);
#5542=VERTEX_POINT('',#14282);
#5543=VERTEX_POINT('',#14283);
#5544=VERTEX_POINT('',#14285);
#5545=VERTEX_POINT('',#14287);
#5546=VERTEX_POINT('',#14289);
#5547=VERTEX_POINT('',#14291);
#5548=VERTEX_POINT('',#14295);
#5549=VERTEX_POINT('',#14297);
#5550=VERTEX_POINT('',#14301);
#5551=VERTEX_POINT('',#14305);
#5552=VERTEX_POINT('',#14309);
#5553=VERTEX_POINT('',#14310);
#5554=VERTEX_POINT('',#14319);
#5555=VERTEX_POINT('',#14321);
#5556=VERTEX_POINT('',#14323);
#5557=VERTEX_POINT('',#14327);
#5558=VERTEX_POINT('',#14329);
#5559=VERTEX_POINT('',#14333);
#5560=VERTEX_POINT('',#14335);
#5561=VERTEX_POINT('',#14341);
#5562=VERTEX_POINT('',#14345);
#5563=VERTEX_POINT('',#14347);
#5564=VERTEX_POINT('',#14351);
#5565=VERTEX_POINT('',#14353);
#5566=VERTEX_POINT('',#14367);
#5567=VERTEX_POINT('',#14371);
#5568=VERTEX_POINT('',#14374);
#5569=VERTEX_POINT('',#14377);
#5570=VERTEX_POINT('',#14387);
#5571=VERTEX_POINT('',#14390);
#5572=VERTEX_POINT('',#14392);
#5573=VERTEX_POINT('',#14395);
#5574=VERTEX_POINT('',#14397);
#5575=VERTEX_POINT('',#14399);
#5576=VERTEX_POINT('',#14401);
#5577=VERTEX_POINT('',#14402);
#5578=VERTEX_POINT('',#14404);
#5579=VERTEX_POINT('',#14406);
#5580=VERTEX_POINT('',#14408);
#5581=VERTEX_POINT('',#14410);
#5582=VERTEX_POINT('',#14414);
#5583=VERTEX_POINT('',#14417);
#5584=VERTEX_POINT('',#14421);
#5585=VERTEX_POINT('',#14425);
#5586=VERTEX_POINT('',#14429);
#5587=VERTEX_POINT('',#14433);
#5588=VERTEX_POINT('',#14437);
#5589=VERTEX_POINT('',#14441);
#5590=VERTEX_POINT('',#14442);
#5591=VERTEX_POINT('',#14444);
#5592=VERTEX_POINT('',#14446);
#5593=VERTEX_POINT('',#14448);
#5594=VERTEX_POINT('',#14450);
#5595=VERTEX_POINT('',#14470);
#5596=VERTEX_POINT('',#14471);
#5597=VERTEX_POINT('',#14473);
#5598=VERTEX_POINT('',#14475);
#5599=VERTEX_POINT('',#14489);
#5600=VERTEX_POINT('',#14490);
#5601=VERTEX_POINT('',#14495);
#5602=VERTEX_POINT('',#14496);
#5603=VERTEX_POINT('',#14498);
#5604=VERTEX_POINT('',#14500);
#5605=VERTEX_POINT('',#14514);
#5606=VERTEX_POINT('',#14515);
#5607=VERTEX_POINT('',#14520);
#5608=VERTEX_POINT('',#14521);
#5609=VERTEX_POINT('',#14523);
#5610=VERTEX_POINT('',#14525);
#5611=VERTEX_POINT('',#14527);
#5612=VERTEX_POINT('',#14534);
#5613=VERTEX_POINT('',#14541);
#5614=VERTEX_POINT('',#14543);
#5615=VERTEX_POINT('',#14545);
#5616=VERTEX_POINT('',#14547);
#5617=VERTEX_POINT('',#14549);
#5618=VERTEX_POINT('',#14553);
#5619=VERTEX_POINT('',#14554);
#5620=VERTEX_POINT('',#14556);
#5621=VERTEX_POINT('',#14558);
#5622=VERTEX_POINT('',#14565);
#5623=VERTEX_POINT('',#14566);
#5624=VERTEX_POINT('',#14568);
#5625=VERTEX_POINT('',#14570);
#5626=VERTEX_POINT('',#14574);
#5627=VERTEX_POINT('',#14576);
#5628=VERTEX_POINT('',#14578);
#5629=VERTEX_POINT('',#14580);
#5630=VERTEX_POINT('',#14582);
#5631=VERTEX_POINT('',#14586);
#5632=VERTEX_POINT('',#14587);
#5633=VERTEX_POINT('',#14592);
#5634=VERTEX_POINT('',#14622);
#5635=VERTEX_POINT('',#14635);
#5636=VERTEX_POINT('',#14639);
#5637=VERTEX_POINT('',#14688);
#5638=VERTEX_POINT('',#14689);
#5639=VERTEX_POINT('',#14691);
#5640=VERTEX_POINT('',#14693);
#5641=VERTEX_POINT('',#14696);
#5642=VERTEX_POINT('',#14701);
#5643=VERTEX_POINT('',#14702);
#5644=VERTEX_POINT('',#14707);
#5645=VERTEX_POINT('',#14737);
#5646=VERTEX_POINT('',#14738);
#5647=VERTEX_POINT('',#14747);
#5648=VERTEX_POINT('',#14756);
#5649=VERTEX_POINT('',#14815);
#5650=VERTEX_POINT('',#14822);
#5651=VERTEX_POINT('',#14828);
#5652=VERTEX_POINT('',#14831);
#5653=VERTEX_POINT('',#14835);
#5654=VERTEX_POINT('',#14838);
#5655=VERTEX_POINT('',#14846);
#5656=VERTEX_POINT('',#14847);
#5657=VERTEX_POINT('',#14849);
#5658=VERTEX_POINT('',#14851);
#5659=VERTEX_POINT('',#14855);
#5660=VERTEX_POINT('',#14856);
#5661=VERTEX_POINT('',#14858);
#5662=VERTEX_POINT('',#14860);
#5663=VERTEX_POINT('',#14864);
#5664=VERTEX_POINT('',#14865);
#5665=VERTEX_POINT('',#14867);
#5666=VERTEX_POINT('',#14869);
#5667=VERTEX_POINT('',#14873);
#5668=VERTEX_POINT('',#14874);
#5669=VERTEX_POINT('',#14876);
#5670=VERTEX_POINT('',#14878);
#5671=VERTEX_POINT('',#14882);
#5672=VERTEX_POINT('',#14883);
#5673=VERTEX_POINT('',#14885);
#5674=VERTEX_POINT('',#14887);
#5675=VERTEX_POINT('',#14889);
#5676=VERTEX_POINT('',#14891);
#5677=VERTEX_POINT('',#14893);
#5678=VERTEX_POINT('',#14895);
#5679=VERTEX_POINT('',#14898);
#5680=VERTEX_POINT('',#14900);
#5681=VERTEX_POINT('',#14903);
#5682=VERTEX_POINT('',#14905);
#5683=VERTEX_POINT('',#14907);
#5684=VERTEX_POINT('',#14908);
#5685=VERTEX_POINT('',#14910);
#5686=VERTEX_POINT('',#14912);
#5687=VERTEX_POINT('',#14914);
#5688=VERTEX_POINT('',#14916);
#5689=VERTEX_POINT('',#14918);
#5690=VERTEX_POINT('',#14920);
#5691=VERTEX_POINT('',#14924);
#5692=VERTEX_POINT('',#14926);
#5693=VERTEX_POINT('',#14929);
#5694=VERTEX_POINT('',#14931);
#5695=VERTEX_POINT('',#14934);
#5696=VERTEX_POINT('',#14938);
#5697=VERTEX_POINT('',#14991);
#5698=VERTEX_POINT('',#14992);
#5699=VERTEX_POINT('',#14994);
#5700=VERTEX_POINT('',#14996);
#5701=VERTEX_POINT('',#15000);
#5702=VERTEX_POINT('',#15001);
#5703=VERTEX_POINT('',#15003);
#5704=VERTEX_POINT('',#15006);
#5705=VERTEX_POINT('',#15010);
#5706=VERTEX_POINT('',#15012);
#5707=VERTEX_POINT('',#15017);
#5708=VERTEX_POINT('',#15019);
#5709=VERTEX_POINT('',#15023);
#5710=VERTEX_POINT('',#15025);
#5711=VERTEX_POINT('',#15029);
#5712=VERTEX_POINT('',#15030);
#5713=VERTEX_POINT('',#15033);
#5714=VERTEX_POINT('',#15037);
#5715=VERTEX_POINT('',#15038);
#5716=VERTEX_POINT('',#15040);
#5717=VERTEX_POINT('',#15047);
#5718=VERTEX_POINT('',#15049);
#5719=VERTEX_POINT('',#15053);
#5720=VERTEX_POINT('',#15057);
#5721=VERTEX_POINT('',#15059);
#5722=VERTEX_POINT('',#15061);
#5723=VERTEX_POINT('',#15064);
#5724=VERTEX_POINT('',#15065);
#5725=VERTEX_POINT('',#15067);
#5726=VERTEX_POINT('',#15069);
#5727=VERTEX_POINT('',#15075);
#5728=VERTEX_POINT('',#15077);
#5729=VERTEX_POINT('',#15081);
#5730=VERTEX_POINT('',#15085);
#5731=VERTEX_POINT('',#15091);
#5732=VERTEX_POINT('',#15093);
#5733=VERTEX_POINT('',#15097);
#5734=VERTEX_POINT('',#15101);
#5735=VERTEX_POINT('',#15111);
#5736=VERTEX_POINT('',#15112);
#5737=VERTEX_POINT('',#15114);
#5738=VERTEX_POINT('',#15116);
#5739=VERTEX_POINT('',#15120);
#5740=VERTEX_POINT('',#15122);
#5741=VERTEX_POINT('',#15126);
#5742=VERTEX_POINT('',#15128);
#5743=CIRCLE('',#7904,1.60000000000003);
#5744=CIRCLE('',#7907,2.3);
#5745=CIRCLE('',#7908,2.3);
#5746=CIRCLE('',#7909,1.8);
#5747=CIRCLE('',#7910,1.8);
#5748=CIRCLE('',#7911,2.20000000000051);
#5749=CIRCLE('',#7912,2.20000000000002);
#5750=CIRCLE('',#7915,1.6);
#5751=CIRCLE('',#7916,1.60000000000008);
#5752=CIRCLE('',#7918,1.60000000000001);
#5753=CIRCLE('',#7919,1.60000000000001);
#5754=CIRCLE('',#7925,1.60000000000025);
#5755=CIRCLE('',#7927,2.255);
#5756=CIRCLE('',#7928,2.3);
#5757=CIRCLE('',#7930,2.255);
#5758=CIRCLE('',#7931,2.3);
#5759=CIRCLE('',#7933,4.5);
#5760=CIRCLE('',#7936,4.5);
#5761=CIRCLE('',#7939,3.);
#5762=CIRCLE('',#7940,3.39999999999994);
#5763=CIRCLE('',#7942,3.);
#5764=CIRCLE('',#7943,3.39999999999993);
#5765=CIRCLE('',#7945,3.);
#5766=CIRCLE('',#7947,3.);
#5767=CIRCLE('',#7949,0.825);
#5768=CIRCLE('',#7951,0.825);
#5769=CIRCLE('',#7953,0.825);
#5770=CIRCLE('',#7955,0.825);
#5771=CIRCLE('',#7963,1.99999999999992);
#5772=CIRCLE('',#7965,1.99999999999992);
#5773=CIRCLE('',#7970,0.825);
#5774=CIRCLE('',#7972,0.825);
#5775=CIRCLE('',#7974,0.825);
#5776=CIRCLE('',#7976,0.825);
#5777=CIRCLE('',#7983,1.6);
#5778=CIRCLE('',#7985,1.6);
#5779=CIRCLE('',#7992,3.48);
#5780=CIRCLE('',#7993,3.5);
#5781=CIRCLE('',#7995,3.5);
#5782=CIRCLE('',#7997,3.48);
#5783=CIRCLE('',#7998,3.5);
#5784=CIRCLE('',#8000,3.5);
#5785=CIRCLE('',#8002,3.1);
#5786=CIRCLE('',#8003,3.1);
#5787=CIRCLE('',#8010,1.6);
#5788=CIRCLE('',#8012,1.6);
#5789=CIRCLE('',#8029,1.38);
#5790=CIRCLE('',#8031,2.);
#5791=CIRCLE('',#8032,2.);
#5792=CIRCLE('',#8034,1.38);
#5793=CIRCLE('',#8036,2.);
#5794=CIRCLE('',#8037,2.);
#5795=CIRCLE('',#8043,1.7);
#5796=CIRCLE('',#8045,1.7);
#5797=CIRCLE('',#8047,1.7);
#5798=CIRCLE('',#8049,1.7);
#5799=CIRCLE('',#8068,2.40000000000004);
#5800=CIRCLE('',#8071,2.40000000000025);
#5801=CIRCLE('',#8078,2.);
#5802=CIRCLE('',#8079,2.);
#5803=CIRCLE('',#8081,2.);
#5804=CIRCLE('',#8082,2.);
#5805=CIRCLE('',#8105,2.);
#5806=CIRCLE('',#8107,2.);
#5807=CIRCLE('',#8109,2.);
#5808=CIRCLE('',#8110,2.);
#5809=CIRCLE('',#8112,2.);
#5810=CIRCLE('',#8113,2.);
#5811=CIRCLE('',#8161,3.);
#5812=CIRCLE('',#8162,3.);
#5813=CIRCLE('',#8164,2.5);
#5814=CIRCLE('',#8165,2.8);
#5815=CIRCLE('',#8167,1.1);
#5816=CIRCLE('',#8168,2.8);
#5817=CIRCLE('',#8172,1.1);
#5818=CIRCLE('',#8179,2.);
#5819=CIRCLE('',#8180,2.);
#5820=CIRCLE('',#8181,2.);
#5821=CIRCLE('',#8182,2.);
#5822=CIRCLE('',#8183,2.);
#5823=CIRCLE('',#8184,2.);
#5824=CIRCLE('',#8185,2.);
#5825=CIRCLE('',#8186,2.);
#5826=CIRCLE('',#8187,2.);
#5827=CIRCLE('',#8188,2.);
#5828=CIRCLE('',#8189,2.);
#5829=CIRCLE('',#8190,2.);
#5830=CIRCLE('',#8191,2.);
#5831=CIRCLE('',#8192,2.);
#5832=CIRCLE('',#8193,2.);
#5833=CIRCLE('',#8194,2.);
#5834=CIRCLE('',#8195,2.);
#5835=CIRCLE('',#8196,2.);
#5836=CIRCLE('',#8197,2.);
#5837=CIRCLE('',#8198,2.);
#5838=CIRCLE('',#8199,2.);
#5839=CIRCLE('',#8200,2.);
#5840=CIRCLE('',#8202,2.);
#5841=CIRCLE('',#8203,2.);
#5842=CIRCLE('',#8204,2.);
#5843=CIRCLE('',#8205,2.);
#5844=CIRCLE('',#8206,2.);
#5845=CIRCLE('',#8207,2.);
#5846=CIRCLE('',#8208,2.);
#5847=CIRCLE('',#8209,2.);
#5848=CIRCLE('',#8210,2.);
#5849=CIRCLE('',#8211,2.);
#5850=CIRCLE('',#8212,2.);
#5851=CIRCLE('',#8213,2.);
#5852=CIRCLE('',#8215,2.125);
#5853=CIRCLE('',#8217,2.125);
#5854=CIRCLE('',#8218,2.125);
#5855=CIRCLE('',#8220,2.025);
#5856=CIRCLE('',#8222,1.5645);
#5857=CIRCLE('',#8223,1.2645);
#5858=CIRCLE('',#8224,1.543);
#5859=CIRCLE('',#8226,1.5645);
#5860=CIRCLE('',#8228,1.2645);
#5861=CIRCLE('',#8229,1.2645);
#5862=CIRCLE('',#8230,1.543);
#5863=CIRCLE('',#8232,2.5);
#5864=CIRCLE('',#8234,2.5);
#5865=CIRCLE('',#8236,2.5);
#5866=CIRCLE('',#8238,2.5);
#5867=CIRCLE('',#8240,2.5);
#5868=CIRCLE('',#8242,2.5);
#5869=CIRCLE('',#8244,2.5);
#5870=CIRCLE('',#8246,2.5);
#5871=CIRCLE('',#8248,2.5);
#5872=CIRCLE('',#8250,2.5);
#5873=CIRCLE('',#8252,2.5);
#5874=CIRCLE('',#8254,2.5);
#5875=CIRCLE('',#8256,2.5);
#5876=CIRCLE('',#8258,2.5);
#5877=CIRCLE('',#8260,2.5);
#5878=CIRCLE('',#8262,2.5);
#5879=CIRCLE('',#8264,2.5);
#5880=CIRCLE('',#8266,2.5);
#5881=CIRCLE('',#8268,2.5);
#5882=CIRCLE('',#8270,2.5);
#5883=CIRCLE('',#8272,2.5);
#5884=CIRCLE('',#8274,2.5);
#5885=CIRCLE('',#8277,2.5);
#5886=CIRCLE('',#8280,2.5);
#5887=CIRCLE('',#8282,2.5);
#5888=CIRCLE('',#8285,2.5);
#5889=CIRCLE('',#8287,2.5);
#5890=CIRCLE('',#8290,2.5);
#5891=CIRCLE('',#8292,2.5);
#5892=CIRCLE('',#8295,2.5);
#5893=CIRCLE('',#8297,2.5);
#5894=CIRCLE('',#8300,2.5);
#5895=CIRCLE('',#8302,2.5);
#5896=CIRCLE('',#8305,2.5);
#5897=CIRCLE('',#8307,2.5);
#5898=CIRCLE('',#8310,2.5);
#5899=CIRCLE('',#8312,2.5);
#5900=CIRCLE('',#8315,2.5);
#5901=CIRCLE('',#8317,2.5);
#5902=CIRCLE('',#8319,2.5);
#5903=CIRCLE('',#8342,1.9162);
#5904=CIRCLE('',#8343,1.9162);
#5905=CIRCLE('',#8344,1.85697980707563);
#5906=CIRCLE('',#8345,1.85697980707563);
#5907=CIRCLE('',#8347,1.9162);
#5908=CIRCLE('',#8348,1.9162);
#5909=CIRCLE('',#8350,1.);
#5910=CIRCLE('',#8352,1.83245);
#5911=CIRCLE('',#8364,0.6968);
#5912=CIRCLE('',#8366,0.6968);
#5913=CIRCLE('',#8368,0.6968);
#5914=CIRCLE('',#8370,0.6968);
#5915=CIRCLE('',#8372,0.6968);
#5916=CIRCLE('',#8374,0.6968);
#5917=CIRCLE('',#8379,0.016608975563343);
#5918=CIRCLE('',#8381,0.016608975563343);
#5919=CIRCLE('',#8383,1.);
#5920=CIRCLE('',#8385,0.7);
#5921=CIRCLE('',#8393,1.2);
#5922=CIRCLE('',#8395,1.5);
#5923=CIRCLE('',#8396,1.5);
#5924=CIRCLE('',#8398,2.375);
#5925=CIRCLE('',#8399,2.75);
#5926=CIRCLE('',#8401,1.25);
#5927=CIRCLE('',#8402,1.25);
#5928=CIRCLE('',#8403,1.25);
#5929=CIRCLE('',#8404,1.25);
#5930=CIRCLE('',#8405,1.25);
#5931=CIRCLE('',#8406,1.25);
#5932=CIRCLE('',#8408,2.75);
#5933=CIRCLE('',#8428,2.025);
#5934=CIRCLE('',#8429,3.97855339059327);
#5935=CIRCLE('',#8432,2.025);
#5936=CIRCLE('',#8433,3.97855339059327);
#5937=CIRCLE('',#8437,2.5);
#5938=CIRCLE('',#8438,2.5);
#5939=CIRCLE('',#8440,2.5);
#5940=CIRCLE('',#8441,2.5);
#5941=CIRCLE('',#8443,0.5);
#5942=CIRCLE('',#8444,4.125);
#5943=CIRCLE('',#8445,0.5);
#5944=CIRCLE('',#8446,0.5);
#5945=CIRCLE('',#8449,4.125);
#5946=CIRCLE('',#8451,0.499999999999999);
#5947=CIRCLE('',#8453,0.499999999999999);
#5948=CIRCLE('',#8456,0.5);
#5949=CIRCLE('',#8458,0.5);
#5950=CIRCLE('',#8459,0.5);
#5951=CIRCLE('',#8461,0.5);
#5952=CIRCLE('',#8465,0.5);
#5953=CIRCLE('',#8466,4.125);
#5954=CIRCLE('',#8467,0.5);
#5955=CIRCLE('',#8468,0.5);
#5956=CIRCLE('',#8471,4.125);
#5957=CIRCLE('',#8473,0.5);
#5958=CIRCLE('',#8475,0.499999999999999);
#5959=CIRCLE('',#8478,0.5);
#5960=CIRCLE('',#8480,0.5);
#5961=CIRCLE('',#8481,0.5);
#5962=CIRCLE('',#8483,0.5);
#5963=CIRCLE('',#8488,0.5);
#5964=CIRCLE('',#8491,0.5);
#5965=CIRCLE('',#8493,1.9);
#5966=CIRCLE('',#8495,1.5);
#5967=CIRCLE('',#8497,1.9);
#5968=CIRCLE('',#8499,1.5);
#5969=CIRCLE('',#8508,3.6);
#5970=CIRCLE('',#8509,3.6);
#5971=CIRCLE('',#8510,3.6);
#5972=CIRCLE('',#8511,3.6);
#5973=CIRCLE('',#8512,3.);
#5974=CIRCLE('',#8513,3.);
#5975=CIRCLE('',#8515,2.);
#5976=CIRCLE('',#8516,2.);
#5977=CIRCLE('',#8517,3.6);
#5978=CIRCLE('',#8518,3.6);
#5979=CIRCLE('',#8519,3.6);
#5980=CIRCLE('',#8520,3.6);
#5981=CIRCLE('',#8522,1.6);
#5982=CIRCLE('',#8523,1.6);
#5983=CIRCLE('',#8525,1.6);
#5984=CIRCLE('',#8526,1.6);
#5985=CIRCLE('',#8528,3.);
#5986=CIRCLE('',#8531,3.);
#5987=CIRCLE('',#8534,4.);
#5988=CIRCLE('',#8535,4.);
#5989=CIRCLE('',#8537,4.);
#5990=CIRCLE('',#8538,4.);
#5991=CIRCLE('',#8540,4.);
#5992=CIRCLE('',#8541,4.);
#5993=CIRCLE('',#8543,4.);
#5994=CIRCLE('',#8544,4.);
#5995=EDGE_LOOP('',(#1809,#1810,#1811,#1812,#1813,#1814,#1815,#1816));
#5996=EDGE_LOOP('',(#1817,#1818,#1819,#1820,#1821,#1822));
#5997=EDGE_LOOP('',(#1823));
#5998=EDGE_LOOP('',(#1824));
#5999=EDGE_LOOP('',(#1825));
#6000=EDGE_LOOP('',(#1826));
#6001=EDGE_LOOP('',(#1827,#1828,#1829,#1830,#1831,#1832,#1833,#1834,#1835,
#1836,#1837,#1838,#1839,#1840,#1841,#1842,#1843,#1844));
#6002=EDGE_LOOP('',(#1845,#1846,#1847,#1848,#1849,#1850,#1851,#1852));
#6003=EDGE_LOOP('',(#1853,#1854,#1855,#1856,#1857,#1858,#1859,#1860,#1861,
#1862));
#6004=EDGE_LOOP('',(#1863,#1864,#1865,#1866,#1867,#1868,#1869,#1870,#1871,
#1872));
#6005=EDGE_LOOP('',(#1873,#1874,#1875,#1876,#1877,#1878,#1879,#1880));
#6006=EDGE_LOOP('',(#1881,#1882,#1883,#1884,#1885));
#6007=EDGE_LOOP('',(#1886,#1887,#1888,#1889,#1890,#1891));
#6008=EDGE_LOOP('',(#1892,#1893,#1894,#1895,#1896,#1897,#1898,#1899,#1900,
#1901,#1902,#1903,#1904,#1905,#1906,#1907,#1908,#1909,#1910,#1911,#1912,
#1913,#1914,#1915,#1916,#1917,#1918,#1919,#1920,#1921,#1922,#1923,#1924,
#1925,#1926,#1927,#1928,#1929,#1930,#1931));
#6009=EDGE_LOOP('',(#1932,#1933,#1934,#1935,#1936));
#6010=EDGE_LOOP('',(#1937,#1938,#1939,#1940,#1941,#1942,#1943,#1944));
#6011=EDGE_LOOP('',(#1945));
#6012=EDGE_LOOP('',(#1946));
#6013=EDGE_LOOP('',(#1947));
#6014=EDGE_LOOP('',(#1948));
#6015=EDGE_LOOP('',(#1949,#1950,#1951,#1952));
#6016=EDGE_LOOP('',(#1953,#1954,#1955,#1956,#1957,#1958,#1959,#1960,#1961,
#1962,#1963,#1964));
#6017=EDGE_LOOP('',(#1965));
#6018=EDGE_LOOP('',(#1966));
#6019=EDGE_LOOP('',(#1967));
#6020=EDGE_LOOP('',(#1968));
#6021=EDGE_LOOP('',(#1969));
#6022=EDGE_LOOP('',(#1970));
#6023=EDGE_LOOP('',(#1971));
#6024=EDGE_LOOP('',(#1972));
#6025=EDGE_LOOP('',(#1973));
#6026=EDGE_LOOP('',(#1974));
#6027=EDGE_LOOP('',(#1975));
#6028=EDGE_LOOP('',(#1976));
#6029=EDGE_LOOP('',(#1977));
#6030=EDGE_LOOP('',(#1978));
#6031=EDGE_LOOP('',(#1979));
#6032=EDGE_LOOP('',(#1980,#1981,#1982,#1983,#1984,#1985,#1986));
#6033=EDGE_LOOP('',(#1987,#1988,#1989));
#6034=EDGE_LOOP('',(#1990,#1991,#1992,#1993));
#6035=EDGE_LOOP('',(#1994,#1995,#1996,#1997));
#6036=EDGE_LOOP('',(#1998,#1999,#2000));
#6037=EDGE_LOOP('',(#2001));
#6038=EDGE_LOOP('',(#2002,#2003,#2004,#2005,#2006,#2007,#2008));
#6039=EDGE_LOOP('',(#2009));
#6040=EDGE_LOOP('',(#2010));
#6041=EDGE_LOOP('',(#2011));
#6042=EDGE_LOOP('',(#2012));
#6043=EDGE_LOOP('',(#2013,#2014,#2015,#2016,#2017));
#6044=EDGE_LOOP('',(#2018,#2019,#2020,#2021,#2022));
#6045=EDGE_LOOP('',(#2023,#2024,#2025,#2026,#2027));
#6046=EDGE_LOOP('',(#2028));
#6047=EDGE_LOOP('',(#2029));
#6048=EDGE_LOOP('',(#2030));
#6049=EDGE_LOOP('',(#2031));
#6050=EDGE_LOOP('',(#2032));
#6051=EDGE_LOOP('',(#2033));
#6052=EDGE_LOOP('',(#2034));
#6053=EDGE_LOOP('',(#2035));
#6054=EDGE_LOOP('',(#2036,#2037,#2038,#2039,#2040,#2041,#2042,#2043));
#6055=EDGE_LOOP('',(#2044,#2045,#2046,#2047,#2048,#2049,#2050,#2051));
#6056=EDGE_LOOP('',(#2052,#2053,#2054,#2055,#2056,#2057,#2058,#2059,#2060,
#2061,#2062,#2063,#2064,#2065,#2066,#2067,#2068,#2069,#2070,#2071,#2072,
#2073,#2074,#2075,#2076,#2077));
#6057=EDGE_LOOP('',(#2078,#2079,#2080,#2081));
#6058=EDGE_LOOP('',(#2082));
#6059=EDGE_LOOP('',(#2083));
#6060=EDGE_LOOP('',(#2084));
#6061=EDGE_LOOP('',(#2085));
#6062=EDGE_LOOP('',(#2086,#2087,#2088,#2089,#2090,#2091));
#6063=EDGE_LOOP('',(#2092,#2093,#2094,#2095,#2096,#2097));
#6064=EDGE_LOOP('',(#2098,#2099,#2100,#2101,#2102,#2103));
#6065=EDGE_LOOP('',(#2104,#2105,#2106,#2107));
#6066=EDGE_LOOP('',(#2108));
#6067=EDGE_LOOP('',(#2109,#2110,#2111,#2112));
#6068=EDGE_LOOP('',(#2113,#2114,#2115,#2116));
#6069=EDGE_LOOP('',(#2117,#2118,#2119,#2120));
#6070=EDGE_LOOP('',(#2121,#2122,#2123,#2124));
#6071=EDGE_LOOP('',(#2125,#2126,#2127,#2128));
#6072=EDGE_LOOP('',(#2129,#2130,#2131,#2132,#2133,#2134,#2135,#2136));
#6073=EDGE_LOOP('',(#2137));
#6074=EDGE_LOOP('',(#2138));
#6075=EDGE_LOOP('',(#2139,#2140,#2141,#2142));
#6076=EDGE_LOOP('',(#2143,#2144,#2145,#2146));
#6077=EDGE_LOOP('',(#2147));
#6078=EDGE_LOOP('',(#2148,#2149,#2150,#2151));
#6079=EDGE_LOOP('',(#2152,#2153,#2154,#2155,#2156,#2157));
#6080=EDGE_LOOP('',(#2158,#2159,#2160,#2161,#2162,#2163));
#6081=EDGE_LOOP('',(#2164));
#6082=EDGE_LOOP('',(#2165));
#6083=EDGE_LOOP('',(#2166));
#6084=EDGE_LOOP('',(#2167));
#6085=EDGE_LOOP('',(#2168));
#6086=EDGE_LOOP('',(#2169));
#6087=EDGE_LOOP('',(#2170));
#6088=EDGE_LOOP('',(#2171));
#6089=EDGE_LOOP('',(#2172));
#6090=EDGE_LOOP('',(#2173));
#6091=EDGE_LOOP('',(#2174,#2175,#2176,#2177));
#6092=EDGE_LOOP('',(#2178,#2179,#2180,#2181));
#6093=EDGE_LOOP('',(#2182,#2183,#2184,#2185));
#6094=EDGE_LOOP('',(#2186,#2187,#2188,#2189));
#6095=EDGE_LOOP('',(#2190,#2191,#2192,#2193));
#6096=EDGE_LOOP('',(#2194,#2195,#2196,#2197));
#6097=EDGE_LOOP('',(#2198,#2199,#2200,#2201));
#6098=EDGE_LOOP('',(#2202,#2203,#2204,#2205));
#6099=EDGE_LOOP('',(#2206,#2207,#2208,#2209));
#6100=EDGE_LOOP('',(#2210,#2211,#2212,#2213));
#6101=EDGE_LOOP('',(#2214,#2215,#2216,#2217));
#6102=EDGE_LOOP('',(#2218,#2219,#2220,#2221));
#6103=EDGE_LOOP('',(#2222,#2223));
#6104=EDGE_LOOP('',(#2224,#2225,#2226,#2227));
#6105=EDGE_LOOP('',(#2228,#2229));
#6106=EDGE_LOOP('',(#2230,#2231,#2232,#2233));
#6107=EDGE_LOOP('',(#2234,#2235,#2236,#2237));
#6108=EDGE_LOOP('',(#2238,#2239,#2240,#2241));
#6109=EDGE_LOOP('',(#2242,#2243,#2244,#2245));
#6110=EDGE_LOOP('',(#2246,#2247,#2248,#2249));
#6111=EDGE_LOOP('',(#2250));
#6112=EDGE_LOOP('',(#2251));
#6113=EDGE_LOOP('',(#2252));
#6114=EDGE_LOOP('',(#2253));
#6115=EDGE_LOOP('',(#2254));
#6116=EDGE_LOOP('',(#2255));
#6117=EDGE_LOOP('',(#2256));
#6118=EDGE_LOOP('',(#2257));
#6119=EDGE_LOOP('',(#2258));
#6120=EDGE_LOOP('',(#2259));
#6121=EDGE_LOOP('',(#2260,#2261,#2262,#2263));
#6122=EDGE_LOOP('',(#2264,#2265,#2266,#2267));
#6123=EDGE_LOOP('',(#2268,#2269,#2270,#2271));
#6124=EDGE_LOOP('',(#2272,#2273,#2274,#2275));
#6125=EDGE_LOOP('',(#2276,#2277,#2278,#2279));
#6126=EDGE_LOOP('',(#2280,#2281,#2282,#2283));
#6127=EDGE_LOOP('',(#2284,#2285,#2286,#2287,#2288));
#6128=EDGE_LOOP('',(#2289,#2290,#2291,#2292,#2293));
#6129=EDGE_LOOP('',(#2294,#2295,#2296,#2297));
#6130=EDGE_LOOP('',(#2298,#2299,#2300,#2301));
#6131=EDGE_LOOP('',(#2302,#2303,#2304,#2305));
#6132=EDGE_LOOP('',(#2306,#2307,#2308,#2309));
#6133=EDGE_LOOP('',(#2310,#2311,#2312,#2313));
#6134=EDGE_LOOP('',(#2314,#2315,#2316,#2317));
#6135=EDGE_LOOP('',(#2318,#2319,#2320,#2321));
#6136=EDGE_LOOP('',(#2322,#2323,#2324,#2325,#2326));
#6137=EDGE_LOOP('',(#2327,#2328,#2329,#2330,#2331));
#6138=EDGE_LOOP('',(#2332,#2333,#2334,#2335,#2336));
#6139=EDGE_LOOP('',(#2337,#2338,#2339,#2340));
#6140=EDGE_LOOP('',(#2341,#2342,#2343,#2344));
#6141=EDGE_LOOP('',(#2345,#2346,#2347,#2348));
#6142=EDGE_LOOP('',(#2349,#2350,#2351,#2352));
#6143=EDGE_LOOP('',(#2353,#2354,#2355,#2356));
#6144=EDGE_LOOP('',(#2357,#2358,#2359,#2360));
#6145=EDGE_LOOP('',(#2361,#2362,#2363,#2364));
#6146=EDGE_LOOP('',(#2365,#2366,#2367,#2368,#2369,#2370));
#6147=EDGE_LOOP('',(#2371,#2372,#2373,#2374));
#6148=EDGE_LOOP('',(#2375,#2376,#2377,#2378,#2379,#2380));
#6149=EDGE_LOOP('',(#2381,#2382,#2383,#2384));
#6150=EDGE_LOOP('',(#2385,#2386,#2387,#2388,#2389,#2390));
#6151=EDGE_LOOP('',(#2391,#2392,#2393,#2394,#2395,#2396));
#6152=EDGE_LOOP('',(#2397,#2398,#2399,#2400));
#6153=EDGE_LOOP('',(#2401,#2402,#2403,#2404));
#6154=EDGE_LOOP('',(#2405,#2406,#2407,#2408));
#6155=EDGE_LOOP('',(#2409,#2410,#2411,#2412));
#6156=EDGE_LOOP('',(#2413,#2414,#2415,#2416));
#6157=EDGE_LOOP('',(#2417,#2418,#2419,#2420));
#6158=EDGE_LOOP('',(#2421,#2422,#2423,#2424));
#6159=EDGE_LOOP('',(#2425,#2426,#2427,#2428));
#6160=EDGE_LOOP('',(#2429,#2430,#2431,#2432));
#6161=EDGE_LOOP('',(#2433,#2434,#2435,#2436,#2437));
#6162=EDGE_LOOP('',(#2438,#2439,#2440,#2441));
#6163=EDGE_LOOP('',(#2442,#2443,#2444,#2445));
#6164=EDGE_LOOP('',(#2446,#2447,#2448,#2449,#2450));
#6165=EDGE_LOOP('',(#2451,#2452,#2453,#2454));
#6166=EDGE_LOOP('',(#2455,#2456,#2457,#2458));
#6167=EDGE_LOOP('',(#2459,#2460,#2461,#2462));
#6168=EDGE_LOOP('',(#2463,#2464,#2465,#2466));
#6169=EDGE_LOOP('',(#2467,#2468,#2469,#2470));
#6170=EDGE_LOOP('',(#2471,#2472,#2473,#2474));
#6171=EDGE_LOOP('',(#2475,#2476,#2477,#2478));
#6172=EDGE_LOOP('',(#2479,#2480,#2481,#2482));
#6173=EDGE_LOOP('',(#2483,#2484,#2485,#2486));
#6174=EDGE_LOOP('',(#2487,#2488,#2489,#2490));
#6175=EDGE_LOOP('',(#2491,#2492,#2493,#2494));
#6176=EDGE_LOOP('',(#2495,#2496,#2497,#2498));
#6177=EDGE_LOOP('',(#2499,#2500,#2501,#2502));
#6178=EDGE_LOOP('',(#2503,#2504,#2505,#2506));
#6179=EDGE_LOOP('',(#2507,#2508,#2509,#2510));
#6180=EDGE_LOOP('',(#2511,#2512,#2513,#2514));
#6181=EDGE_LOOP('',(#2515,#2516,#2517,#2518));
#6182=EDGE_LOOP('',(#2519,#2520,#2521,#2522));
#6183=EDGE_LOOP('',(#2523,#2524,#2525,#2526));
#6184=EDGE_LOOP('',(#2527,#2528,#2529,#2530));
#6185=EDGE_LOOP('',(#2531,#2532,#2533,#2534,#2535,#2536));
#6186=EDGE_LOOP('',(#2537,#2538,#2539,#2540,#2541,#2542));
#6187=EDGE_LOOP('',(#2543,#2544,#2545,#2546));
#6188=EDGE_LOOP('',(#2547,#2548,#2549,#2550));
#6189=EDGE_LOOP('',(#2551,#2552,#2553,#2554));
#6190=EDGE_LOOP('',(#2555,#2556,#2557,#2558));
#6191=EDGE_LOOP('',(#2559,#2560,#2561,#2562));
#6192=EDGE_LOOP('',(#2563,#2564,#2565,#2566,#2567));
#6193=EDGE_LOOP('',(#2568,#2569,#2570,#2571));
#6194=EDGE_LOOP('',(#2572,#2573,#2574,#2575));
#6195=EDGE_LOOP('',(#2576,#2577,#2578,#2579));
#6196=EDGE_LOOP('',(#2580,#2581,#2582,#2583));
#6197=EDGE_LOOP('',(#2584,#2585,#2586,#2587));
#6198=EDGE_LOOP('',(#2588,#2589,#2590,#2591));
#6199=EDGE_LOOP('',(#2592,#2593,#2594,#2595,#2596));
#6200=EDGE_LOOP('',(#2597,#2598,#2599,#2600));
#6201=EDGE_LOOP('',(#2601,#2602,#2603,#2604));
#6202=EDGE_LOOP('',(#2605,#2606,#2607,#2608));
#6203=EDGE_LOOP('',(#2609,#2610,#2611,#2612));
#6204=EDGE_LOOP('',(#2613,#2614,#2615,#2616));
#6205=EDGE_LOOP('',(#2617,#2618,#2619,#2620));
#6206=EDGE_LOOP('',(#2621,#2622,#2623,#2624,#2625));
#6207=EDGE_LOOP('',(#2626,#2627,#2628,#2629));
#6208=EDGE_LOOP('',(#2630,#2631,#2632,#2633));
#6209=EDGE_LOOP('',(#2634,#2635,#2636,#2637,#2638));
#6210=EDGE_LOOP('',(#2639,#2640,#2641,#2642));
#6211=EDGE_LOOP('',(#2643,#2644,#2645,#2646));
#6212=EDGE_LOOP('',(#2647,#2648,#2649,#2650));
#6213=EDGE_LOOP('',(#2651,#2652,#2653,#2654));
#6214=EDGE_LOOP('',(#2655,#2656,#2657,#2658));
#6215=EDGE_LOOP('',(#2659,#2660,#2661,#2662));
#6216=EDGE_LOOP('',(#2663));
#6217=EDGE_LOOP('',(#2664));
#6218=EDGE_LOOP('',(#2665));
#6219=EDGE_LOOP('',(#2666));
#6220=EDGE_LOOP('',(#2667));
#6221=EDGE_LOOP('',(#2668));
#6222=EDGE_LOOP('',(#2669));
#6223=EDGE_LOOP('',(#2670));
#6224=EDGE_LOOP('',(#2671));
#6225=EDGE_LOOP('',(#2672));
#6226=EDGE_LOOP('',(#2673));
#6227=EDGE_LOOP('',(#2674));
#6228=EDGE_LOOP('',(#2675));
#6229=EDGE_LOOP('',(#2676));
#6230=EDGE_LOOP('',(#2677,#2678,#2679,#2680,#2681,#2682,#2683,#2684,#2685,
#2686,#2687,#2688,#2689,#2690,#2691,#2692,#2693,#2694,#2695,#2696,#2697,
#2698,#2699,#2700));
#6231=EDGE_LOOP('',(#2701,#2702,#2703,#2704,#2705,#2706,#2707,#2708,#2709,
#2710,#2711,#2712,#2713,#2714));
#6232=EDGE_LOOP('',(#2715));
#6233=EDGE_LOOP('',(#2716));
#6234=EDGE_LOOP('',(#2717,#2718,#2719,#2720,#2721));
#6235=EDGE_LOOP('',(#2722,#2723,#2724,#2725,#2726));
#6236=EDGE_LOOP('',(#2727,#2728,#2729,#2730,#2731,#2732,#2733,#2734,#2735,
#2736,#2737,#2738,#2739,#2740,#2741,#2742,#2743,#2744,#2745,#2746,#2747,
#2748,#2749,#2750,#2751,#2752,#2753,#2754,#2755,#2756,#2757,#2758,#2759,
#2760,#2761,#2762));
#6237=EDGE_LOOP('',(#2763,#2764,#2765,#2766,#2767,#2768,#2769,#2770));
#6238=EDGE_LOOP('',(#2771));
#6239=EDGE_LOOP('',(#2772));
#6240=EDGE_LOOP('',(#2773,#2774,#2775,#2776,#2777,#2778,#2779,#2780,#2781,
#2782,#2783,#2784,#2785,#2786,#2787,#2788,#2789,#2790,#2791,#2792,#2793,
#2794,#2795,#2796,#2797,#2798,#2799,#2800,#2801,#2802,#2803,#2804,#2805,
#2806));
#6241=EDGE_LOOP('',(#2807,#2808,#2809,#2810,#2811,#2812,#2813,#2814,#2815,
#2816));
#6242=EDGE_LOOP('',(#2817,#2818,#2819,#2820));
#6243=EDGE_LOOP('',(#2821,#2822,#2823,#2824));
#6244=EDGE_LOOP('',(#2825,#2826,#2827,#2828));
#6245=EDGE_LOOP('',(#2829,#2830,#2831,#2832,#2833));
#6246=EDGE_LOOP('',(#2834,#2835,#2836,#2837));
#6247=EDGE_LOOP('',(#2838,#2839,#2840,#2841));
#6248=EDGE_LOOP('',(#2842,#2843,#2844,#2845));
#6249=EDGE_LOOP('',(#2846,#2847,#2848,#2849));
#6250=EDGE_LOOP('',(#2850,#2851,#2852,#2853));
#6251=EDGE_LOOP('',(#2854,#2855,#2856,#2857));
#6252=EDGE_LOOP('',(#2858,#2859,#2860,#2861));
#6253=EDGE_LOOP('',(#2862,#2863,#2864,#2865));
#6254=EDGE_LOOP('',(#2866,#2867,#2868,#2869));
#6255=EDGE_LOOP('',(#2870,#2871,#2872,#2873));
#6256=EDGE_LOOP('',(#2874,#2875,#2876,#2877));
#6257=EDGE_LOOP('',(#2878,#2879,#2880,#2881));
#6258=EDGE_LOOP('',(#2882,#2883,#2884,#2885));
#6259=EDGE_LOOP('',(#2886,#2887,#2888,#2889));
#6260=EDGE_LOOP('',(#2890,#2891,#2892,#2893));
#6261=EDGE_LOOP('',(#2894,#2895,#2896,#2897));
#6262=EDGE_LOOP('',(#2898,#2899,#2900,#2901));
#6263=EDGE_LOOP('',(#2902,#2903,#2904,#2905));
#6264=EDGE_LOOP('',(#2906,#2907,#2908,#2909));
#6265=EDGE_LOOP('',(#2910,#2911,#2912,#2913));
#6266=EDGE_LOOP('',(#2914,#2915,#2916,#2917));
#6267=EDGE_LOOP('',(#2918,#2919,#2920,#2921));
#6268=EDGE_LOOP('',(#2922,#2923,#2924,#2925));
#6269=EDGE_LOOP('',(#2926,#2927,#2928,#2929));
#6270=EDGE_LOOP('',(#2930,#2931,#2932,#2933));
#6271=EDGE_LOOP('',(#2934,#2935,#2936,#2937));
#6272=EDGE_LOOP('',(#2938,#2939,#2940,#2941));
#6273=EDGE_LOOP('',(#2942,#2943,#2944,#2945));
#6274=EDGE_LOOP('',(#2946,#2947,#2948,#2949));
#6275=EDGE_LOOP('',(#2950,#2951,#2952,#2953));
#6276=EDGE_LOOP('',(#2954,#2955,#2956,#2957));
#6277=EDGE_LOOP('',(#2958,#2959,#2960,#2961));
#6278=EDGE_LOOP('',(#2962,#2963,#2964,#2965));
#6279=EDGE_LOOP('',(#2966,#2967,#2968,#2969));
#6280=EDGE_LOOP('',(#2970,#2971,#2972,#2973));
#6281=EDGE_LOOP('',(#2974,#2975,#2976,#2977));
#6282=EDGE_LOOP('',(#2978));
#6283=EDGE_LOOP('',(#2979,#2980,#2981,#2982,#2983,#2984,#2985,#2986,#2987,
#2988,#2989,#2990,#2991,#2992,#2993,#2994,#2995,#2996,#2997,#2998,#2999,
#3000,#3001,#3002,#3003,#3004,#3005,#3006,#3007,#3008));
#6284=EDGE_LOOP('',(#3009,#3010,#3011,#3012));
#6285=EDGE_LOOP('',(#3013,#3014,#3015,#3016));
#6286=EDGE_LOOP('',(#3017,#3018,#3019,#3020));
#6287=EDGE_LOOP('',(#3021,#3022,#3023,#3024));
#6288=EDGE_LOOP('',(#3025,#3026,#3027,#3028));
#6289=EDGE_LOOP('',(#3029,#3030,#3031,#3032));
#6290=EDGE_LOOP('',(#3033,#3034,#3035,#3036));
#6291=EDGE_LOOP('',(#3037,#3038,#3039,#3040));
#6292=EDGE_LOOP('',(#3041,#3042,#3043,#3044));
#6293=EDGE_LOOP('',(#3045,#3046,#3047,#3048));
#6294=EDGE_LOOP('',(#3049,#3050,#3051,#3052));
#6295=EDGE_LOOP('',(#3053,#3054,#3055,#3056,#3057));
#6296=EDGE_LOOP('',(#3058,#3059,#3060,#3061));
#6297=EDGE_LOOP('',(#3062,#3063,#3064,#3065));
#6298=EDGE_LOOP('',(#3066,#3067,#3068,#3069));
#6299=EDGE_LOOP('',(#3070,#3071,#3072,#3073));
#6300=EDGE_LOOP('',(#3074,#3075,#3076,#3077));
#6301=EDGE_LOOP('',(#3078,#3079,#3080,#3081));
#6302=EDGE_LOOP('',(#3082,#3083,#3084,#3085));
#6303=EDGE_LOOP('',(#3086,#3087,#3088,#3089,#3090));
#6304=EDGE_LOOP('',(#3091,#3092,#3093,#3094));
#6305=EDGE_LOOP('',(#3095,#3096,#3097,#3098));
#6306=EDGE_LOOP('',(#3099,#3100,#3101,#3102));
#6307=EDGE_LOOP('',(#3103,#3104,#3105,#3106));
#6308=EDGE_LOOP('',(#3107,#3108,#3109,#3110));
#6309=EDGE_LOOP('',(#3111,#3112,#3113,#3114));
#6310=EDGE_LOOP('',(#3115,#3116,#3117,#3118));
#6311=EDGE_LOOP('',(#3119,#3120,#3121,#3122));
#6312=EDGE_LOOP('',(#3123,#3124,#3125,#3126));
#6313=EDGE_LOOP('',(#3127,#3128,#3129,#3130));
#6314=EDGE_LOOP('',(#3131,#3132,#3133,#3134));
#6315=EDGE_LOOP('',(#3135,#3136,#3137,#3138));
#6316=EDGE_LOOP('',(#3139,#3140,#3141,#3142));
#6317=EDGE_LOOP('',(#3143,#3144,#3145,#3146));
#6318=EDGE_LOOP('',(#3147,#3148,#3149,#3150));
#6319=EDGE_LOOP('',(#3151,#3152,#3153,#3154));
#6320=EDGE_LOOP('',(#3155,#3156,#3157,#3158));
#6321=EDGE_LOOP('',(#3159,#3160,#3161,#3162));
#6322=EDGE_LOOP('',(#3163,#3164,#3165,#3166));
#6323=EDGE_LOOP('',(#3167,#3168,#3169,#3170));
#6324=EDGE_LOOP('',(#3171,#3172,#3173,#3174));
#6325=EDGE_LOOP('',(#3175,#3176,#3177,#3178));
#6326=EDGE_LOOP('',(#3179,#3180,#3181,#3182));
#6327=EDGE_LOOP('',(#3183,#3184,#3185,#3186));
#6328=EDGE_LOOP('',(#3187,#3188,#3189,#3190));
#6329=EDGE_LOOP('',(#3191,#3192,#3193,#3194));
#6330=EDGE_LOOP('',(#3195,#3196,#3197,#3198));
#6331=EDGE_LOOP('',(#3199,#3200,#3201,#3202));
#6332=EDGE_LOOP('',(#3203,#3204,#3205,#3206));
#6333=EDGE_LOOP('',(#3207,#3208,#3209,#3210));
#6334=EDGE_LOOP('',(#3211,#3212,#3213,#3214,#3215,#3216));
#6335=EDGE_LOOP('',(#3217,#3218,#3219,#3220,#3221,#3222,#3223));
#6336=EDGE_LOOP('',(#3224,#3225,#3226));
#6337=EDGE_LOOP('',(#3227,#3228,#3229,#3230,#3231,#3232));
#6338=EDGE_LOOP('',(#3233,#3234,#3235,#3236,#3237,#3238));
#6339=EDGE_LOOP('',(#3239,#3240,#3241,#3242,#3243,#3244));
#6340=EDGE_LOOP('',(#3245,#3246,#3247,#3248,#3249,#3250));
#6341=EDGE_LOOP('',(#3251,#3252,#3253,#3254,#3255,#3256));
#6342=EDGE_LOOP('',(#3257,#3258,#3259,#3260,#3261,#3262));
#6343=EDGE_LOOP('',(#3263,#3264,#3265,#3266,#3267,#3268));
#6344=EDGE_LOOP('',(#3269,#3270,#3271,#3272,#3273,#3274));
#6345=EDGE_LOOP('',(#3275,#3276,#3277,#3278,#3279,#3280));
#6346=EDGE_LOOP('',(#3281,#3282,#3283,#3284,#3285,#3286));
#6347=EDGE_LOOP('',(#3287,#3288,#3289,#3290,#3291,#3292));
#6348=EDGE_LOOP('',(#3293,#3294,#3295,#3296,#3297,#3298));
#6349=EDGE_LOOP('',(#3299,#3300,#3301,#3302,#3303,#3304));
#6350=EDGE_LOOP('',(#3305,#3306,#3307,#3308));
#6351=EDGE_LOOP('',(#3309,#3310,#3311,#3312,#3313,#3314));
#6352=EDGE_LOOP('',(#3315,#3316,#3317,#3318,#3319,#3320));
#6353=EDGE_LOOP('',(#3321,#3322,#3323,#3324,#3325));
#6354=EDGE_LOOP('',(#3326,#3327,#3328,#3329,#3330));
#6355=EDGE_LOOP('',(#3331,#3332,#3333,#3334,#3335,#3336));
#6356=EDGE_LOOP('',(#3337));
#6357=EDGE_LOOP('',(#3338,#3339,#3340,#3341));
#6358=EDGE_LOOP('',(#3342,#3343,#3344,#3345));
#6359=EDGE_LOOP('',(#3346,#3347,#3348,#3349));
#6360=EDGE_LOOP('',(#3350,#3351,#3352,#3353));
#6361=EDGE_LOOP('',(#3354,#3355,#3356,#3357));
#6362=EDGE_LOOP('',(#3358,#3359,#3360,#3361));
#6363=EDGE_LOOP('',(#3362,#3363,#3364,#3365,#3366));
#6364=EDGE_LOOP('',(#3367,#3368,#3369,#3370,#3371));
#6365=EDGE_LOOP('',(#3372,#3373,#3374,#3375,#3376));
#6366=EDGE_LOOP('',(#3377,#3378,#3379));
#6367=EDGE_LOOP('',(#3380,#3381,#3382));
#6368=EDGE_LOOP('',(#3383,#3384,#3385));
#6369=EDGE_LOOP('',(#3386,#3387,#3388));
#6370=EDGE_LOOP('',(#3389,#3390,#3391));
#6371=EDGE_LOOP('',(#3392,#3393,#3394));
#6372=EDGE_LOOP('',(#3395,#3396,#3397,#3398,#3399));
#6373=EDGE_LOOP('',(#3400,#3401,#3402,#3403,#3404));
#6374=EDGE_LOOP('',(#3405,#3406,#3407,#3408,#3409));
#6375=EDGE_LOOP('',(#3410,#3411,#3412,#3413,#3414,#3415,#3416,#3417,#3418));
#6376=EDGE_LOOP('',(#3419));
#6377=EDGE_LOOP('',(#3420));
#6378=EDGE_LOOP('',(#3421));
#6379=EDGE_LOOP('',(#3422));
#6380=EDGE_LOOP('',(#3423,#3424,#3425,#3426));
#6381=EDGE_LOOP('',(#3427));
#6382=EDGE_LOOP('',(#3428));
#6383=EDGE_LOOP('',(#3429));
#6384=EDGE_LOOP('',(#3430));
#6385=EDGE_LOOP('',(#3431));
#6386=EDGE_LOOP('',(#3432));
#6387=EDGE_LOOP('',(#3433));
#6388=EDGE_LOOP('',(#3434,#3435,#3436,#3437,#3438,#3439));
#6389=EDGE_LOOP('',(#3440));
#6390=EDGE_LOOP('',(#3441));
#6391=EDGE_LOOP('',(#3442,#3443,#3444));
#6392=EDGE_LOOP('',(#3445,#3446,#3447));
#6393=EDGE_LOOP('',(#3448,#3449,#3450));
#6394=EDGE_LOOP('',(#3451,#3452,#3453));
#6395=EDGE_LOOP('',(#3454,#3455,#3456));
#6396=EDGE_LOOP('',(#3457,#3458,#3459));
#6397=EDGE_LOOP('',(#3460));
#6398=EDGE_LOOP('',(#3461,#3462,#3463,#3464,#3465,#3466));
#6399=EDGE_LOOP('',(#3467));
#6400=EDGE_LOOP('',(#3468));
#6401=EDGE_LOOP('',(#3469,#3470,#3471,#3472,#3473));
#6402=EDGE_LOOP('',(#3474,#3475,#3476,#3477,#3478));
#6403=EDGE_LOOP('',(#3479,#3480,#3481,#3482,#3483));
#6404=EDGE_LOOP('',(#3484,#3485,#3486,#3487,#3488));
#6405=EDGE_LOOP('',(#3489,#3490,#3491,#3492,#3493));
#6406=EDGE_LOOP('',(#3494,#3495,#3496,#3497,#3498));
#6407=EDGE_LOOP('',(#3499));
#6408=EDGE_LOOP('',(#3500));
#6409=EDGE_LOOP('',(#3501,#3502,#3503,#3504));
#6410=EDGE_LOOP('',(#3505,#3506,#3507,#3508));
#6411=EDGE_LOOP('',(#3509,#3510,#3511,#3512));
#6412=EDGE_LOOP('',(#3513,#3514,#3515,#3516));
#6413=EDGE_LOOP('',(#3517,#3518,#3519,#3520,#3521,#3522,#3523,#3524,#3525,
#3526,#3527));
#6414=EDGE_LOOP('',(#3528,#3529,#3530,#3531));
#6415=EDGE_LOOP('',(#3532,#3533,#3534,#3535));
#6416=EDGE_LOOP('',(#3536,#3537,#3538,#3539));
#6417=EDGE_LOOP('',(#3540,#3541,#3542,#3543,#3544,#3545,#3546,#3547,#3548));
#6418=EDGE_LOOP('',(#3549,#3550,#3551,#3552));
#6419=EDGE_LOOP('',(#3553,#3554,#3555,#3556));
#6420=EDGE_LOOP('',(#3557,#3558,#3559,#3560));
#6421=EDGE_LOOP('',(#3561,#3562,#3563,#3564));
#6422=EDGE_LOOP('',(#3565,#3566,#3567,#3568));
#6423=EDGE_LOOP('',(#3569,#3570,#3571,#3572));
#6424=EDGE_LOOP('',(#3573,#3574,#3575,#3576));
#6425=EDGE_LOOP('',(#3577,#3578,#3579,#3580));
#6426=EDGE_LOOP('',(#3581,#3582,#3583));
#6427=EDGE_LOOP('',(#3584,#3585,#3586,#3587));
#6428=EDGE_LOOP('',(#3588,#3589,#3590));
#6429=EDGE_LOOP('',(#3591,#3592,#3593,#3594,#3595,#3596,#3597,#3598,#3599));
#6430=EDGE_LOOP('',(#3600,#3601,#3602,#3603));
#6431=EDGE_LOOP('',(#3604,#3605,#3606,#3607));
#6432=EDGE_LOOP('',(#3608,#3609,#3610,#3611));
#6433=EDGE_LOOP('',(#3612,#3613,#3614,#3615));
#6434=EDGE_LOOP('',(#3616,#3617,#3618,#3619));
#6435=EDGE_LOOP('',(#3620,#3621,#3622,#3623));
#6436=EDGE_LOOP('',(#3624,#3625,#3626,#3627));
#6437=EDGE_LOOP('',(#3628,#3629,#3630,#3631));
#6438=EDGE_LOOP('',(#3632,#3633,#3634));
#6439=EDGE_LOOP('',(#3635,#3636,#3637,#3638));
#6440=EDGE_LOOP('',(#3639,#3640,#3641));
#6441=EDGE_LOOP('',(#3642,#3643,#3644,#3645,#3646,#3647,#3648,#3649,#3650,
#3651,#3652));
#6442=EDGE_LOOP('',(#3653,#3654,#3655,#3656));
#6443=EDGE_LOOP('',(#3657,#3658,#3659,#3660));
#6444=EDGE_LOOP('',(#3661,#3662,#3663,#3664));
#6445=EDGE_LOOP('',(#3665));
#6446=EDGE_LOOP('',(#3666,#3667,#3668,#3669,#3670,#3671,#3672,#3673));
#6447=EDGE_LOOP('',(#3674,#3675,#3676,#3677));
#6448=EDGE_LOOP('',(#3678));
#6449=EDGE_LOOP('',(#3679,#3680,#3681,#3682,#3683,#3684,#3685,#3686,#3687,
#3688,#3689,#3690));
#6450=EDGE_LOOP('',(#3691,#3692,#3693,#3694));
#6451=EDGE_LOOP('',(#3695,#3696,#3697,#3698));
#6452=EDGE_LOOP('',(#3699,#3700,#3701,#3702));
#6453=EDGE_LOOP('',(#3703,#3704,#3705,#3706));
#6454=EDGE_LOOP('',(#3707,#3708,#3709,#3710));
#6455=EDGE_LOOP('',(#3711,#3712,#3713,#3714));
#6456=EDGE_LOOP('',(#3715,#3716,#3717,#3718,#3719,#3720,#3721,#3722));
#6457=EDGE_LOOP('',(#3723));
#6458=EDGE_LOOP('',(#3724));
#6459=EDGE_LOOP('',(#3725));
#6460=EDGE_LOOP('',(#3726));
#6461=EDGE_LOOP('',(#3727,#3728,#3729,#3730,#3731,#3732,#3733,#3734));
#6462=EDGE_LOOP('',(#3735));
#6463=EDGE_LOOP('',(#3736));
#6464=EDGE_LOOP('',(#3737));
#6465=EDGE_LOOP('',(#3738));
#6466=EDGE_LOOP('',(#3739));
#6467=EDGE_LOOP('',(#3740));
#6468=EDGE_LOOP('',(#3741));
#6469=EDGE_LOOP('',(#3742));
#6470=EDGE_LOOP('',(#3743));
#6471=EDGE_LOOP('',(#3744));
#6472=EDGE_LOOP('',(#3745));
#6473=EDGE_LOOP('',(#3746));
#6474=EDGE_LOOP('',(#3747,#3748,#3749,#3750));
#6475=EDGE_LOOP('',(#3751,#3752,#3753,#3754));
#6476=EDGE_LOOP('',(#3755,#3756,#3757,#3758));
#6477=EDGE_LOOP('',(#3759,#3760,#3761,#3762));
#6478=EDGE_LOOP('',(#3763,#3764,#3765,#3766));
#6479=EDGE_LOOP('',(#3767,#3768,#3769,#3770));
#6480=EDGE_LOOP('',(#3771,#3772,#3773,#3774));
#6481=EDGE_LOOP('',(#3775,#3776,#3777,#3778));
#6482=EDGE_LOOP('',(#3779,#3780,#3781,#3782));
#6483=EDGE_LOOP('',(#3783,#3784,#3785,#3786));
#6484=EDGE_LOOP('',(#3787,#3788,#3789,#3790));
#6485=EDGE_LOOP('',(#3791,#3792,#3793,#3794));
#6486=EDGE_LOOP('',(#3795,#3796,#3797,#3798));
#6487=EDGE_LOOP('',(#3799,#3800,#3801,#3802));
#6488=EDGE_LOOP('',(#3803,#3804,#3805,#3806));
#6489=EDGE_LOOP('',(#3807,#3808,#3809,#3810));
#6490=EDGE_LOOP('',(#3811,#3812,#3813,#3814));
#6491=EDGE_LOOP('',(#3815,#3816,#3817,#3818));
#6492=EDGE_LOOP('',(#3819,#3820,#3821,#3822));
#6493=EDGE_LOOP('',(#3823,#3824,#3825,#3826));
#6494=EDGE_LOOP('',(#3827));
#6495=EDGE_LOOP('',(#3828));
#6496=EDGE_LOOP('',(#3829));
#6497=EDGE_LOOP('',(#3830));
#6498=EDGE_LOOP('',(#3831,#3832,#3833,#3834));
#6499=EDGE_LOOP('',(#3835,#3836,#3837,#3838,#3839,#3840));
#6500=EDGE_LOOP('',(#3841,#3842,#3843,#3844));
#6501=EDGE_LOOP('',(#3845,#3846,#3847,#3848,#3849,#3850));
#6502=EDGE_LOOP('',(#3851,#3852,#3853,#3854));
#6503=EDGE_LOOP('',(#3855,#3856,#3857,#3858,#3859,#3860,#3861,#3862));
#6504=EDGE_LOOP('',(#3863,#3864,#3865,#3866,#3867,#3868,#3869,#3870));
#6505=EDGE_LOOP('',(#3871,#3872,#3873,#3874));
#6506=EDGE_LOOP('',(#3875,#3876,#3877,#3878,#3879,#3880));
#6507=EDGE_LOOP('',(#3881,#3882,#3883,#3884));
#6508=EDGE_LOOP('',(#3885,#3886,#3887,#3888,#3889,#3890,#3891,#3892));
#6509=EDGE_LOOP('',(#3893,#3894,#3895,#3896));
#6510=EDGE_LOOP('',(#3897,#3898,#3899,#3900));
#6511=EDGE_LOOP('',(#3901,#3902,#3903,#3904));
#6512=EDGE_LOOP('',(#3905,#3906,#3907,#3908,#3909));
#6513=EDGE_LOOP('',(#3910,#3911,#3912,#3913));
#6514=EDGE_LOOP('',(#3914,#3915,#3916,#3917,#3918));
#6515=EDGE_LOOP('',(#3919,#3920,#3921,#3922));
#6516=EDGE_LOOP('',(#3923,#3924,#3925,#3926));
#6517=EDGE_LOOP('',(#3927,#3928,#3929,#3930));
#6518=EDGE_LOOP('',(#3931,#3932,#3933,#3934));
#6519=EDGE_LOOP('',(#3935,#3936,#3937,#3938));
#6520=EDGE_LOOP('',(#3939,#3940,#3941,#3942));
#6521=EDGE_LOOP('',(#3943,#3944,#3945,#3946));
#6522=EDGE_LOOP('',(#3947,#3948,#3949,#3950));
#6523=EDGE_LOOP('',(#3951,#3952,#3953,#3954));
#6524=EDGE_LOOP('',(#3955,#3956,#3957,#3958));
#6525=EDGE_LOOP('',(#3959,#3960,#3961,#3962));
#6526=EDGE_LOOP('',(#3963,#3964,#3965,#3966));
#6527=EDGE_LOOP('',(#3967,#3968,#3969,#3970));
#6528=FACE_BOUND('',#5995,.T.);
#6529=FACE_BOUND('',#5996,.T.);
#6530=FACE_BOUND('',#5997,.T.);
#6531=FACE_BOUND('',#5998,.T.);
#6532=FACE_BOUND('',#5999,.T.);
#6533=FACE_BOUND('',#6000,.T.);
#6534=FACE_BOUND('',#6001,.T.);
#6535=FACE_BOUND('',#6002,.T.);
#6536=FACE_BOUND('',#6003,.T.);
#6537=FACE_BOUND('',#6004,.T.);
#6538=FACE_BOUND('',#6005,.T.);
#6539=FACE_BOUND('',#6006,.T.);
#6540=FACE_BOUND('',#6007,.T.);
#6541=FACE_BOUND('',#6008,.T.);
#6542=FACE_BOUND('',#6009,.T.);
#6543=FACE_BOUND('',#6010,.T.);
#6544=FACE_BOUND('',#6011,.T.);
#6545=FACE_BOUND('',#6012,.T.);
#6546=FACE_BOUND('',#6013,.T.);
#6547=FACE_BOUND('',#6014,.T.);
#6548=FACE_BOUND('',#6015,.T.);
#6549=FACE_BOUND('',#6016,.T.);
#6550=FACE_BOUND('',#6017,.T.);
#6551=FACE_BOUND('',#6018,.T.);
#6552=FACE_BOUND('',#6019,.T.);
#6553=FACE_BOUND('',#6020,.T.);
#6554=FACE_BOUND('',#6021,.T.);
#6555=FACE_BOUND('',#6022,.T.);
#6556=FACE_BOUND('',#6023,.T.);
#6557=FACE_BOUND('',#6024,.T.);
#6558=FACE_BOUND('',#6025,.T.);
#6559=FACE_BOUND('',#6026,.T.);
#6560=FACE_BOUND('',#6027,.T.);
#6561=FACE_BOUND('',#6028,.T.);
#6562=FACE_BOUND('',#6029,.T.);
#6563=FACE_BOUND('',#6030,.T.);
#6564=FACE_BOUND('',#6031,.T.);
#6565=FACE_BOUND('',#6032,.T.);
#6566=FACE_BOUND('',#6033,.T.);
#6567=FACE_BOUND('',#6034,.T.);
#6568=FACE_BOUND('',#6035,.T.);
#6569=FACE_BOUND('',#6036,.T.);
#6570=FACE_BOUND('',#6037,.T.);
#6571=FACE_BOUND('',#6038,.T.);
#6572=FACE_BOUND('',#6039,.T.);
#6573=FACE_BOUND('',#6040,.T.);
#6574=FACE_BOUND('',#6041,.T.);
#6575=FACE_BOUND('',#6042,.T.);
#6576=FACE_BOUND('',#6043,.T.);
#6577=FACE_BOUND('',#6044,.T.);
#6578=FACE_BOUND('',#6045,.T.);
#6579=FACE_BOUND('',#6046,.T.);
#6580=FACE_BOUND('',#6047,.T.);
#6581=FACE_BOUND('',#6048,.T.);
#6582=FACE_BOUND('',#6049,.T.);
#6583=FACE_BOUND('',#6050,.T.);
#6584=FACE_BOUND('',#6051,.T.);
#6585=FACE_BOUND('',#6052,.T.);
#6586=FACE_BOUND('',#6053,.T.);
#6587=FACE_BOUND('',#6054,.T.);
#6588=FACE_BOUND('',#6055,.T.);
#6589=FACE_BOUND('',#6056,.T.);
#6590=FACE_BOUND('',#6057,.T.);
#6591=FACE_BOUND('',#6058,.T.);
#6592=FACE_BOUND('',#6059,.T.);
#6593=FACE_BOUND('',#6060,.T.);
#6594=FACE_BOUND('',#6061,.T.);
#6595=FACE_BOUND('',#6062,.T.);
#6596=FACE_BOUND('',#6063,.T.);
#6597=FACE_BOUND('',#6064,.T.);
#6598=FACE_BOUND('',#6065,.T.);
#6599=FACE_BOUND('',#6066,.T.);
#6600=FACE_BOUND('',#6067,.T.);
#6601=FACE_BOUND('',#6068,.T.);
#6602=FACE_BOUND('',#6069,.T.);
#6603=FACE_BOUND('',#6070,.T.);
#6604=FACE_BOUND('',#6071,.T.);
#6605=FACE_BOUND('',#6072,.T.);
#6606=FACE_BOUND('',#6073,.T.);
#6607=FACE_BOUND('',#6074,.T.);
#6608=FACE_BOUND('',#6075,.T.);
#6609=FACE_BOUND('',#6076,.T.);
#6610=FACE_BOUND('',#6077,.T.);
#6611=FACE_BOUND('',#6078,.T.);
#6612=FACE_BOUND('',#6079,.T.);
#6613=FACE_BOUND('',#6080,.T.);
#6614=FACE_BOUND('',#6081,.T.);
#6615=FACE_BOUND('',#6082,.T.);
#6616=FACE_BOUND('',#6083,.T.);
#6617=FACE_BOUND('',#6084,.T.);
#6618=FACE_BOUND('',#6085,.T.);
#6619=FACE_BOUND('',#6086,.T.);
#6620=FACE_BOUND('',#6087,.T.);
#6621=FACE_BOUND('',#6088,.T.);
#6622=FACE_BOUND('',#6089,.T.);
#6623=FACE_BOUND('',#6090,.T.);
#6624=FACE_BOUND('',#6091,.T.);
#6625=FACE_BOUND('',#6092,.T.);
#6626=FACE_BOUND('',#6093,.T.);
#6627=FACE_BOUND('',#6094,.T.);
#6628=FACE_BOUND('',#6095,.T.);
#6629=FACE_BOUND('',#6096,.T.);
#6630=FACE_BOUND('',#6097,.T.);
#6631=FACE_BOUND('',#6098,.T.);
#6632=FACE_BOUND('',#6099,.T.);
#6633=FACE_BOUND('',#6100,.T.);
#6634=FACE_BOUND('',#6101,.T.);
#6635=FACE_BOUND('',#6102,.T.);
#6636=FACE_BOUND('',#6103,.T.);
#6637=FACE_BOUND('',#6104,.T.);
#6638=FACE_BOUND('',#6105,.T.);
#6639=FACE_BOUND('',#6106,.T.);
#6640=FACE_BOUND('',#6107,.T.);
#6641=FACE_BOUND('',#6108,.T.);
#6642=FACE_BOUND('',#6109,.T.);
#6643=FACE_BOUND('',#6110,.T.);
#6644=FACE_BOUND('',#6111,.T.);
#6645=FACE_BOUND('',#6112,.T.);
#6646=FACE_BOUND('',#6113,.T.);
#6647=FACE_BOUND('',#6114,.T.);
#6648=FACE_BOUND('',#6115,.T.);
#6649=FACE_BOUND('',#6116,.T.);
#6650=FACE_BOUND('',#6117,.T.);
#6651=FACE_BOUND('',#6118,.T.);
#6652=FACE_BOUND('',#6119,.T.);
#6653=FACE_BOUND('',#6120,.T.);
#6654=FACE_BOUND('',#6121,.T.);
#6655=FACE_BOUND('',#6122,.T.);
#6656=FACE_BOUND('',#6123,.T.);
#6657=FACE_BOUND('',#6124,.T.);
#6658=FACE_BOUND('',#6125,.T.);
#6659=FACE_BOUND('',#6126,.T.);
#6660=FACE_BOUND('',#6127,.T.);
#6661=FACE_BOUND('',#6128,.T.);
#6662=FACE_BOUND('',#6129,.T.);
#6663=FACE_BOUND('',#6130,.T.);
#6664=FACE_BOUND('',#6131,.T.);
#6665=FACE_BOUND('',#6132,.T.);
#6666=FACE_BOUND('',#6133,.T.);
#6667=FACE_BOUND('',#6134,.T.);
#6668=FACE_BOUND('',#6135,.T.);
#6669=FACE_BOUND('',#6136,.T.);
#6670=FACE_BOUND('',#6137,.T.);
#6671=FACE_BOUND('',#6138,.T.);
#6672=FACE_BOUND('',#6139,.T.);
#6673=FACE_BOUND('',#6140,.T.);
#6674=FACE_BOUND('',#6141,.T.);
#6675=FACE_BOUND('',#6142,.T.);
#6676=FACE_BOUND('',#6143,.T.);
#6677=FACE_BOUND('',#6144,.T.);
#6678=FACE_BOUND('',#6145,.T.);
#6679=FACE_BOUND('',#6146,.T.);
#6680=FACE_BOUND('',#6147,.T.);
#6681=FACE_BOUND('',#6148,.T.);
#6682=FACE_BOUND('',#6149,.T.);
#6683=FACE_BOUND('',#6150,.T.);
#6684=FACE_BOUND('',#6151,.T.);
#6685=FACE_BOUND('',#6152,.T.);
#6686=FACE_BOUND('',#6153,.T.);
#6687=FACE_BOUND('',#6154,.T.);
#6688=FACE_BOUND('',#6155,.T.);
#6689=FACE_BOUND('',#6156,.T.);
#6690=FACE_BOUND('',#6157,.T.);
#6691=FACE_BOUND('',#6158,.T.);
#6692=FACE_BOUND('',#6159,.T.);
#6693=FACE_BOUND('',#6160,.T.);
#6694=FACE_BOUND('',#6161,.T.);
#6695=FACE_BOUND('',#6162,.T.);
#6696=FACE_BOUND('',#6163,.T.);
#6697=FACE_BOUND('',#6164,.T.);
#6698=FACE_BOUND('',#6165,.T.);
#6699=FACE_BOUND('',#6166,.T.);
#6700=FACE_BOUND('',#6167,.T.);
#6701=FACE_BOUND('',#6168,.T.);
#6702=FACE_BOUND('',#6169,.T.);
#6703=FACE_BOUND('',#6170,.T.);
#6704=FACE_BOUND('',#6171,.T.);
#6705=FACE_BOUND('',#6172,.T.);
#6706=FACE_BOUND('',#6173,.T.);
#6707=FACE_BOUND('',#6174,.T.);
#6708=FACE_BOUND('',#6175,.T.);
#6709=FACE_BOUND('',#6176,.T.);
#6710=FACE_BOUND('',#6177,.T.);
#6711=FACE_BOUND('',#6178,.T.);
#6712=FACE_BOUND('',#6179,.T.);
#6713=FACE_BOUND('',#6180,.T.);
#6714=FACE_BOUND('',#6181,.T.);
#6715=FACE_BOUND('',#6182,.T.);
#6716=FACE_BOUND('',#6183,.T.);
#6717=FACE_BOUND('',#6184,.T.);
#6718=FACE_BOUND('',#6185,.T.);
#6719=FACE_BOUND('',#6186,.T.);
#6720=FACE_BOUND('',#6187,.T.);
#6721=FACE_BOUND('',#6188,.T.);
#6722=FACE_BOUND('',#6189,.T.);
#6723=FACE_BOUND('',#6190,.T.);
#6724=FACE_BOUND('',#6191,.T.);
#6725=FACE_BOUND('',#6192,.T.);
#6726=FACE_BOUND('',#6193,.T.);
#6727=FACE_BOUND('',#6194,.T.);
#6728=FACE_BOUND('',#6195,.T.);
#6729=FACE_BOUND('',#6196,.T.);
#6730=FACE_BOUND('',#6197,.T.);
#6731=FACE_BOUND('',#6198,.T.);
#6732=FACE_BOUND('',#6199,.T.);
#6733=FACE_BOUND('',#6200,.T.);
#6734=FACE_BOUND('',#6201,.T.);
#6735=FACE_BOUND('',#6202,.T.);
#6736=FACE_BOUND('',#6203,.T.);
#6737=FACE_BOUND('',#6204,.T.);
#6738=FACE_BOUND('',#6205,.T.);
#6739=FACE_BOUND('',#6206,.T.);
#6740=FACE_BOUND('',#6207,.T.);
#6741=FACE_BOUND('',#6208,.T.);
#6742=FACE_BOUND('',#6209,.T.);
#6743=FACE_BOUND('',#6210,.T.);
#6744=FACE_BOUND('',#6211,.T.);
#6745=FACE_BOUND('',#6212,.T.);
#6746=FACE_BOUND('',#6213,.T.);
#6747=FACE_BOUND('',#6214,.T.);
#6748=FACE_BOUND('',#6215,.T.);
#6749=FACE_BOUND('',#6216,.T.);
#6750=FACE_BOUND('',#6217,.T.);
#6751=FACE_BOUND('',#6218,.T.);
#6752=FACE_BOUND('',#6219,.T.);
#6753=FACE_BOUND('',#6220,.T.);
#6754=FACE_BOUND('',#6221,.T.);
#6755=FACE_BOUND('',#6222,.T.);
#6756=FACE_BOUND('',#6223,.T.);
#6757=FACE_BOUND('',#6224,.T.);
#6758=FACE_BOUND('',#6225,.T.);
#6759=FACE_BOUND('',#6226,.T.);
#6760=FACE_BOUND('',#6227,.T.);
#6761=FACE_BOUND('',#6228,.T.);
#6762=FACE_BOUND('',#6229,.T.);
#6763=FACE_BOUND('',#6230,.T.);
#6764=FACE_BOUND('',#6231,.T.);
#6765=FACE_BOUND('',#6232,.T.);
#6766=FACE_BOUND('',#6233,.T.);
#6767=FACE_BOUND('',#6234,.T.);
#6768=FACE_BOUND('',#6235,.T.);
#6769=FACE_BOUND('',#6236,.T.);
#6770=FACE_BOUND('',#6237,.T.);
#6771=FACE_BOUND('',#6238,.T.);
#6772=FACE_BOUND('',#6239,.T.);
#6773=FACE_BOUND('',#6240,.T.);
#6774=FACE_BOUND('',#6241,.T.);
#6775=FACE_BOUND('',#6242,.T.);
#6776=FACE_BOUND('',#6243,.T.);
#6777=FACE_BOUND('',#6244,.T.);
#6778=FACE_BOUND('',#6245,.T.);
#6779=FACE_BOUND('',#6246,.T.);
#6780=FACE_BOUND('',#6247,.T.);
#6781=FACE_BOUND('',#6248,.T.);
#6782=FACE_BOUND('',#6249,.T.);
#6783=FACE_BOUND('',#6250,.T.);
#6784=FACE_BOUND('',#6251,.T.);
#6785=FACE_BOUND('',#6252,.T.);
#6786=FACE_BOUND('',#6253,.T.);
#6787=FACE_BOUND('',#6254,.T.);
#6788=FACE_BOUND('',#6255,.T.);
#6789=FACE_BOUND('',#6256,.T.);
#6790=FACE_BOUND('',#6257,.T.);
#6791=FACE_BOUND('',#6258,.T.);
#6792=FACE_BOUND('',#6259,.T.);
#6793=FACE_BOUND('',#6260,.T.);
#6794=FACE_BOUND('',#6261,.T.);
#6795=FACE_BOUND('',#6262,.T.);
#6796=FACE_BOUND('',#6263,.T.);
#6797=FACE_BOUND('',#6264,.T.);
#6798=FACE_BOUND('',#6265,.T.);
#6799=FACE_BOUND('',#6266,.T.);
#6800=FACE_BOUND('',#6267,.T.);
#6801=FACE_BOUND('',#6268,.T.);
#6802=FACE_BOUND('',#6269,.T.);
#6803=FACE_BOUND('',#6270,.T.);
#6804=FACE_BOUND('',#6271,.T.);
#6805=FACE_BOUND('',#6272,.T.);
#6806=FACE_BOUND('',#6273,.T.);
#6807=FACE_BOUND('',#6274,.T.);
#6808=FACE_BOUND('',#6275,.T.);
#6809=FACE_BOUND('',#6276,.T.);
#6810=FACE_BOUND('',#6277,.T.);
#6811=FACE_BOUND('',#6278,.T.);
#6812=FACE_BOUND('',#6279,.T.);
#6813=FACE_BOUND('',#6280,.T.);
#6814=FACE_BOUND('',#6281,.T.);
#6815=FACE_BOUND('',#6282,.T.);
#6816=FACE_BOUND('',#6283,.T.);
#6817=FACE_BOUND('',#6284,.T.);
#6818=FACE_BOUND('',#6285,.T.);
#6819=FACE_BOUND('',#6286,.T.);
#6820=FACE_BOUND('',#6287,.T.);
#6821=FACE_BOUND('',#6288,.T.);
#6822=FACE_BOUND('',#6289,.T.);
#6823=FACE_BOUND('',#6290,.T.);
#6824=FACE_BOUND('',#6291,.T.);
#6825=FACE_BOUND('',#6292,.T.);
#6826=FACE_BOUND('',#6293,.T.);
#6827=FACE_BOUND('',#6294,.T.);
#6828=FACE_BOUND('',#6295,.T.);
#6829=FACE_BOUND('',#6296,.T.);
#6830=FACE_BOUND('',#6297,.T.);
#6831=FACE_BOUND('',#6298,.T.);
#6832=FACE_BOUND('',#6299,.T.);
#6833=FACE_BOUND('',#6300,.T.);
#6834=FACE_BOUND('',#6301,.T.);
#6835=FACE_BOUND('',#6302,.T.);
#6836=FACE_BOUND('',#6303,.T.);
#6837=FACE_BOUND('',#6304,.T.);
#6838=FACE_BOUND('',#6305,.T.);
#6839=FACE_BOUND('',#6306,.T.);
#6840=FACE_BOUND('',#6307,.T.);
#6841=FACE_BOUND('',#6308,.T.);
#6842=FACE_BOUND('',#6309,.T.);
#6843=FACE_BOUND('',#6310,.T.);
#6844=FACE_BOUND('',#6311,.T.);
#6845=FACE_BOUND('',#6312,.T.);
#6846=FACE_BOUND('',#6313,.T.);
#6847=FACE_BOUND('',#6314,.T.);
#6848=FACE_BOUND('',#6315,.T.);
#6849=FACE_BOUND('',#6316,.T.);
#6850=FACE_BOUND('',#6317,.T.);
#6851=FACE_BOUND('',#6318,.T.);
#6852=FACE_BOUND('',#6319,.T.);
#6853=FACE_BOUND('',#6320,.T.);
#6854=FACE_BOUND('',#6321,.T.);
#6855=FACE_BOUND('',#6322,.T.);
#6856=FACE_BOUND('',#6323,.T.);
#6857=FACE_BOUND('',#6324,.T.);
#6858=FACE_BOUND('',#6325,.T.);
#6859=FACE_BOUND('',#6326,.T.);
#6860=FACE_BOUND('',#6327,.T.);
#6861=FACE_BOUND('',#6328,.T.);
#6862=FACE_BOUND('',#6329,.T.);
#6863=FACE_BOUND('',#6330,.T.);
#6864=FACE_BOUND('',#6331,.T.);
#6865=FACE_BOUND('',#6332,.T.);
#6866=FACE_BOUND('',#6333,.T.);
#6867=FACE_BOUND('',#6334,.T.);
#6868=FACE_BOUND('',#6335,.T.);
#6869=FACE_BOUND('',#6336,.T.);
#6870=FACE_BOUND('',#6337,.T.);
#6871=FACE_BOUND('',#6338,.T.);
#6872=FACE_BOUND('',#6339,.T.);
#6873=FACE_BOUND('',#6340,.T.);
#6874=FACE_BOUND('',#6341,.T.);
#6875=FACE_BOUND('',#6342,.T.);
#6876=FACE_BOUND('',#6343,.T.);
#6877=FACE_BOUND('',#6344,.T.);
#6878=FACE_BOUND('',#6345,.T.);
#6879=FACE_BOUND('',#6346,.T.);
#6880=FACE_BOUND('',#6347,.T.);
#6881=FACE_BOUND('',#6348,.T.);
#6882=FACE_BOUND('',#6349,.T.);
#6883=FACE_BOUND('',#6350,.T.);
#6884=FACE_BOUND('',#6351,.T.);
#6885=FACE_BOUND('',#6352,.T.);
#6886=FACE_BOUND('',#6353,.T.);
#6887=FACE_BOUND('',#6354,.T.);
#6888=FACE_BOUND('',#6355,.T.);
#6889=FACE_BOUND('',#6356,.T.);
#6890=FACE_BOUND('',#6357,.T.);
#6891=FACE_BOUND('',#6358,.T.);
#6892=FACE_BOUND('',#6359,.T.);
#6893=FACE_BOUND('',#6360,.T.);
#6894=FACE_BOUND('',#6361,.T.);
#6895=FACE_BOUND('',#6362,.T.);
#6896=FACE_BOUND('',#6363,.T.);
#6897=FACE_BOUND('',#6364,.T.);
#6898=FACE_BOUND('',#6365,.T.);
#6899=FACE_BOUND('',#6366,.T.);
#6900=FACE_BOUND('',#6367,.T.);
#6901=FACE_BOUND('',#6368,.T.);
#6902=FACE_BOUND('',#6369,.T.);
#6903=FACE_BOUND('',#6370,.T.);
#6904=FACE_BOUND('',#6371,.T.);
#6905=FACE_BOUND('',#6372,.T.);
#6906=FACE_BOUND('',#6373,.T.);
#6907=FACE_BOUND('',#6374,.T.);
#6908=FACE_BOUND('',#6375,.T.);
#6909=FACE_BOUND('',#6376,.T.);
#6910=FACE_BOUND('',#6377,.T.);
#6911=FACE_BOUND('',#6378,.T.);
#6912=FACE_BOUND('',#6379,.T.);
#6913=FACE_BOUND('',#6380,.T.);
#6914=FACE_BOUND('',#6381,.T.);
#6915=FACE_BOUND('',#6382,.T.);
#6916=FACE_BOUND('',#6383,.T.);
#6917=FACE_BOUND('',#6384,.T.);
#6918=FACE_BOUND('',#6385,.T.);
#6919=FACE_BOUND('',#6386,.T.);
#6920=FACE_BOUND('',#6387,.T.);
#6921=FACE_BOUND('',#22,.T.);
#6922=FACE_BOUND('',#6388,.T.);
#6923=FACE_BOUND('',#6389,.T.);
#6924=FACE_BOUND('',#6390,.T.);
#6925=FACE_BOUND('',#6391,.T.);
#6926=FACE_BOUND('',#6392,.T.);
#6927=FACE_BOUND('',#6393,.T.);
#6928=FACE_BOUND('',#6394,.T.);
#6929=FACE_BOUND('',#6395,.T.);
#6930=FACE_BOUND('',#6396,.T.);
#6931=FACE_BOUND('',#6397,.T.);
#6932=FACE_BOUND('',#6398,.T.);
#6933=FACE_BOUND('',#6399,.T.);
#6934=FACE_BOUND('',#6400,.T.);
#6935=FACE_BOUND('',#6401,.T.);
#6936=FACE_BOUND('',#6402,.T.);
#6937=FACE_BOUND('',#6403,.T.);
#6938=FACE_BOUND('',#6404,.T.);
#6939=FACE_BOUND('',#6405,.T.);
#6940=FACE_BOUND('',#6406,.T.);
#6941=FACE_BOUND('',#6407,.T.);
#6942=FACE_BOUND('',#6408,.T.);
#6943=FACE_BOUND('',#6409,.T.);
#6944=FACE_BOUND('',#6410,.T.);
#6945=FACE_BOUND('',#6411,.T.);
#6946=FACE_BOUND('',#6412,.T.);
#6947=FACE_BOUND('',#6413,.T.);
#6948=FACE_BOUND('',#6414,.T.);
#6949=FACE_BOUND('',#6415,.T.);
#6950=FACE_BOUND('',#6416,.T.);
#6951=FACE_BOUND('',#6417,.T.);
#6952=FACE_BOUND('',#6418,.T.);
#6953=FACE_BOUND('',#6419,.T.);
#6954=FACE_BOUND('',#6420,.T.);
#6955=FACE_BOUND('',#6421,.T.);
#6956=FACE_BOUND('',#6422,.T.);
#6957=FACE_BOUND('',#6423,.T.);
#6958=FACE_BOUND('',#6424,.T.);
#6959=FACE_BOUND('',#6425,.T.);
#6960=FACE_BOUND('',#6426,.T.);
#6961=FACE_BOUND('',#6427,.T.);
#6962=FACE_BOUND('',#6428,.T.);
#6963=FACE_BOUND('',#6429,.T.);
#6964=FACE_BOUND('',#6430,.T.);
#6965=FACE_BOUND('',#6431,.T.);
#6966=FACE_BOUND('',#6432,.T.);
#6967=FACE_BOUND('',#6433,.T.);
#6968=FACE_BOUND('',#6434,.T.);
#6969=FACE_BOUND('',#6435,.T.);
#6970=FACE_BOUND('',#6436,.T.);
#6971=FACE_BOUND('',#6437,.T.);
#6972=FACE_BOUND('',#6438,.T.);
#6973=FACE_BOUND('',#6439,.T.);
#6974=FACE_BOUND('',#6440,.T.);
#6975=FACE_BOUND('',#6441,.T.);
#6976=FACE_BOUND('',#6442,.T.);
#6977=FACE_BOUND('',#6443,.T.);
#6978=FACE_BOUND('',#6444,.T.);
#6979=FACE_BOUND('',#6445,.T.);
#6980=FACE_BOUND('',#6446,.T.);
#6981=FACE_BOUND('',#6447,.T.);
#6982=FACE_BOUND('',#6448,.T.);
#6983=FACE_BOUND('',#6449,.T.);
#6984=FACE_BOUND('',#6450,.T.);
#6985=FACE_BOUND('',#6451,.T.);
#6986=FACE_BOUND('',#6452,.T.);
#6987=FACE_BOUND('',#6453,.T.);
#6988=FACE_BOUND('',#6454,.T.);
#6989=FACE_BOUND('',#6455,.T.);
#6990=FACE_BOUND('',#6456,.T.);
#6991=FACE_BOUND('',#6457,.T.);
#6992=FACE_BOUND('',#6458,.T.);
#6993=FACE_BOUND('',#6459,.T.);
#6994=FACE_BOUND('',#6460,.T.);
#6995=FACE_BOUND('',#6461,.T.);
#6996=FACE_BOUND('',#6462,.T.);
#6997=FACE_BOUND('',#6463,.T.);
#6998=FACE_BOUND('',#6464,.T.);
#6999=FACE_BOUND('',#6465,.T.);
#7000=FACE_BOUND('',#6466,.T.);
#7001=FACE_BOUND('',#6467,.T.);
#7002=FACE_BOUND('',#6468,.T.);
#7003=FACE_BOUND('',#6469,.T.);
#7004=FACE_BOUND('',#6470,.T.);
#7005=FACE_BOUND('',#6471,.T.);
#7006=FACE_BOUND('',#6472,.T.);
#7007=FACE_BOUND('',#6473,.T.);
#7008=FACE_BOUND('',#6474,.T.);
#7009=FACE_BOUND('',#6475,.T.);
#7010=FACE_BOUND('',#6476,.T.);
#7011=FACE_BOUND('',#6477,.T.);
#7012=FACE_BOUND('',#6478,.T.);
#7013=FACE_BOUND('',#6479,.T.);
#7014=FACE_BOUND('',#6480,.T.);
#7015=FACE_BOUND('',#6481,.T.);
#7016=FACE_BOUND('',#6482,.T.);
#7017=FACE_BOUND('',#6483,.T.);
#7018=FACE_BOUND('',#6484,.T.);
#7019=FACE_BOUND('',#6485,.T.);
#7020=FACE_BOUND('',#6486,.T.);
#7021=FACE_BOUND('',#6487,.T.);
#7022=FACE_BOUND('',#6488,.T.);
#7023=FACE_BOUND('',#6489,.T.);
#7024=FACE_BOUND('',#6490,.T.);
#7025=FACE_BOUND('',#6491,.T.);
#7026=FACE_BOUND('',#6492,.T.);
#7027=FACE_BOUND('',#6493,.T.);
#7028=FACE_BOUND('',#6494,.T.);
#7029=FACE_BOUND('',#6495,.T.);
#7030=FACE_BOUND('',#6496,.T.);
#7031=FACE_BOUND('',#6497,.T.);
#7032=FACE_BOUND('',#6498,.T.);
#7033=FACE_BOUND('',#6499,.T.);
#7034=FACE_BOUND('',#6500,.T.);
#7035=FACE_BOUND('',#6501,.T.);
#7036=FACE_BOUND('',#6502,.T.);
#7037=FACE_BOUND('',#6503,.T.);
#7038=FACE_BOUND('',#6504,.T.);
#7039=FACE_BOUND('',#6505,.T.);
#7040=FACE_BOUND('',#6506,.T.);
#7041=FACE_BOUND('',#6507,.T.);
#7042=FACE_BOUND('',#6508,.T.);
#7043=FACE_BOUND('',#6509,.T.);
#7044=FACE_BOUND('',#6510,.T.);
#7045=FACE_BOUND('',#6511,.T.);
#7046=FACE_BOUND('',#6512,.T.);
#7047=FACE_BOUND('',#6513,.T.);
#7048=FACE_BOUND('',#6514,.T.);
#7049=FACE_BOUND('',#6515,.T.);
#7050=FACE_BOUND('',#6516,.T.);
#7051=FACE_BOUND('',#6517,.T.);
#7052=FACE_BOUND('',#6518,.T.);
#7053=FACE_BOUND('',#6519,.T.);
#7054=FACE_BOUND('',#6520,.T.);
#7055=FACE_BOUND('',#6521,.T.);
#7056=FACE_BOUND('',#6522,.T.);
#7057=FACE_BOUND('',#6523,.T.);
#7058=FACE_BOUND('',#6524,.T.);
#7059=FACE_BOUND('',#6525,.T.);
#7060=FACE_BOUND('',#6526,.T.);
#7061=FACE_BOUND('',#6527,.T.);
#7062=PLANE('',#7903);
#7063=PLANE('',#7905);
#7064=PLANE('',#7906);
#7065=PLANE('',#7913);
#7066=PLANE('',#7914);
#7067=PLANE('',#7917);
#7068=PLANE('',#7920);
#7069=PLANE('',#7921);
#7070=PLANE('',#7922);
#7071=PLANE('',#7923);
#7072=PLANE('',#7924);
#7073=PLANE('',#7926);
#7074=PLANE('',#7929);
#7075=PLANE('',#7935);
#7076=PLANE('',#7948);
#7077=PLANE('',#7950);
#7078=PLANE('',#7952);
#7079=PLANE('',#7954);
#7080=PLANE('',#7956);
#7081=PLANE('',#7957);
#7082=PLANE('',#7958);
#7083=PLANE('',#7959);
#7084=PLANE('',#7960);
#7085=PLANE('',#7961);
#7086=PLANE('',#7962);
#7087=PLANE('',#7964);
#7088=PLANE('',#7966);
#7089=PLANE('',#7967);
#7090=PLANE('',#7968);
#7091=PLANE('',#7977);
#7092=PLANE('',#7978);
#7093=PLANE('',#7979);
#7094=PLANE('',#7986);
#7095=PLANE('',#7987);
#7096=PLANE('',#7988);
#7097=PLANE('',#7989);
#7098=PLANE('',#7990);
#7099=PLANE('',#7991);
#7100=PLANE('',#7996);
#7101=PLANE('',#8001);
#7102=PLANE('',#8004);
#7103=PLANE('',#8005);
#7104=PLANE('',#8006);
#7105=PLANE('',#8007);
#7106=PLANE('',#8008);
#7107=PLANE('',#8016);
#7108=PLANE('',#8017);
#7109=PLANE('',#8018);
#7110=PLANE('',#8019);
#7111=PLANE('',#8021);
#7112=PLANE('',#8023);
#7113=PLANE('',#8024);
#7114=PLANE('',#8025);
#7115=PLANE('',#8026);
#7116=PLANE('',#8027);
#7117=PLANE('',#8028);
#7118=PLANE('',#8033);
#7119=PLANE('',#8042);
#7120=PLANE('',#8046);
#7121=PLANE('',#8052);
#7122=PLANE('',#8053);
#7123=PLANE('',#8054);
#7124=PLANE('',#8055);
#7125=PLANE('',#8056);
#7126=PLANE('',#8057);
#7127=PLANE('',#8058);
#7128=PLANE('',#8059);
#7129=PLANE('',#8060);
#7130=PLANE('',#8061);
#7131=PLANE('',#8062);
#7132=PLANE('',#8063);
#7133=PLANE('',#8064);
#7134=PLANE('',#8065);
#7135=PLANE('',#8066);
#7136=PLANE('',#8067);
#7137=PLANE('',#8069);
#7138=PLANE('',#8070);
#7139=PLANE('',#8072);
#7140=PLANE('',#8073);
#7141=PLANE('',#8074);
#7142=PLANE('',#8075);
#7143=PLANE('',#8076);
#7144=PLANE('',#8083);
#7145=PLANE('',#8084);
#7146=PLANE('',#8085);
#7147=PLANE('',#8086);
#7148=PLANE('',#8087);
#7149=PLANE('',#8088);
#7150=PLANE('',#8089);
#7151=PLANE('',#8090);
#7152=PLANE('',#8091);
#7153=PLANE('',#8092);
#7154=PLANE('',#8093);
#7155=PLANE('',#8095);
#7156=PLANE('',#8097);
#7157=PLANE('',#8098);
#7158=PLANE('',#8099);
#7159=PLANE('',#8101);
#7160=PLANE('',#8102);
#7161=PLANE('',#8114);
#7162=PLANE('',#8116);
#7163=PLANE('',#8118);
#7164=PLANE('',#8119);
#7165=PLANE('',#8120);
#7166=PLANE('',#8121);
#7167=PLANE('',#8123);
#7168=PLANE('',#8125);
#7169=PLANE('',#8126);
#7170=PLANE('',#8127);
#7171=PLANE('',#8128);
#7172=PLANE('',#8129);
#7173=PLANE('',#8130);
#7174=PLANE('',#8131);
#7175=PLANE('',#8132);
#7176=PLANE('',#8133);
#7177=PLANE('',#8134);
#7178=PLANE('',#8135);
#7179=PLANE('',#8136);
#7180=PLANE('',#8138);
#7181=PLANE('',#8139);
#7182=PLANE('',#8140);
#7183=PLANE('',#8141);
#7184=PLANE('',#8142);
#7185=PLANE('',#8144);
#7186=PLANE('',#8145);
#7187=PLANE('',#8146);
#7188=PLANE('',#8147);
#7189=PLANE('',#8148);
#7190=PLANE('',#8149);
#7191=PLANE('',#8150);
#7192=PLANE('',#8152);
#7193=PLANE('',#8153);
#7194=PLANE('',#8154);
#7195=PLANE('',#8155);
#7196=PLANE('',#8156);
#7197=PLANE('',#8157);
#7198=PLANE('',#8163);
#7199=PLANE('',#8166);
#7200=PLANE('',#8214);
#7201=PLANE('',#8225);
#7202=PLANE('',#8233);
#7203=PLANE('',#8235);
#7204=PLANE('',#8241);
#7205=PLANE('',#8245);
#7206=PLANE('',#8249);
#7207=PLANE('',#8253);
#7208=PLANE('',#8257);
#7209=PLANE('',#8261);
#7210=PLANE('',#8265);
#7211=PLANE('',#8269);
#7212=PLANE('',#8271);
#7213=PLANE('',#8275);
#7214=PLANE('',#8279);
#7215=PLANE('',#8284);
#7216=PLANE('',#8289);
#7217=PLANE('',#8294);
#7218=PLANE('',#8299);
#7219=PLANE('',#8304);
#7220=PLANE('',#8309);
#7221=PLANE('',#8314);
#7222=PLANE('',#8321);
#7223=PLANE('',#8353);
#7224=PLANE('',#8354);
#7225=PLANE('',#8355);
#7226=PLANE('',#8356);
#7227=PLANE('',#8357);
#7228=PLANE('',#8358);
#7229=PLANE('',#8359);
#7230=PLANE('',#8360);
#7231=PLANE('',#8361);
#7232=PLANE('',#8362);
#7233=PLANE('',#8363);
#7234=PLANE('',#8365);
#7235=PLANE('',#8367);
#7236=PLANE('',#8369);
#7237=PLANE('',#8371);
#7238=PLANE('',#8373);
#7239=PLANE('',#8375);
#7240=PLANE('',#8376);
#7241=PLANE('',#8377);
#7242=PLANE('',#8380);
#7243=PLANE('',#8384);
#7244=PLANE('',#8392);
#7245=PLANE('',#8409);
#7246=PLANE('',#8410);
#7247=PLANE('',#8411);
#7248=PLANE('',#8412);
#7249=PLANE('',#8413);
#7250=PLANE('',#8414);
#7251=PLANE('',#8415);
#7252=PLANE('',#8416);
#7253=PLANE('',#8417);
#7254=PLANE('',#8418);
#7255=PLANE('',#8419);
#7256=PLANE('',#8420);
#7257=PLANE('',#8421);
#7258=PLANE('',#8422);
#7259=PLANE('',#8426);
#7260=PLANE('',#8430);
#7261=PLANE('',#8434);
#7262=PLANE('',#8435);
#7263=PLANE('',#8442);
#7264=PLANE('',#8447);
#7265=PLANE('',#8464);
#7266=PLANE('',#8469);
#7267=PLANE('',#8486);
#7268=PLANE('',#8489);
#7269=PLANE('',#8492);
#7270=PLANE('',#8496);
#7271=PLANE('',#8503);
#7272=PLANE('',#8504);
#7273=PLANE('',#8505);
#7274=PLANE('',#8506);
#7275=PLANE('',#8507);
#7276=PLANE('',#8514);
#7277=PLANE('',#8527);
#7278=PLANE('',#8530);
#7279=PLANE('',#8546);
#7280=PLANE('',#8547);
#7281=PLANE('',#8550);
#7282=PLANE('',#8551);
#7283=PLANE('',#8554);
#7284=PLANE('',#8555);
#7285=PLANE('',#8558);
#7286=PLANE('',#8559);
#7287=PLANE('',#8566);
#7288=PLANE('',#8567);
#7289=PLANE('',#8568);
#7290=PLANE('',#8569);
#7291=PLANE('',#8570);
#7292=PLANE('',#8571);
#7293=PLANE('',#8572);
#7294=PLANE('',#8573);
#7295=PLANE('',#8574);
#7296=PLANE('',#8575);
#7297=PLANE('',#8576);
#7298=PLANE('',#8577);
#7299=PLANE('',#8578);
#7300=PLANE('',#8579);
#7301=PLANE('',#8580);
#7302=PLANE('',#8581);
#7303=PLANE('',#8582);
#7304=PLANE('',#8583);
#7305=PLANE('',#8584);
#7306=PLANE('',#8585);
#7307=PLANE('',#8586);
#7308=PLANE('',#8587);
#7309=PLANE('',#8588);
#7310=PLANE('',#8590);
#7311=PLANE('',#8591);
#7312=PLANE('',#8592);
#7313=PLANE('',#8593);
#7314=PLANE('',#8594);
#7315=PLANE('',#8595);
#7316=ADVANCED_FACE('',(#6528),#7062,.F.);
#7317=ADVANCED_FACE('',(#6529),#7063,.T.);
#7318=ADVANCED_FACE('',(#6530,#6531,#6532,#6533,#6534),#7064,.T.);
#7319=ADVANCED_FACE('',(#6535),#7065,.T.);
#7320=ADVANCED_FACE('',(#6536),#7066,.T.);
#7321=ADVANCED_FACE('',(#6537),#7067,.T.);
#7322=ADVANCED_FACE('',(#6538),#7068,.F.);
#7323=ADVANCED_FACE('',(#6539),#7069,.T.);
#7324=ADVANCED_FACE('',(#6540,#6541),#7070,.T.);
#7325=ADVANCED_FACE('',(#6542),#7071,.T.);
#7326=ADVANCED_FACE('',(#6543),#7072,.T.);
#7327=ADVANCED_FACE('',(#6544,#6545),#7073,.F.);
#7328=ADVANCED_FACE('',(#6546,#6547),#7074,.F.);
#7329=ADVANCED_FACE('',(#6548),#251,.T.);
#7330=ADVANCED_FACE('',(#6549),#7075,.F.);
#7331=ADVANCED_FACE('',(#6550,#6551),#252,.F.);
#7332=ADVANCED_FACE('',(#6552,#6553),#188,.F.);
#7333=ADVANCED_FACE('',(#6554,#6555),#189,.F.);
#7334=ADVANCED_FACE('',(#6556,#6557),#253,.F.);
#7335=ADVANCED_FACE('',(#6558,#6559),#254,.F.);
#7336=ADVANCED_FACE('',(#6560),#7076,.F.);
#7337=ADVANCED_FACE('',(#6561),#7077,.F.);
#7338=ADVANCED_FACE('',(#6562),#7078,.F.);
#7339=ADVANCED_FACE('',(#6563),#7079,.F.);
#7340=ADVANCED_FACE('',(#6564,#6565),#7080,.T.);
#7341=ADVANCED_FACE('',(#6566),#7081,.F.);
#7342=ADVANCED_FACE('',(#6567),#7082,.T.);
#7343=ADVANCED_FACE('',(#6568),#7083,.T.);
#7344=ADVANCED_FACE('',(#6569),#7084,.F.);
#7345=ADVANCED_FACE('',(#6570,#6571),#7085,.T.);
#7346=ADVANCED_FACE('',(#6572,#6573),#7086,.F.);
#7347=ADVANCED_FACE('',(#6574,#6575),#7087,.F.);
#7348=ADVANCED_FACE('',(#6576),#7088,.F.);
#7349=ADVANCED_FACE('',(#6577),#7089,.F.);
#7350=ADVANCED_FACE('',(#6578),#7090,.F.);
#7351=ADVANCED_FACE('',(#6579,#6580),#255,.F.);
#7352=ADVANCED_FACE('',(#6581,#6582),#256,.F.);
#7353=ADVANCED_FACE('',(#6583,#6584),#257,.F.);
#7354=ADVANCED_FACE('',(#6585,#6586),#258,.F.);
#7355=ADVANCED_FACE('',(#6587),#7091,.F.);
#7356=ADVANCED_FACE('',(#6588),#7092,.F.);
#7357=ADVANCED_FACE('',(#6589),#7093,.F.);
#7358=ADVANCED_FACE('',(#6590),#259,.T.);
#7359=ADVANCED_FACE('',(#6591,#6592),#190,.F.);
#7360=ADVANCED_FACE('',(#6593,#6594),#191,.F.);
#7361=ADVANCED_FACE('',(#6595),#7094,.F.);
#7362=ADVANCED_FACE('',(#6596),#7095,.T.);
#7363=ADVANCED_FACE('',(#6597),#7096,.F.);
#7364=ADVANCED_FACE('',(#6598,#6599),#7097,.T.);
#7365=ADVANCED_FACE('',(#6600),#7098,.T.);
#7366=ADVANCED_FACE('',(#6601),#7099,.T.);
#7367=ADVANCED_FACE('',(#6602),#260,.T.);
#7368=ADVANCED_FACE('',(#6603),#7100,.T.);
#7369=ADVANCED_FACE('',(#6604),#261,.T.);
#7370=ADVANCED_FACE('',(#6605,#6606,#6607),#7101,.T.);
#7371=ADVANCED_FACE('',(#6608),#7102,.F.);
#7372=ADVANCED_FACE('',(#6609,#6610),#7103,.T.);
#7373=ADVANCED_FACE('',(#6611),#7104,.T.);
#7374=ADVANCED_FACE('',(#6612),#7105,.F.);
#7375=ADVANCED_FACE('',(#6613),#7106,.F.);
#7376=ADVANCED_FACE('',(#6614,#6615),#262,.F.);
#7377=ADVANCED_FACE('',(#6616,#6617),#263,.F.);
#7378=ADVANCED_FACE('',(#6618,#6619),#192,.F.);
#7379=ADVANCED_FACE('',(#6620,#6621),#193,.F.);
#7380=ADVANCED_FACE('',(#6622,#6623),#264,.F.);
#7381=ADVANCED_FACE('',(#6624),#7107,.T.);
#7382=ADVANCED_FACE('',(#6625),#7108,.F.);
#7383=ADVANCED_FACE('',(#6626),#7109,.F.);
#7384=ADVANCED_FACE('',(#6627),#7110,.F.);
#7385=ADVANCED_FACE('',(#6628),#194,.T.);
#7386=ADVANCED_FACE('',(#6629),#7111,.F.);
#7387=ADVANCED_FACE('',(#6630),#195,.T.);
#7388=ADVANCED_FACE('',(#6631),#7112,.F.);
#7389=ADVANCED_FACE('',(#6632),#7113,.T.);
#7390=ADVANCED_FACE('',(#6633),#7114,.F.);
#7391=ADVANCED_FACE('',(#6634),#7115,.T.);
#7392=ADVANCED_FACE('',(#6635),#7116,.T.);
#7393=ADVANCED_FACE('',(#6636),#7117,.T.);
#7394=ADVANCED_FACE('',(#6637),#265,.T.);
#7395=ADVANCED_FACE('',(#6638),#7118,.T.);
#7396=ADVANCED_FACE('',(#6639),#266,.T.);
#7397=ADVANCED_FACE('',(#6640),#196,.T.);
#7398=ADVANCED_FACE('',(#6641),#197,.T.);
#7399=ADVANCED_FACE('',(#6642),#198,.T.);
#7400=ADVANCED_FACE('',(#6643),#199,.T.);
#7401=ADVANCED_FACE('',(#6644),#7119,.F.);
#7402=ADVANCED_FACE('',(#6645,#6646),#267,.F.);
#7403=ADVANCED_FACE('',(#6647),#7120,.F.);
#7404=ADVANCED_FACE('',(#6648,#6649),#268,.F.);
#7405=ADVANCED_FACE('',(#6650,#6651),#200,.F.);
#7406=ADVANCED_FACE('',(#6652,#6653),#201,.F.);
#7407=ADVANCED_FACE('',(#6654),#7121,.T.);
#7408=ADVANCED_FACE('',(#6655),#7122,.T.);
#7409=ADVANCED_FACE('',(#6656),#7123,.F.);
#7410=ADVANCED_FACE('',(#6657),#7124,.T.);
#7411=ADVANCED_FACE('',(#6658),#7125,.F.);
#7412=ADVANCED_FACE('',(#6659),#7126,.T.);
#7413=ADVANCED_FACE('',(#6660),#7127,.F.);
#7414=ADVANCED_FACE('',(#6661),#7128,.F.);
#7415=ADVANCED_FACE('',(#6662),#7129,.T.);
#7416=ADVANCED_FACE('',(#6663),#7130,.T.);
#7417=ADVANCED_FACE('',(#6664),#7131,.T.);
#7418=ADVANCED_FACE('',(#6665),#7132,.T.);
#7419=ADVANCED_FACE('',(#6666),#7133,.T.);
#7420=ADVANCED_FACE('',(#6667),#7134,.T.);
#7421=ADVANCED_FACE('',(#6668),#7135,.T.);
#7422=ADVANCED_FACE('',(#6669),#7136,.T.);
#7423=ADVANCED_FACE('',(#6670),#7137,.T.);
#7424=ADVANCED_FACE('',(#6671),#7138,.T.);
#7425=ADVANCED_FACE('',(#6672),#7139,.T.);
#7426=ADVANCED_FACE('',(#6673),#7140,.T.);
#7427=ADVANCED_FACE('',(#6674),#7141,.T.);
#7428=ADVANCED_FACE('',(#6675),#7142,.T.);
#7429=ADVANCED_FACE('',(#6676),#7143,.T.);
#7430=ADVANCED_FACE('',(#6677),#269,.F.);
#7431=ADVANCED_FACE('',(#6678),#270,.F.);
#7432=ADVANCED_FACE('',(#6679),#7144,.T.);
#7433=ADVANCED_FACE('',(#6680),#7145,.F.);
#7434=ADVANCED_FACE('',(#6681),#7146,.T.);
#7435=ADVANCED_FACE('',(#6682),#7147,.T.);
#7436=ADVANCED_FACE('',(#6683),#7148,.T.);
#7437=ADVANCED_FACE('',(#6684),#7149,.F.);
#7438=ADVANCED_FACE('',(#6685),#7150,.F.);
#7439=ADVANCED_FACE('',(#6686),#7151,.F.);
#7440=ADVANCED_FACE('',(#6687),#7152,.T.);
#7441=ADVANCED_FACE('',(#6688),#7153,.F.);
#7442=ADVANCED_FACE('',(#6689),#7154,.F.);
#7443=ADVANCED_FACE('',(#6690),#202,.F.);
#7444=ADVANCED_FACE('',(#6691),#7155,.F.);
#7445=ADVANCED_FACE('',(#6692),#203,.F.);
#7446=ADVANCED_FACE('',(#6693),#7156,.F.);
#7447=ADVANCED_FACE('',(#6694),#7157,.F.);
#7448=ADVANCED_FACE('',(#6695),#7158,.F.);
#7449=ADVANCED_FACE('',(#6696),#204,.F.);
#7450=ADVANCED_FACE('',(#6697),#7159,.F.);
#7451=ADVANCED_FACE('',(#6698),#7160,.F.);
#7452=ADVANCED_FACE('',(#6699),#205,.F.);
#7453=ADVANCED_FACE('',(#6700),#271,.T.);
#7454=ADVANCED_FACE('',(#6701),#272,.T.);
#7455=ADVANCED_FACE('',(#6702),#273,.T.);
#7456=ADVANCED_FACE('',(#6703),#274,.T.);
#7457=ADVANCED_FACE('',(#6704),#7161,.T.);
#7458=ADVANCED_FACE('',(#6705),#206,.T.);
#7459=ADVANCED_FACE('',(#6706),#7162,.F.);
#7460=ADVANCED_FACE('',(#6707),#207,.T.);
#7461=ADVANCED_FACE('',(#6708),#7163,.T.);
#7462=ADVANCED_FACE('',(#6709),#7164,.F.);
#7463=ADVANCED_FACE('',(#6710),#7165,.T.);
#7464=ADVANCED_FACE('',(#6711),#7166,.F.);
#7465=ADVANCED_FACE('',(#6712),#208,.T.);
#7466=ADVANCED_FACE('',(#6713),#7167,.T.);
#7467=ADVANCED_FACE('',(#6714),#209,.T.);
#7468=ADVANCED_FACE('',(#6715),#7168,.T.);
#7469=ADVANCED_FACE('',(#6716),#7169,.T.);
#7470=ADVANCED_FACE('',(#6717),#7170,.F.);
#7471=ADVANCED_FACE('',(#6718),#7171,.F.);
#7472=ADVANCED_FACE('',(#6719),#7172,.F.);
#7473=ADVANCED_FACE('',(#6720),#7173,.T.);
#7474=ADVANCED_FACE('',(#6721),#7174,.F.);
#7475=ADVANCED_FACE('',(#6722),#7175,.F.);
#7476=ADVANCED_FACE('',(#6723),#7176,.T.);
#7477=ADVANCED_FACE('',(#6724),#7177,.T.);
#7478=ADVANCED_FACE('',(#6725),#7178,.T.);
#7479=ADVANCED_FACE('',(#6726),#7179,.T.);
#7480=ADVANCED_FACE('',(#6727),#210,.T.);
#7481=ADVANCED_FACE('',(#6728),#7180,.F.);
#7482=ADVANCED_FACE('',(#6729),#7181,.F.);
#7483=ADVANCED_FACE('',(#6730),#140,.T.);
#7484=ADVANCED_FACE('',(#6731),#7182,.T.);
#7485=ADVANCED_FACE('',(#6732),#7183,.T.);
#7486=ADVANCED_FACE('',(#6733),#7184,.F.);
#7487=ADVANCED_FACE('',(#6734),#211,.T.);
#7488=ADVANCED_FACE('',(#6735),#7185,.F.);
#7489=ADVANCED_FACE('',(#6736),#7186,.T.);
#7490=ADVANCED_FACE('',(#6737),#141,.T.);
#7491=ADVANCED_FACE('',(#6738),#7187,.F.);
#7492=ADVANCED_FACE('',(#6739),#7188,.T.);
#7493=ADVANCED_FACE('',(#6740),#7189,.T.);
#7494=ADVANCED_FACE('',(#6741),#7190,.F.);
#7495=ADVANCED_FACE('',(#6742),#7191,.F.);
#7496=ADVANCED_FACE('',(#6743),#7192,.F.);
#7497=ADVANCED_FACE('',(#6744),#7193,.F.);
#7498=ADVANCED_FACE('',(#6745),#7194,.F.);
#7499=ADVANCED_FACE('',(#6746),#7195,.F.);
#7500=ADVANCED_FACE('',(#6747),#7196,.T.);
#7501=ADVANCED_FACE('',(#6748),#7197,.F.);
#7502=ADVANCED_FACE('',(#6749,#6750),#275,.T.);
#7503=ADVANCED_FACE('',(#6751,#6752),#7198,.F.);
#7504=ADVANCED_FACE('',(#6753,#6754),#7199,.T.);
#7505=ADVANCED_FACE('',(#6755,#6756),#23,.T.);
#7506=ADVANCED_FACE('',(#6757,#6758),#24,.T.);
#7507=ADVANCED_FACE('',(#6759,#6760),#276,.F.);
#7508=ADVANCED_FACE('',(#6761,#6762),#212,.F.);
#7509=ADVANCED_FACE('',(#6763),#277,.T.);
#7510=ADVANCED_FACE('',(#6764),#278,.T.);
#7511=ADVANCED_FACE('',(#6765,#6766),#7200,.T.);
#7512=ADVANCED_FACE('',(#6767),#279,.T.);
#7513=ADVANCED_FACE('',(#6768),#213,.T.);
#7514=ADVANCED_FACE('',(#6769),#142,.F.);
#7515=ADVANCED_FACE('',(#6770),#214,.F.);
#7516=ADVANCED_FACE('',(#6771,#6772),#7201,.T.);
#7517=ADVANCED_FACE('',(#6773),#143,.F.);
#7518=ADVANCED_FACE('',(#6774),#215,.F.);
#7519=ADVANCED_FACE('',(#6775),#144,.F.);
#7520=ADVANCED_FACE('',(#6776),#145,.F.);
#7521=ADVANCED_FACE('',(#6777),#216,.T.);
#7522=ADVANCED_FACE('',(#6778),#7202,.T.);
#7523=ADVANCED_FACE('',(#6779),#7203,.T.);
#7524=ADVANCED_FACE('',(#6780),#280,.T.);
#7525=ADVANCED_FACE('',(#6781),#281,.T.);
#7526=ADVANCED_FACE('',(#6782),#146,.F.);
#7527=ADVANCED_FACE('',(#6783),#147,.F.);
#7528=ADVANCED_FACE('',(#6784),#7204,.T.);
#7529=ADVANCED_FACE('',(#6785),#282,.T.);
#7530=ADVANCED_FACE('',(#6786),#148,.F.);
#7531=ADVANCED_FACE('',(#6787),#149,.F.);
#7532=ADVANCED_FACE('',(#6788),#7205,.T.);
#7533=ADVANCED_FACE('',(#6789),#283,.T.);
#7534=ADVANCED_FACE('',(#6790),#150,.F.);
#7535=ADVANCED_FACE('',(#6791),#151,.F.);
#7536=ADVANCED_FACE('',(#6792),#7206,.T.);
#7537=ADVANCED_FACE('',(#6793),#284,.T.);
#7538=ADVANCED_FACE('',(#6794),#152,.F.);
#7539=ADVANCED_FACE('',(#6795),#153,.F.);
#7540=ADVANCED_FACE('',(#6796),#7207,.T.);
#7541=ADVANCED_FACE('',(#6797),#285,.T.);
#7542=ADVANCED_FACE('',(#6798),#154,.F.);
#7543=ADVANCED_FACE('',(#6799),#155,.F.);
#7544=ADVANCED_FACE('',(#6800),#7208,.T.);
#7545=ADVANCED_FACE('',(#6801),#286,.T.);
#7546=ADVANCED_FACE('',(#6802),#156,.F.);
#7547=ADVANCED_FACE('',(#6803),#157,.F.);
#7548=ADVANCED_FACE('',(#6804),#7209,.T.);
#7549=ADVANCED_FACE('',(#6805),#287,.T.);
#7550=ADVANCED_FACE('',(#6806),#158,.F.);
#7551=ADVANCED_FACE('',(#6807),#159,.F.);
#7552=ADVANCED_FACE('',(#6808),#7210,.T.);
#7553=ADVANCED_FACE('',(#6809),#288,.T.);
#7554=ADVANCED_FACE('',(#6810),#160,.F.);
#7555=ADVANCED_FACE('',(#6811),#161,.F.);
#7556=ADVANCED_FACE('',(#6812),#7211,.T.);
#7557=ADVANCED_FACE('',(#6813),#7212,.T.);
#7558=ADVANCED_FACE('',(#6814),#289,.T.);
#7559=ADVANCED_FACE('',(#6815,#6816),#7213,.T.);
#7560=ADVANCED_FACE('',(#6817),#162,.F.);
#7561=ADVANCED_FACE('',(#6818),#163,.F.);
#7562=ADVANCED_FACE('',(#6819),#164,.F.);
#7563=ADVANCED_FACE('',(#6820),#165,.F.);
#7564=ADVANCED_FACE('',(#6821),#217,.T.);
#7565=ADVANCED_FACE('',(#6822),#290,.T.);
#7566=ADVANCED_FACE('',(#6823),#7214,.T.);
#7567=ADVANCED_FACE('',(#6824),#166,.F.);
#7568=ADVANCED_FACE('',(#6825),#167,.F.);
#7569=ADVANCED_FACE('',(#6826),#218,.T.);
#7570=ADVANCED_FACE('',(#6827),#291,.T.);
#7571=ADVANCED_FACE('',(#6828),#7215,.T.);
#7572=ADVANCED_FACE('',(#6829),#168,.F.);
#7573=ADVANCED_FACE('',(#6830),#169,.F.);
#7574=ADVANCED_FACE('',(#6831),#219,.T.);
#7575=ADVANCED_FACE('',(#6832),#292,.T.);
#7576=ADVANCED_FACE('',(#6833),#7216,.T.);
#7577=ADVANCED_FACE('',(#6834),#170,.F.);
#7578=ADVANCED_FACE('',(#6835),#171,.F.);
#7579=ADVANCED_FACE('',(#6836),#220,.T.);
#7580=ADVANCED_FACE('',(#6837),#293,.T.);
#7581=ADVANCED_FACE('',(#6838),#7217,.T.);
#7582=ADVANCED_FACE('',(#6839),#172,.F.);
#7583=ADVANCED_FACE('',(#6840),#173,.F.);
#7584=ADVANCED_FACE('',(#6841),#221,.T.);
#7585=ADVANCED_FACE('',(#6842),#294,.T.);
#7586=ADVANCED_FACE('',(#6843),#7218,.T.);
#7587=ADVANCED_FACE('',(#6844),#174,.F.);
#7588=ADVANCED_FACE('',(#6845),#175,.F.);
#7589=ADVANCED_FACE('',(#6846),#222,.T.);
#7590=ADVANCED_FACE('',(#6847),#295,.T.);
#7591=ADVANCED_FACE('',(#6848),#7219,.T.);
#7592=ADVANCED_FACE('',(#6849),#176,.F.);
#7593=ADVANCED_FACE('',(#6850),#177,.F.);
#7594=ADVANCED_FACE('',(#6851),#223,.T.);
#7595=ADVANCED_FACE('',(#6852),#296,.T.);
#7596=ADVANCED_FACE('',(#6853),#7220,.T.);
#7597=ADVANCED_FACE('',(#6854),#178,.F.);
#7598=ADVANCED_FACE('',(#6855),#179,.F.);
#7599=ADVANCED_FACE('',(#6856),#224,.T.);
#7600=ADVANCED_FACE('',(#6857),#297,.T.);
#7601=ADVANCED_FACE('',(#6858),#7221,.T.);
#7602=ADVANCED_FACE('',(#6859),#180,.F.);
#7603=ADVANCED_FACE('',(#6860),#181,.F.);
#7604=ADVANCED_FACE('',(#6861),#225,.T.);
#7605=ADVANCED_FACE('',(#6862),#298,.T.);
#7606=ADVANCED_FACE('',(#6863),#299,.T.);
#7607=ADVANCED_FACE('',(#6864),#7222,.T.);
#7608=ADVANCED_FACE('',(#6865),#182,.F.);
#7609=ADVANCED_FACE('',(#6866),#183,.F.);
#7610=ADVANCED_FACE('',(#6867),#300,.F.);
#7611=ADVANCED_FACE('',(#6868),#301,.F.);
#7612=ADVANCED_FACE('',(#6869),#302,.F.);
#7613=ADVANCED_FACE('',(#6870),#303,.F.);
#7614=ADVANCED_FACE('',(#6871),#304,.F.);
#7615=ADVANCED_FACE('',(#6872),#305,.F.);
#7616=ADVANCED_FACE('',(#6873),#306,.F.);
#7617=ADVANCED_FACE('',(#6874),#307,.F.);
#7618=ADVANCED_FACE('',(#6875),#308,.F.);
#7619=ADVANCED_FACE('',(#6876),#309,.F.);
#7620=ADVANCED_FACE('',(#6877),#310,.F.);
#7621=ADVANCED_FACE('',(#6878),#311,.F.);
#7622=ADVANCED_FACE('',(#6879),#312,.F.);
#7623=ADVANCED_FACE('',(#6880),#313,.F.);
#7624=ADVANCED_FACE('',(#6881),#314,.F.);
#7625=ADVANCED_FACE('',(#6882),#315,.F.);
#7626=ADVANCED_FACE('',(#6883),#316,.F.);
#7627=ADVANCED_FACE('',(#6884),#226,.T.);
#7628=ADVANCED_FACE('',(#6885),#317,.T.);
#7629=ADVANCED_FACE('',(#6886),#227,.T.);
#7630=ADVANCED_FACE('',(#6887),#228,.T.);
#7631=ADVANCED_FACE('',(#6888,#6889),#7223,.T.);
#7632=ADVANCED_FACE('',(#6890),#7224,.T.);
#7633=ADVANCED_FACE('',(#6891),#7225,.T.);
#7634=ADVANCED_FACE('',(#6892),#7226,.T.);
#7635=ADVANCED_FACE('',(#6893),#7227,.T.);
#7636=ADVANCED_FACE('',(#6894),#7228,.T.);
#7637=ADVANCED_FACE('',(#6895),#7229,.T.);
#7638=ADVANCED_FACE('',(#6896),#7230,.F.);
#7639=ADVANCED_FACE('',(#6897),#7231,.F.);
#7640=ADVANCED_FACE('',(#6898),#7232,.F.);
#7641=ADVANCED_FACE('',(#6899),#7233,.F.);
#7642=ADVANCED_FACE('',(#6900),#7234,.F.);
#7643=ADVANCED_FACE('',(#6901),#7235,.F.);
#7644=ADVANCED_FACE('',(#6902),#7236,.F.);
#7645=ADVANCED_FACE('',(#6903),#7237,.F.);
#7646=ADVANCED_FACE('',(#6904),#7238,.F.);
#7647=ADVANCED_FACE('',(#6905),#7239,.F.);
#7648=ADVANCED_FACE('',(#6906),#7240,.F.);
#7649=ADVANCED_FACE('',(#6907),#7241,.F.);
#7650=ADVANCED_FACE('',(#6908),#229,.F.);
#7651=ADVANCED_FACE('',(#6909),#7242,.F.);
#7652=ADVANCED_FACE('',(#6910,#6911),#318,.T.);
#7653=ADVANCED_FACE('',(#6912),#7243,.T.);
#7654=ADVANCED_FACE('',(#6913),#319,.F.);
#7655=ADVANCED_FACE('',(#6914,#6915),#230,.T.);
#7656=ADVANCED_FACE('',(#6916),#7244,.T.);
#7657=ADVANCED_FACE('',(#6917,#6918),#320,.T.);
#7658=ADVANCED_FACE('',(#6919,#6920),#25,.T.);
#7659=ADVANCED_FACE('',(#6921,#6922),#231,.F.);
#7660=ADVANCED_FACE('',(#6923,#6924),#321,.T.);
#7661=ADVANCED_FACE('',(#6925),#7245,.T.);
#7662=ADVANCED_FACE('',(#6926),#7246,.T.);
#7663=ADVANCED_FACE('',(#6927),#7247,.T.);
#7664=ADVANCED_FACE('',(#6928),#7248,.T.);
#7665=ADVANCED_FACE('',(#6929),#7249,.T.);
#7666=ADVANCED_FACE('',(#6930),#7250,.T.);
#7667=ADVANCED_FACE('',(#6931,#6932),#7251,.F.);
#7668=ADVANCED_FACE('',(#6933,#6934),#7252,.T.);
#7669=ADVANCED_FACE('',(#6935),#7253,.T.);
#7670=ADVANCED_FACE('',(#6936),#7254,.T.);
#7671=ADVANCED_FACE('',(#6937),#7255,.T.);
#7672=ADVANCED_FACE('',(#6938),#7256,.T.);
#7673=ADVANCED_FACE('',(#6939),#7257,.T.);
#7674=ADVANCED_FACE('',(#6940),#7258,.T.);
#7675=ADVANCED_FACE('',(#6941,#6942),#232,.T.);
#7676=ADVANCED_FACE('',(#6943),#7259,.T.);
#7677=ADVANCED_FACE('',(#6944),#233,.T.);
#7678=ADVANCED_FACE('',(#6945),#7260,.T.);
#7679=ADVANCED_FACE('',(#6946),#234,.T.);
#7680=ADVANCED_FACE('',(#6947),#7261,.T.);
#7681=ADVANCED_FACE('',(#6948),#7262,.T.);
#7682=ADVANCED_FACE('',(#6949),#322,.T.);
#7683=ADVANCED_FACE('',(#6950),#323,.T.);
#7684=ADVANCED_FACE('',(#6951),#7263,.T.);
#7685=ADVANCED_FACE('',(#6952),#7264,.T.);
#7686=ADVANCED_FACE('',(#6953),#324,.T.);
#7687=ADVANCED_FACE('',(#6954),#184,.F.);
#7688=ADVANCED_FACE('',(#6955),#325,.T.);
#7689=ADVANCED_FACE('',(#6956),#326,.T.);
#7690=ADVANCED_FACE('',(#6957),#327,.T.);
#7691=ADVANCED_FACE('',(#6958),#26,.T.);
#7692=ADVANCED_FACE('',(#6959),#328,.T.);
#7693=ADVANCED_FACE('',(#6960),#18,.T.);
#7694=ADVANCED_FACE('',(#6961),#185,.F.);
#7695=ADVANCED_FACE('',(#6962),#19,.T.);
#7696=ADVANCED_FACE('',(#6963),#7265,.T.);
#7697=ADVANCED_FACE('',(#6964),#7266,.T.);
#7698=ADVANCED_FACE('',(#6965),#329,.T.);
#7699=ADVANCED_FACE('',(#6966),#186,.F.);
#7700=ADVANCED_FACE('',(#6967),#330,.T.);
#7701=ADVANCED_FACE('',(#6968),#331,.T.);
#7702=ADVANCED_FACE('',(#6969),#332,.T.);
#7703=ADVANCED_FACE('',(#6970),#27,.T.);
#7704=ADVANCED_FACE('',(#6971),#333,.T.);
#7705=ADVANCED_FACE('',(#6972),#20,.T.);
#7706=ADVANCED_FACE('',(#6973),#187,.F.);
#7707=ADVANCED_FACE('',(#6974),#21,.T.);
#7708=ADVANCED_FACE('',(#6975),#7267,.T.);
#7709=ADVANCED_FACE('',(#6976),#334,.T.);
#7710=ADVANCED_FACE('',(#6977),#7268,.T.);
#7711=ADVANCED_FACE('',(#6978),#335,.T.);
#7712=ADVANCED_FACE('',(#6979,#6980),#7269,.T.);
#7713=ADVANCED_FACE('',(#6981),#235,.F.);
#7714=ADVANCED_FACE('',(#6982,#6983),#7270,.F.);
#7715=ADVANCED_FACE('',(#6984),#336,.F.);
#7716=ADVANCED_FACE('',(#6985),#236,.F.);
#7717=ADVANCED_FACE('',(#6986),#7271,.F.);
#7718=ADVANCED_FACE('',(#6987),#7272,.F.);
#7719=ADVANCED_FACE('',(#6988),#7273,.F.);
#7720=ADVANCED_FACE('',(#6989),#7274,.F.);
#7721=ADVANCED_FACE('',(#6990,#6991,#6992),#7275,.T.);
#7722=ADVANCED_FACE('',(#6993,#6994,#6995),#7276,.F.);
#7723=ADVANCED_FACE('',(#6996,#6997),#337,.F.);
#7724=ADVANCED_FACE('',(#6998,#6999),#338,.F.);
#7725=ADVANCED_FACE('',(#7000,#7001),#7277,.F.);
#7726=ADVANCED_FACE('',(#7002,#7003),#339,.F.);
#7727=ADVANCED_FACE('',(#7004,#7005),#7278,.F.);
#7728=ADVANCED_FACE('',(#7006,#7007),#340,.F.);
#7729=ADVANCED_FACE('',(#7008),#341,.T.);
#7730=ADVANCED_FACE('',(#7009),#342,.T.);
#7731=ADVANCED_FACE('',(#7010),#343,.T.);
#7732=ADVANCED_FACE('',(#7011),#344,.T.);
#7733=ADVANCED_FACE('',(#7012),#237,.T.);
#7734=ADVANCED_FACE('',(#7013),#7279,.T.);
#7735=ADVANCED_FACE('',(#7014),#7280,.T.);
#7736=ADVANCED_FACE('',(#7015),#238,.T.);
#7737=ADVANCED_FACE('',(#7016),#239,.T.);
#7738=ADVANCED_FACE('',(#7017),#7281,.T.);
#7739=ADVANCED_FACE('',(#7018),#7282,.T.);
#7740=ADVANCED_FACE('',(#7019),#240,.T.);
#7741=ADVANCED_FACE('',(#7020),#241,.T.);
#7742=ADVANCED_FACE('',(#7021),#7283,.F.);
#7743=ADVANCED_FACE('',(#7022),#7284,.F.);
#7744=ADVANCED_FACE('',(#7023),#242,.T.);
#7745=ADVANCED_FACE('',(#7024),#243,.T.);
#7746=ADVANCED_FACE('',(#7025),#7285,.F.);
#7747=ADVANCED_FACE('',(#7026),#7286,.F.);
#7748=ADVANCED_FACE('',(#7027),#244,.T.);
#7749=ADVANCED_FACE('',(#7028,#7029),#245,.F.);
#7750=ADVANCED_FACE('',(#7030,#7031),#246,.F.);
#7751=ADVANCED_FACE('',(#7032),#7287,.T.);
#7752=ADVANCED_FACE('',(#7033),#7288,.F.);
#7753=ADVANCED_FACE('',(#7034),#7289,.T.);
#7754=ADVANCED_FACE('',(#7035),#7290,.F.);
#7755=ADVANCED_FACE('',(#7036),#7291,.F.);
#7756=ADVANCED_FACE('',(#7037),#7292,.F.);
#7757=ADVANCED_FACE('',(#7038),#7293,.T.);
#7758=ADVANCED_FACE('',(#7039),#7294,.T.);
#7759=ADVANCED_FACE('',(#7040),#7295,.F.);
#7760=ADVANCED_FACE('',(#7041),#7296,.F.);
#7761=ADVANCED_FACE('',(#7042,#7043),#7297,.F.);
#7762=ADVANCED_FACE('',(#7044),#7298,.T.);
#7763=ADVANCED_FACE('',(#7045),#7299,.F.);
#7764=ADVANCED_FACE('',(#7046),#7300,.T.);
#7765=ADVANCED_FACE('',(#7047),#7301,.F.);
#7766=ADVANCED_FACE('',(#7048),#7302,.T.);
#7767=ADVANCED_FACE('',(#7049),#7303,.F.);
#7768=ADVANCED_FACE('',(#7050),#7304,.T.);
#7769=ADVANCED_FACE('',(#7051),#7305,.T.);
#7770=ADVANCED_FACE('',(#7052),#7306,.T.);
#7771=ADVANCED_FACE('',(#7053),#7307,.F.);
#7772=ADVANCED_FACE('',(#7054),#7308,.T.);
#7773=ADVANCED_FACE('',(#7055),#7309,.T.);
#7774=ADVANCED_FACE('',(#7056),#7310,.F.);
#7775=ADVANCED_FACE('',(#7057),#7311,.F.);
#7776=ADVANCED_FACE('',(#7058),#7312,.F.);
#7777=ADVANCED_FACE('',(#7059),#7313,.F.);
#7778=ADVANCED_FACE('',(#7060),#7314,.T.);
#7779=ADVANCED_FACE('',(#7061),#7315,.F.);
#7780=CLOSED_SHELL('',(#7316,#7317,#7318,#7319,#7320,#7321,#7322,#7323,
#7324,#7325,#7326,#7327,#7328,#7329,#7330,#7331,#7332,#7333,#7334,#7335,
#7336,#7337,#7338,#7339,#7340,#7341,#7342,#7343,#7344,#7345,#7346,#7347,
#7348,#7349,#7350,#7351,#7352,#7353,#7354,#7355,#7356,#7357,#7358,#7359,
#7360,#7361,#7362,#7363,#7364,#7365,#7366,#7367,#7368,#7369,#7370,#7371,
#7372,#7373,#7374,#7375,#7376,#7377,#7378,#7379,#7380,#7381,#7382,#7383,
#7384,#7385,#7386,#7387,#7388,#7389,#7390,#7391,#7392,#7393,#7394,#7395,
#7396,#7397,#7398,#7399,#7400,#7401,#7402,#7403,#7404,#7405,#7406,#7407,
#7408,#7409,#7410,#7411,#7412,#7413,#7414,#7415,#7416,#7417,#7418,#7419,
#7420,#7421,#7422,#7423,#7424,#7425,#7426,#7427,#7428,#7429,#7430,#7431,
#7432,#7433,#7434,#7435,#7436,#7437,#7438,#7439,#7440,#7441,#7442,#7443,
#7444,#7445,#7446,#7447,#7448,#7449,#7450,#7451,#7452,#7453,#7454,#7455,
#7456,#7457,#7458,#7459,#7460,#7461,#7462,#7463,#7464,#7465,#7466,#7467,
#7468,#7469,#7470,#7471,#7472,#7473,#7474,#7475,#7476,#7477,#7478,#7479,
#7480,#7481,#7482,#7483,#7484,#7485,#7486,#7487,#7488,#7489,#7490,#7491,
#7492,#7493,#7494,#7495));
#7781=CLOSED_SHELL('',(#7496,#7497,#7498,#7499,#7500,#7501));
#7782=CLOSED_SHELL('',(#7502,#7503,#7504,#7505,#7506,#7507,#7508));
#7783=CLOSED_SHELL('',(#7509,#7510,#7511,#7512,#7513,#7514,#7515,#7516,
#7517,#7518,#7519,#7520,#7521,#7522,#7523,#7524,#7525,#7526,#7527,#7528,
#7529,#7530,#7531,#7532,#7533,#7534,#7535,#7536,#7537,#7538,#7539,#7540,
#7541,#7542,#7543,#7544,#7545,#7546,#7547,#7548,#7549,#7550,#7551,#7552,
#7553,#7554,#7555,#7556,#7557,#7558,#7559,#7560,#7561,#7562,#7563,#7564,
#7565,#7566,#7567,#7568,#7569,#7570,#7571,#7572,#7573,#7574,#7575,#7576,
#7577,#7578,#7579,#7580,#7581,#7582,#7583,#7584,#7585,#7586,#7587,#7588,
#7589,#7590,#7591,#7592,#7593,#7594,#7595,#7596,#7597,#7598,#7599,#7600,
#7601,#7602,#7603,#7604,#7605,#7606,#7607,#7608,#7609,#7610,#7611,#7612,
#7613,#7614,#7615,#7616,#7617,#7618,#7619,#7620,#7621,#7622,#7623,#7624,
#7625,#7626));
#7784=CLOSED_SHELL('',(#7627,#7628,#7629,#7630,#7631,#7632,#7633,#7634,
#7635,#7636,#7637,#7638,#7639,#7640,#7641,#7642,#7643,#7644,#7645,#7646,
#7647,#7648,#7649,#7650,#7651,#7652,#7653,#7654,#7655));
#7785=CLOSED_SHELL('',(#7656,#7657,#7658,#7659,#7660,#7661,#7662,#7663,
#7664,#7665,#7666,#7667,#7668,#7669,#7670,#7671,#7672,#7673,#7674,#7675));
#7786=CLOSED_SHELL('',(#7676,#7677,#7678,#7679,#7680,#7681,#7682,#7683,
#7684,#7685,#7686,#7687,#7688,#7689,#7690,#7691,#7692,#7693,#7694,#7695,
#7696,#7697,#7698,#7699,#7700,#7701,#7702,#7703,#7704,#7705,#7706,#7707,
#7708,#7709,#7710,#7711,#7712,#7713,#7714,#7715,#7716));
#7787=CLOSED_SHELL('',(#7717,#7718,#7719,#7720,#7721,#7722,#7723,#7724,
#7725,#7726,#7727,#7728,#7729,#7730,#7731,#7732,#7733,#7734,#7735,#7736,
#7737,#7738,#7739,#7740,#7741,#7742,#7743,#7744,#7745,#7746,#7747,#7748,
#7749,#7750));
#7788=CLOSED_SHELL('',(#7751,#7752,#7753,#7754,#7755,#7756,#7757,#7758,
#7759,#7760,#7761,#7762,#7763,#7764,#7765,#7766,#7767,#7768,#7769,#7770,
#7771,#7772,#7773));
#7789=CLOSED_SHELL('',(#7774,#7775,#7776,#7777,#7778,#7779));
#7790=STYLED_ITEM('',(#7800),#7866);
#7791=STYLED_ITEM('',(#7801),#7867);
#7792=STYLED_ITEM('',(#7802),#7868);
#7793=STYLED_ITEM('',(#7803),#7869);
#7794=STYLED_ITEM('',(#7804),#7870);
#7795=STYLED_ITEM('',(#7805),#7871);
#7796=STYLED_ITEM('',(#7806),#7872);
#7797=STYLED_ITEM('',(#7807),#7873);
#7798=STYLED_ITEM('',(#7808),#7874);
#7799=STYLED_ITEM('',(#7809),#7875);
#7800=PRESENTATION_STYLE_ASSIGNMENT((#7810));
#7801=PRESENTATION_STYLE_ASSIGNMENT((#7811));
#7802=PRESENTATION_STYLE_ASSIGNMENT((#7812));
#7803=PRESENTATION_STYLE_ASSIGNMENT((#7813));
#7804=PRESENTATION_STYLE_ASSIGNMENT((#7814));
#7805=PRESENTATION_STYLE_ASSIGNMENT((#7815));
#7806=PRESENTATION_STYLE_ASSIGNMENT((#7816));
#7807=PRESENTATION_STYLE_ASSIGNMENT((#7817));
#7808=PRESENTATION_STYLE_ASSIGNMENT((#7818));
#7809=PRESENTATION_STYLE_ASSIGNMENT((#7819));
#7810=SURFACE_STYLE_USAGE(.BOTH.,#7820);
#7811=SURFACE_STYLE_USAGE(.BOTH.,#7821);
#7812=SURFACE_STYLE_USAGE(.BOTH.,#7822);
#7813=SURFACE_STYLE_USAGE(.BOTH.,#7823);
#7814=SURFACE_STYLE_USAGE(.BOTH.,#7824);
#7815=SURFACE_STYLE_USAGE(.BOTH.,#7825);
#7816=SURFACE_STYLE_USAGE(.BOTH.,#7826);
#7817=SURFACE_STYLE_USAGE(.BOTH.,#7827);
#7818=SURFACE_STYLE_USAGE(.BOTH.,#7828);
#7819=SURFACE_STYLE_USAGE(.BOTH.,#7829);
#7820=SURFACE_SIDE_STYLE('',(#7830));
#7821=SURFACE_SIDE_STYLE('',(#7831));
#7822=SURFACE_SIDE_STYLE('',(#7832));
#7823=SURFACE_SIDE_STYLE('',(#7833));
#7824=SURFACE_SIDE_STYLE('',(#7834));
#7825=SURFACE_SIDE_STYLE('',(#7835));
#7826=SURFACE_SIDE_STYLE('',(#7836));
#7827=SURFACE_SIDE_STYLE('',(#7837));
#7828=SURFACE_SIDE_STYLE('',(#7838));
#7829=SURFACE_SIDE_STYLE('',(#7839));
#7830=SURFACE_STYLE_FILL_AREA(#7840);
#7831=SURFACE_STYLE_FILL_AREA(#7841);
#7832=SURFACE_STYLE_FILL_AREA(#7842);
#7833=SURFACE_STYLE_FILL_AREA(#7843);
#7834=SURFACE_STYLE_FILL_AREA(#7844);
#7835=SURFACE_STYLE_FILL_AREA(#7845);
#7836=SURFACE_STYLE_FILL_AREA(#7846);
#7837=SURFACE_STYLE_FILL_AREA(#7847);
#7838=SURFACE_STYLE_FILL_AREA(#7848);
#7839=SURFACE_STYLE_FILL_AREA(#7849);
#7840=FILL_AREA_STYLE('',(#7850));
#7841=FILL_AREA_STYLE('',(#7851));
#7842=FILL_AREA_STYLE('',(#7852));
#7843=FILL_AREA_STYLE('',(#7853));
#7844=FILL_AREA_STYLE('',(#7854));
#7845=FILL_AREA_STYLE('',(#7855));
#7846=FILL_AREA_STYLE('',(#7856));
#7847=FILL_AREA_STYLE('',(#7857));
#7848=FILL_AREA_STYLE('',(#7858));
#7849=FILL_AREA_STYLE('',(#7859));
#7850=FILL_AREA_STYLE_COLOUR('',#7860);
#7851=FILL_AREA_STYLE_COLOUR('',#7861);
#7852=FILL_AREA_STYLE_COLOUR('',#7862);
#7853=FILL_AREA_STYLE_COLOUR('',#7863);
#7854=FILL_AREA_STYLE_COLOUR('',#7864);
#7855=FILL_AREA_STYLE_COLOUR('',#7864);
#7856=FILL_AREA_STYLE_COLOUR('',#7862);
#7857=FILL_AREA_STYLE_COLOUR('',#7860);
#7858=FILL_AREA_STYLE_COLOUR('',#7865);
#7859=FILL_AREA_STYLE_COLOUR('',#7862);
#7860=COLOUR_RGB('',0.200000002980232,0.200000002980232,0.200000002980232);
#7861=COLOUR_RGB('',0.506983280181885,0.531564235687256,0.550000011920929);
#7862=COLOUR_RGB('',0.331739127635956,0.340869575738907,0.349999994039536);
#7863=COLOUR_RGB('',0.866666674613953,0.733333349227905,0.400000005960464);
#7864=COLOUR_RGB('',0.,0.5,0.);
#7865=COLOUR_RGB('',0.800000011920929,0.403305768966675,0.);
#7866=MANIFOLD_SOLID_BREP('Base',#7780);
#7867=MANIFOLD_SOLID_BREP('',#7781);
#7868=MANIFOLD_SOLID_BREP('',#7782);
#7869=MANIFOLD_SOLID_BREP('Heat Insert M3 Short 5x4',#7783);
#7870=MANIFOLD_SOLID_BREP('Body1',#7784);
#7871=MANIFOLD_SOLID_BREP('M3x8 hexagon socket cap screws',#7785);
#7872=MANIFOLD_SOLID_BREP('Body1',#7786);
#7873=MANIFOLD_SOLID_BREP('',#7787);
#7874=MANIFOLD_SOLID_BREP('',#7788);
#7875=MANIFOLD_SOLID_BREP('',#7789);
#7876=SHAPE_DEFINITION_REPRESENTATION(#15169,#7889);
#7877=SHAPE_DEFINITION_REPRESENTATION(#15168,#7890);
#7878=SHAPE_DEFINITION_REPRESENTATION(#15171,#7891);
#7879=SHAPE_DEFINITION_REPRESENTATION(#15167,#7892);
#7880=SHAPE_DEFINITION_REPRESENTATION(#15174,#7893);
#7881=SHAPE_DEFINITION_REPRESENTATION(#15179,#7894);
#7882=SHAPE_DEFINITION_REPRESENTATION(#15182,#7895);
#7883=SHAPE_DEFINITION_REPRESENTATION(#15187,#7896);
#7884=SHAPE_DEFINITION_REPRESENTATION(#15190,#7897);
#7885=SHAPE_DEFINITION_REPRESENTATION(#15193,#7898);
#7886=SHAPE_DEFINITION_REPRESENTATION(#15198,#7899);
#7887=SHAPE_DEFINITION_REPRESENTATION(#15197,#7900);
#7888=SHAPE_DEFINITION_REPRESENTATION(#15200,#7901);
#7889=SHAPE_REPRESENTATION('Miniburner XL Dock',(#7902),#15140);
#7890=SHAPE_REPRESENTATION('MiniBurner XL Dock With Brim',(#7902,#8151,
#8158),#15139);
#7891=SHAPE_REPRESENTATION('Miniburner XL Dock - Brim',(#7902),#15141);
#7892=SHAPE_REPRESENTATION('MiniBurner XL Dock Assembly',(#7902,#8159,#8174,
#8175,#8176,#8177,#8339,#8340,#8388,#8389,#8390,#8391,#8424,#8425,#8501,
#8502,#8563,#8564,#8565,#8597),#15138);
#7893=SHAPE_REPRESENTATION('6x3 Magnet With 2mm Coutersunk Hole',(#7902),
#15142);
#7894=SHAPE_REPRESENTATION('Heat Insert M3 Short 5x4',(#7902),#15143);
#7895=SHAPE_REPRESENTATION('M2x10mm - Selftapping Screw Countersunk',(#7902),
#15144);
#7896=SHAPE_REPRESENTATION('M3x8 hex socket cap screw',(#7902),#15145);
#7897=SHAPE_REPRESENTATION('M3 Hammerhead T-Nut',(#7902),#15146);
#7898=SHAPE_REPRESENTATION('SpringSteel Holder',(#7902),#15147);
#7899=SHAPE_REPRESENTATION('Silicon Pad',(#7902),#15149);
#7900=SHAPE_REPRESENTATION('Silicon Pad Assembly',(#7902,#8589,#8596),#15148);
#7901=SHAPE_REPRESENTATION('SpringSteel',(#7902),#15150);
#7902=AXIS2_PLACEMENT_3D('',#10629,#8598,#8599);
#7903=AXIS2_PLACEMENT_3D('',#10630,#8600,#8601);
#7904=AXIS2_PLACEMENT_3D('',#10631,#8602,#8603);
#7905=AXIS2_PLACEMENT_3D('',#10647,#8611,#8612);
#7906=AXIS2_PLACEMENT_3D('',#10660,#8619,#8620);
#7907=AXIS2_PLACEMENT_3D('',#10661,#8621,#8622);
#7908=AXIS2_PLACEMENT_3D('',#10663,#8623,#8624);
#7909=AXIS2_PLACEMENT_3D('',#10665,#8625,#8626);
#7910=AXIS2_PLACEMENT_3D('',#10667,#8627,#8628);
#7911=AXIS2_PLACEMENT_3D('',#10684,#8636,#8637);
#7912=AXIS2_PLACEMENT_3D('',#10688,#8639,#8640);
#7913=AXIS2_PLACEMENT_3D('',#10705,#8649,#8650);
#7914=AXIS2_PLACEMENT_3D('',#10722,#8659,#8660);
#7915=AXIS2_PLACEMENT_3D('',#10738,#8668,#8669);
#7916=AXIS2_PLACEMENT_3D('',#10742,#8671,#8672);
#7917=AXIS2_PLACEMENT_3D('',#10743,#8673,#8674);
#7918=AXIS2_PLACEMENT_3D('',#10749,#8677,#8678);
#7919=AXIS2_PLACEMENT_3D('',#10753,#8680,#8681);
#7920=AXIS2_PLACEMENT_3D('',#10764,#8687,#8688);
#7921=AXIS2_PLACEMENT_3D('',#10781,#8697,#8698);
#7922=AXIS2_PLACEMENT_3D('',#10792,#8704,#8705);
#7923=AXIS2_PLACEMENT_3D('',#10912,#8741,#8742);
#7924=AXIS2_PLACEMENT_3D('',#10923,#8748,#8749);
#7925=AXIS2_PLACEMENT_3D('',#10929,#8752,#8753);
#7926=AXIS2_PLACEMENT_3D('',#10937,#8758,#8759);
#7927=AXIS2_PLACEMENT_3D('',#10938,#8760,#8761);
#7928=AXIS2_PLACEMENT_3D('',#10940,#8762,#8763);
#7929=AXIS2_PLACEMENT_3D('',#10942,#8764,#8765);
#7930=AXIS2_PLACEMENT_3D('',#10943,#8766,#8767);
#7931=AXIS2_PLACEMENT_3D('',#10945,#8768,#8769);
#7932=AXIS2_PLACEMENT_3D('',#10947,#8770,#8771);
#7933=AXIS2_PLACEMENT_3D('',#10951,#8773,#8774);
#7934=AXIS2_PLACEMENT_3D('',#10955,#8776,#8777);
#7935=AXIS2_PLACEMENT_3D('',#10956,#8778,#8779);
#7936=AXIS2_PLACEMENT_3D('',#10969,#8786,#8787);
#7937=AXIS2_PLACEMENT_3D('',#10978,#8792,#8793);
#7938=AXIS2_PLACEMENT_3D('',#10979,#8794,#8795);
#7939=AXIS2_PLACEMENT_3D('',#10980,#8796,#8797);
#7940=AXIS2_PLACEMENT_3D('',#10982,#8798,#8799);
#7941=AXIS2_PLACEMENT_3D('',#10984,#8800,#8801);
#7942=AXIS2_PLACEMENT_3D('',#10985,#8802,#8803);
#7943=AXIS2_PLACEMENT_3D('',#10987,#8804,#8805);
#7944=AXIS2_PLACEMENT_3D('',#10989,#8806,#8807);
#7945=AXIS2_PLACEMENT_3D('',#10990,#8808,#8809);
#7946=AXIS2_PLACEMENT_3D('',#10992,#8810,#8811);
#7947=AXIS2_PLACEMENT_3D('',#10993,#8812,#8813);
#7948=AXIS2_PLACEMENT_3D('',#10995,#8814,#8815);
#7949=AXIS2_PLACEMENT_3D('',#10996,#8816,#8817);
#7950=AXIS2_PLACEMENT_3D('',#10998,#8818,#8819);
#7951=AXIS2_PLACEMENT_3D('',#10999,#8820,#8821);
#7952=AXIS2_PLACEMENT_3D('',#11001,#8822,#8823);
#7953=AXIS2_PLACEMENT_3D('',#11002,#8824,#8825);
#7954=AXIS2_PLACEMENT_3D('',#11004,#8826,#8827);
#7955=AXIS2_PLACEMENT_3D('',#11005,#8828,#8829);
#7956=AXIS2_PLACEMENT_3D('',#11007,#8830,#8831);
#7957=AXIS2_PLACEMENT_3D('',#11022,#8839,#8840);
#7958=AXIS2_PLACEMENT_3D('',#11026,#8843,#8844);
#7959=AXIS2_PLACEMENT_3D('',#11032,#8848,#8849);
#7960=AXIS2_PLACEMENT_3D('',#11041,#8854,#8855);
#7961=AXIS2_PLACEMENT_3D('',#11048,#8859,#8860);
#7962=AXIS2_PLACEMENT_3D('',#11057,#8866,#8867);
#7963=AXIS2_PLACEMENT_3D('',#11058,#8868,#8869);
#7964=AXIS2_PLACEMENT_3D('',#11060,#8870,#8871);
#7965=AXIS2_PLACEMENT_3D('',#11061,#8872,#8873);
#7966=AXIS2_PLACEMENT_3D('',#11063,#8874,#8875);
#7967=AXIS2_PLACEMENT_3D('',#11068,#8879,#8880);
#7968=AXIS2_PLACEMENT_3D('',#11079,#8886,#8887);
#7969=AXIS2_PLACEMENT_3D('',#11084,#8891,#8892);
#7970=AXIS2_PLACEMENT_3D('',#11085,#8893,#8894);
#7971=AXIS2_PLACEMENT_3D('',#11087,#8895,#8896);
#7972=AXIS2_PLACEMENT_3D('',#11088,#8897,#8898);
#7973=AXIS2_PLACEMENT_3D('',#11090,#8899,#8900);
#7974=AXIS2_PLACEMENT_3D('',#11091,#8901,#8902);
#7975=AXIS2_PLACEMENT_3D('',#11093,#8903,#8904);
#7976=AXIS2_PLACEMENT_3D('',#11094,#8905,#8906);
#7977=AXIS2_PLACEMENT_3D('',#11096,#8907,#8908);
#7978=AXIS2_PLACEMENT_3D('',#11105,#8914,#8915);
#7979=AXIS2_PLACEMENT_3D('',#11119,#8923,#8924);
#7980=AXIS2_PLACEMENT_3D('',#11150,#8943,#8944);
#7981=AXIS2_PLACEMENT_3D('',#11153,#8946,#8947);
#7982=AXIS2_PLACEMENT_3D('',#11154,#8948,#8949);
#7983=AXIS2_PLACEMENT_3D('',#11155,#8950,#8951);
#7984=AXIS2_PLACEMENT_3D('',#11157,#8952,#8953);
#7985=AXIS2_PLACEMENT_3D('',#11158,#8954,#8955);
#7986=AXIS2_PLACEMENT_3D('',#11160,#8956,#8957);
#7987=AXIS2_PLACEMENT_3D('',#11167,#8962,#8963);
#7988=AXIS2_PLACEMENT_3D('',#11174,#8968,#8969);
#7989=AXIS2_PLACEMENT_3D('',#11178,#8973,#8974);
#7990=AXIS2_PLACEMENT_3D('',#11184,#8978,#8979);
#7991=AXIS2_PLACEMENT_3D('',#11190,#8983,#8984);
#7992=AXIS2_PLACEMENT_3D('',#11191,#8985,#8986);
#7993=AXIS2_PLACEMENT_3D('',#11192,#8987,#8988);
#7994=AXIS2_PLACEMENT_3D('',#11193,#8989,#8990);
#7995=AXIS2_PLACEMENT_3D('',#11194,#8991,#8992);
#7996=AXIS2_PLACEMENT_3D('',#11195,#8993,#8994);
#7997=AXIS2_PLACEMENT_3D('',#11196,#8995,#8996);
#7998=AXIS2_PLACEMENT_3D('',#11197,#8997,#8998);
#7999=AXIS2_PLACEMENT_3D('',#11198,#8999,#9000);
#8000=AXIS2_PLACEMENT_3D('',#11199,#9001,#9002);
#8001=AXIS2_PLACEMENT_3D('',#11200,#9003,#9004);
#8002=AXIS2_PLACEMENT_3D('',#11207,#9008,#9009);
#8003=AXIS2_PLACEMENT_3D('',#11211,#9011,#9012);
#8004=AXIS2_PLACEMENT_3D('',#11214,#9014,#9015);
#8005=AXIS2_PLACEMENT_3D('',#11220,#9019,#9020);
#8006=AXIS2_PLACEMENT_3D('',#11223,#9023,#9024);
#8007=AXIS2_PLACEMENT_3D('',#11229,#9028,#9029);
#8008=AXIS2_PLACEMENT_3D('',#11233,#9032,#9033);
#8009=AXIS2_PLACEMENT_3D('',#11237,#9036,#9037);
#8010=AXIS2_PLACEMENT_3D('',#11238,#9038,#9039);
#8011=AXIS2_PLACEMENT_3D('',#11240,#9040,#9041);
#8012=AXIS2_PLACEMENT_3D('',#11241,#9042,#9043);
#8013=AXIS2_PLACEMENT_3D('',#11243,#9044,#9045);
#8014=AXIS2_PLACEMENT_3D('',#11244,#9046,#9047);
#8015=AXIS2_PLACEMENT_3D('',#11245,#9048,#9049);
#8016=AXIS2_PLACEMENT_3D('',#11246,#9050,#9051);
#8017=AXIS2_PLACEMENT_3D('',#11248,#9053,#9054);
#8018=AXIS2_PLACEMENT_3D('',#11250,#9056,#9057);
#8019=AXIS2_PLACEMENT_3D('',#11253,#9060,#9061);
#8020=AXIS2_PLACEMENT_3D('',#11258,#9062,#9063);
#8021=AXIS2_PLACEMENT_3D('',#11263,#9064,#9065);
#8022=AXIS2_PLACEMENT_3D('',#11268,#9066,#9067);
#8023=AXIS2_PLACEMENT_3D('',#11273,#9068,#9069);
#8024=AXIS2_PLACEMENT_3D('',#11275,#9071,#9072);
#8025=AXIS2_PLACEMENT_3D('',#11277,#9074,#9075);
#8026=AXIS2_PLACEMENT_3D('',#11280,#9078,#9079);
#8027=AXIS2_PLACEMENT_3D('',#11282,#9081,#9082);
#8028=AXIS2_PLACEMENT_3D('',#11284,#9084,#9085);
#8029=AXIS2_PLACEMENT_3D('',#11285,#9086,#9087);
#8030=AXIS2_PLACEMENT_3D('',#11286,#9088,#9089);
#8031=AXIS2_PLACEMENT_3D('',#11287,#9090,#9091);
#8032=AXIS2_PLACEMENT_3D('',#11288,#9092,#9093);
#8033=AXIS2_PLACEMENT_3D('',#11289,#9094,#9095);
#8034=AXIS2_PLACEMENT_3D('',#11290,#9096,#9097);
#8035=AXIS2_PLACEMENT_3D('',#11291,#9098,#9099);
#8036=AXIS2_PLACEMENT_3D('',#11292,#9100,#9101);
#8037=AXIS2_PLACEMENT_3D('',#11293,#9102,#9103);
#8038=AXIS2_PLACEMENT_3D('',#11294,#9104,#9105);
#8039=AXIS2_PLACEMENT_3D('',#11295,#9106,#9107);
#8040=AXIS2_PLACEMENT_3D('',#11296,#9108,#9109);
#8041=AXIS2_PLACEMENT_3D('',#11297,#9110,#9111);
#8042=AXIS2_PLACEMENT_3D('',#11298,#9112,#9113);
#8043=AXIS2_PLACEMENT_3D('',#11299,#9114,#9115);
#8044=AXIS2_PLACEMENT_3D('',#11301,#9116,#9117);
#8045=AXIS2_PLACEMENT_3D('',#11302,#9118,#9119);
#8046=AXIS2_PLACEMENT_3D('',#11304,#9120,#9121);
#8047=AXIS2_PLACEMENT_3D('',#11305,#9122,#9123);
#8048=AXIS2_PLACEMENT_3D('',#11307,#9124,#9125);
#8049=AXIS2_PLACEMENT_3D('',#11308,#9126,#9127);
#8050=AXIS2_PLACEMENT_3D('',#11310,#9128,#9129);
#8051=AXIS2_PLACEMENT_3D('',#11311,#9130,#9131);
#8052=AXIS2_PLACEMENT_3D('',#11312,#9132,#9133);
#8053=AXIS2_PLACEMENT_3D('',#11315,#9136,#9137);
#8054=AXIS2_PLACEMENT_3D('',#11318,#9140,#9141);
#8055=AXIS2_PLACEMENT_3D('',#11320,#9143,#9144);
#8056=AXIS2_PLACEMENT_3D('',#11322,#9146,#9147);
#8057=AXIS2_PLACEMENT_3D('',#11323,#9148,#9149);
#8058=AXIS2_PLACEMENT_3D('',#11324,#9150,#9151);
#8059=AXIS2_PLACEMENT_3D('',#11326,#9153,#9154);
#8060=AXIS2_PLACEMENT_3D('',#11328,#9156,#9157);
#8061=AXIS2_PLACEMENT_3D('',#11329,#9158,#9159);
#8062=AXIS2_PLACEMENT_3D('',#11331,#9161,#9162);
#8063=AXIS2_PLACEMENT_3D('',#11332,#9163,#9164);
#8064=AXIS2_PLACEMENT_3D('',#11334,#9166,#9167);
#8065=AXIS2_PLACEMENT_3D('',#11335,#9168,#9169);
#8066=AXIS2_PLACEMENT_3D('',#11336,#9170,#9171);
#8067=AXIS2_PLACEMENT_3D('',#11340,#9174,#9175);
#8068=AXIS2_PLACEMENT_3D('',#11344,#9177,#9178);
#8069=AXIS2_PLACEMENT_3D('',#11346,#9180,#9181);
#8070=AXIS2_PLACEMENT_3D('',#11357,#9187,#9188);
#8071=AXIS2_PLACEMENT_3D('',#11358,#9189,#9190);
#8072=AXIS2_PLACEMENT_3D('',#11365,#9194,#9195);
#8073=AXIS2_PLACEMENT_3D('',#11367,#9197,#9198);
#8074=AXIS2_PLACEMENT_3D('',#11373,#9202,#9203);
#8075=AXIS2_PLACEMENT_3D('',#11377,#9206,#9207);
#8076=AXIS2_PLACEMENT_3D('',#11383,#9211,#9212);
#8077=AXIS2_PLACEMENT_3D('',#11387,#9215,#9216);
#8078=AXIS2_PLACEMENT_3D('',#11388,#9217,#9218);
#8079=AXIS2_PLACEMENT_3D('',#11389,#9219,#9220);
#8080=AXIS2_PLACEMENT_3D('',#11390,#9221,#9222);
#8081=AXIS2_PLACEMENT_3D('',#11391,#9223,#9224);
#8082=AXIS2_PLACEMENT_3D('',#11392,#9225,#9226);
#8083=AXIS2_PLACEMENT_3D('',#11393,#9227,#9228);
#8084=AXIS2_PLACEMENT_3D('',#11397,#9232,#9233);
#8085=AXIS2_PLACEMENT_3D('',#11399,#9235,#9236);
#8086=AXIS2_PLACEMENT_3D('',#11403,#9240,#9241);
#8087=AXIS2_PLACEMENT_3D('',#11405,#9243,#9244);
#8088=AXIS2_PLACEMENT_3D('',#11411,#9249,#9250);
#8089=AXIS2_PLACEMENT_3D('',#11417,#9255,#9256);
#8090=AXIS2_PLACEMENT_3D('',#11418,#9257,#9258);
#8091=AXIS2_PLACEMENT_3D('',#11419,#9259,#9260);
#8092=AXIS2_PLACEMENT_3D('',#11420,#9261,#9262);
#8093=AXIS2_PLACEMENT_3D('',#11421,#9263,#9264);
#8094=AXIS2_PLACEMENT_3D('',#11423,#9266,#9267);
#8095=AXIS2_PLACEMENT_3D('',#11425,#9269,#9270);
#8096=AXIS2_PLACEMENT_3D('',#11427,#9272,#9273);
#8097=AXIS2_PLACEMENT_3D('',#11429,#9275,#9276);
#8098=AXIS2_PLACEMENT_3D('',#11430,#9277,#9278);
#8099=AXIS2_PLACEMENT_3D('',#11433,#9281,#9282);
#8100=AXIS2_PLACEMENT_3D('',#11435,#9284,#9285);
#8101=AXIS2_PLACEMENT_3D('',#11436,#9286,#9287);
#8102=AXIS2_PLACEMENT_3D('',#11439,#9290,#9291);
#8103=AXIS2_PLACEMENT_3D('',#11441,#9293,#9294);
#8104=AXIS2_PLACEMENT_3D('',#11442,#9295,#9296);
#8105=AXIS2_PLACEMENT_3D('',#11448,#9297,#9298);
#8106=AXIS2_PLACEMENT_3D('',#11449,#9299,#9300);
#8107=AXIS2_PLACEMENT_3D('',#11455,#9301,#9302);
#8108=AXIS2_PLACEMENT_3D('',#11456,#9303,#9304);
#8109=AXIS2_PLACEMENT_3D('',#11457,#9305,#9306);
#8110=AXIS2_PLACEMENT_3D('',#11458,#9307,#9308);
#8111=AXIS2_PLACEMENT_3D('',#11459,#9309,#9310);
#8112=AXIS2_PLACEMENT_3D('',#11460,#9311,#9312);
#8113=AXIS2_PLACEMENT_3D('',#11461,#9313,#9314);
#8114=AXIS2_PLACEMENT_3D('',#11462,#9315,#9316);
#8115=AXIS2_PLACEMENT_3D('',#11464,#9318,#9319);
#8116=AXIS2_PLACEMENT_3D('',#11466,#9321,#9322);
#8117=AXIS2_PLACEMENT_3D('',#11468,#9324,#9325);
#8118=AXIS2_PLACEMENT_3D('',#11470,#9327,#9328);
#8119=AXIS2_PLACEMENT_3D('',#11471,#9329,#9330);
#8120=AXIS2_PLACEMENT_3D('',#11472,#9331,#9332);
#8121=AXIS2_PLACEMENT_3D('',#11474,#9334,#9335);
#8122=AXIS2_PLACEMENT_3D('',#11476,#9337,#9338);
#8123=AXIS2_PLACEMENT_3D('',#11478,#9340,#9341);
#8124=AXIS2_PLACEMENT_3D('',#11480,#9343,#9344);
#8125=AXIS2_PLACEMENT_3D('',#11482,#9346,#9347);
#8126=AXIS2_PLACEMENT_3D('',#11483,#9348,#9349);
#8127=AXIS2_PLACEMENT_3D('',#11485,#9351,#9352);
#8128=AXIS2_PLACEMENT_3D('',#11486,#9353,#9354);
#8129=AXIS2_PLACEMENT_3D('',#11490,#9358,#9359);
#8130=AXIS2_PLACEMENT_3D('',#11494,#9363,#9364);
#8131=AXIS2_PLACEMENT_3D('',#11495,#9365,#9366);
#8132=AXIS2_PLACEMENT_3D('',#11496,#9367,#9368);
#8133=AXIS2_PLACEMENT_3D('',#11497,#9369,#9370);
#8134=AXIS2_PLACEMENT_3D('',#11498,#9371,#9372);
#8135=AXIS2_PLACEMENT_3D('',#11499,#9373,#9374);
#8136=AXIS2_PLACEMENT_3D('',#11511,#9377,#9378);
#8137=AXIS2_PLACEMENT_3D('',#11513,#9380,#9381);
#8138=AXIS2_PLACEMENT_3D('',#11515,#9383,#9384);
#8139=AXIS2_PLACEMENT_3D('',#11517,#9386,#9387);
#8140=AXIS2_PLACEMENT_3D('',#11538,#9388,#9389);
#8141=AXIS2_PLACEMENT_3D('',#11540,#9391,#9392);
#8142=AXIS2_PLACEMENT_3D('',#11552,#9395,#9396);
#8143=AXIS2_PLACEMENT_3D('',#11554,#9398,#9399);
#8144=AXIS2_PLACEMENT_3D('',#11556,#9401,#9402);
#8145=AXIS2_PLACEMENT_3D('',#11558,#9404,#9405);
#8146=AXIS2_PLACEMENT_3D('',#11579,#9406,#9407);
#8147=AXIS2_PLACEMENT_3D('',#11581,#9409,#9410);
#8148=AXIS2_PLACEMENT_3D('',#11583,#9412,#9413);
#8149=AXIS2_PLACEMENT_3D('',#11584,#9414,#9415);
#8150=AXIS2_PLACEMENT_3D('',#11586,#9417,#9418);
#8151=AXIS2_PLACEMENT_3D('',#11587,#9419,#9420);
#8152=AXIS2_PLACEMENT_3D('',#11588,#9421,#9422);
#8153=AXIS2_PLACEMENT_3D('',#11597,#9427,#9428);
#8154=AXIS2_PLACEMENT_3D('',#11603,#9432,#9433);
#8155=AXIS2_PLACEMENT_3D('',#11609,#9437,#9438);
#8156=AXIS2_PLACEMENT_3D('',#11612,#9441,#9442);
#8157=AXIS2_PLACEMENT_3D('',#11613,#9443,#9444);
#8158=AXIS2_PLACEMENT_3D('',#11614,#9445,#9446);
#8159=AXIS2_PLACEMENT_3D('',#11615,#9447,#9448);
#8160=AXIS2_PLACEMENT_3D('',#11616,#9449,#9450);
#8161=AXIS2_PLACEMENT_3D('',#11617,#9451,#9452);
#8162=AXIS2_PLACEMENT_3D('',#11619,#9453,#9454);
#8163=AXIS2_PLACEMENT_3D('',#11621,#9455,#9456);
#8164=AXIS2_PLACEMENT_3D('',#11622,#9457,#9458);
#8165=AXIS2_PLACEMENT_3D('',#11624,#9459,#9460);
#8166=AXIS2_PLACEMENT_3D('',#11626,#9461,#9462);
#8167=AXIS2_PLACEMENT_3D('',#11627,#9463,#9464);
#8168=AXIS2_PLACEMENT_3D('',#11629,#9465,#9466);
#8169=AXIS2_PLACEMENT_3D('',#11631,#9467,#9468);
#8170=AXIS2_PLACEMENT_3D('',#11632,#9469,#9470);
#8171=AXIS2_PLACEMENT_3D('',#11633,#9471,#9472);
#8172=AXIS2_PLACEMENT_3D('',#11634,#9473,#9474);
#8173=AXIS2_PLACEMENT_3D('',#11636,#9475,#9476);
#8174=AXIS2_PLACEMENT_3D('',#11637,#9477,#9478);
#8175=AXIS2_PLACEMENT_3D('',#11638,#9479,#9480);
#8176=AXIS2_PLACEMENT_3D('',#11639,#9481,#9482);
#8177=AXIS2_PLACEMENT_3D('',#11640,#9483,#9484);
#8178=AXIS2_PLACEMENT_3D('',#11641,#9485,#9486);
#8179=AXIS2_PLACEMENT_3D('',#11642,#9487,#9488);
#8180=AXIS2_PLACEMENT_3D('',#11645,#9489,#9490);
#8181=AXIS2_PLACEMENT_3D('',#11647,#9491,#9492);
#8182=AXIS2_PLACEMENT_3D('',#11649,#9493,#9494);
#8183=AXIS2_PLACEMENT_3D('',#11651,#9495,#9496);
#8184=AXIS2_PLACEMENT_3D('',#11653,#9497,#9498);
#8185=AXIS2_PLACEMENT_3D('',#11655,#9499,#9500);
#8186=AXIS2_PLACEMENT_3D('',#11657,#9501,#9502);
#8187=AXIS2_PLACEMENT_3D('',#11659,#9503,#9504);
#8188=AXIS2_PLACEMENT_3D('',#11661,#9505,#9506);
#8189=AXIS2_PLACEMENT_3D('',#11663,#9507,#9508);
#8190=AXIS2_PLACEMENT_3D('',#11666,#9510,#9511);
#8191=AXIS2_PLACEMENT_3D('',#11668,#9512,#9513);
#8192=AXIS2_PLACEMENT_3D('',#11670,#9514,#9515);
#8193=AXIS2_PLACEMENT_3D('',#11672,#9516,#9517);
#8194=AXIS2_PLACEMENT_3D('',#11674,#9518,#9519);
#8195=AXIS2_PLACEMENT_3D('',#11676,#9520,#9521);
#8196=AXIS2_PLACEMENT_3D('',#11678,#9522,#9523);
#8197=AXIS2_PLACEMENT_3D('',#11680,#9524,#9525);
#8198=AXIS2_PLACEMENT_3D('',#11682,#9526,#9527);
#8199=AXIS2_PLACEMENT_3D('',#11684,#9528,#9529);
#8200=AXIS2_PLACEMENT_3D('',#11686,#9530,#9531);
#8201=AXIS2_PLACEMENT_3D('',#11687,#9532,#9533);
#8202=AXIS2_PLACEMENT_3D('',#11688,#9534,#9535);
#8203=AXIS2_PLACEMENT_3D('',#11691,#9536,#9537);
#8204=AXIS2_PLACEMENT_3D('',#11693,#9538,#9539);
#8205=AXIS2_PLACEMENT_3D('',#11695,#9540,#9541);
#8206=AXIS2_PLACEMENT_3D('',#11697,#9542,#9543);
#8207=AXIS2_PLACEMENT_3D('',#11699,#9544,#9545);
#8208=AXIS2_PLACEMENT_3D('',#11701,#9546,#9547);
#8209=AXIS2_PLACEMENT_3D('',#11703,#9548,#9549);
#8210=AXIS2_PLACEMENT_3D('',#11705,#9550,#9551);
#8211=AXIS2_PLACEMENT_3D('',#11707,#9552,#9553);
#8212=AXIS2_PLACEMENT_3D('',#11709,#9554,#9555);
#8213=AXIS2_PLACEMENT_3D('',#11712,#9557,#9558);
#8214=AXIS2_PLACEMENT_3D('',#11713,#9559,#9560);
#8215=AXIS2_PLACEMENT_3D('',#11714,#9561,#9562);
#8216=AXIS2_PLACEMENT_3D('',#11716,#9563,#9564);
#8217=AXIS2_PLACEMENT_3D('',#11719,#9566,#9567);
#8218=AXIS2_PLACEMENT_3D('',#11721,#9568,#9569);
#8219=AXIS2_PLACEMENT_3D('',#11722,#9570,#9571);
#8220=AXIS2_PLACEMENT_3D('',#11725,#9573,#9574);
#8221=AXIS2_PLACEMENT_3D('',#12243,#9575,#9576);
#8222=AXIS2_PLACEMENT_3D('',#12278,#9578,#9579);
#8223=AXIS2_PLACEMENT_3D('',#12295,#9580,#9581);
#8224=AXIS2_PLACEMENT_3D('',#12296,#9582,#9583);
#8225=AXIS2_PLACEMENT_3D('',#12297,#9584,#9585);
#8226=AXIS2_PLACEMENT_3D('',#12298,#9586,#9587);
#8227=AXIS2_PLACEMENT_3D('',#12762,#9588,#9589);
#8228=AXIS2_PLACEMENT_3D('',#12764,#9591,#9592);
#8229=AXIS2_PLACEMENT_3D('',#12766,#9593,#9594);
#8230=AXIS2_PLACEMENT_3D('',#12767,#9595,#9596);
#8231=AXIS2_PLACEMENT_3D('',#12821,#9601,#9602);
#8232=AXIS2_PLACEMENT_3D('',#12833,#9603,#9604);
#8233=AXIS2_PLACEMENT_3D('',#12834,#9605,#9606);
#8234=AXIS2_PLACEMENT_3D('',#12837,#9608,#9609);
#8235=AXIS2_PLACEMENT_3D('',#12840,#9611,#9612);
#8236=AXIS2_PLACEMENT_3D('',#12843,#9614,#9615);
#8237=AXIS2_PLACEMENT_3D('',#12844,#9616,#9617);
#8238=AXIS2_PLACEMENT_3D('',#12850,#9618,#9619);
#8239=AXIS2_PLACEMENT_3D('',#12856,#9620,#9621);
#8240=AXIS2_PLACEMENT_3D('',#12862,#9622,#9623);
#8241=AXIS2_PLACEMENT_3D('',#12902,#9626,#9627);
#8242=AXIS2_PLACEMENT_3D('',#12905,#9629,#9630);
#8243=AXIS2_PLACEMENT_3D('',#12908,#9632,#9633);
#8244=AXIS2_PLACEMENT_3D('',#12914,#9634,#9635);
#8245=AXIS2_PLACEMENT_3D('',#12959,#9638,#9639);
#8246=AXIS2_PLACEMENT_3D('',#12962,#9641,#9642);
#8247=AXIS2_PLACEMENT_3D('',#12965,#9644,#9645);
#8248=AXIS2_PLACEMENT_3D('',#12971,#9646,#9647);
#8249=AXIS2_PLACEMENT_3D('',#13016,#9650,#9651);
#8250=AXIS2_PLACEMENT_3D('',#13019,#9653,#9654);
#8251=AXIS2_PLACEMENT_3D('',#13022,#9656,#9657);
#8252=AXIS2_PLACEMENT_3D('',#13028,#9658,#9659);
#8253=AXIS2_PLACEMENT_3D('',#13073,#9662,#9663);
#8254=AXIS2_PLACEMENT_3D('',#13076,#9665,#9666);
#8255=AXIS2_PLACEMENT_3D('',#13079,#9668,#9669);
#8256=AXIS2_PLACEMENT_3D('',#13085,#9670,#9671);
#8257=AXIS2_PLACEMENT_3D('',#13130,#9674,#9675);
#8258=AXIS2_PLACEMENT_3D('',#13133,#9677,#9678);
#8259=AXIS2_PLACEMENT_3D('',#13136,#9680,#9681);
#8260=AXIS2_PLACEMENT_3D('',#13142,#9682,#9683);
#8261=AXIS2_PLACEMENT_3D('',#13187,#9686,#9687);
#8262=AXIS2_PLACEMENT_3D('',#13190,#9689,#9690);
#8263=AXIS2_PLACEMENT_3D('',#13193,#9692,#9693);
#8264=AXIS2_PLACEMENT_3D('',#13199,#9694,#9695);
#8265=AXIS2_PLACEMENT_3D('',#13244,#9698,#9699);
#8266=AXIS2_PLACEMENT_3D('',#13247,#9701,#9702);
#8267=AXIS2_PLACEMENT_3D('',#13250,#9704,#9705);
#8268=AXIS2_PLACEMENT_3D('',#13256,#9706,#9707);
#8269=AXIS2_PLACEMENT_3D('',#13301,#9710,#9711);
#8270=AXIS2_PLACEMENT_3D('',#13306,#9714,#9715);
#8271=AXIS2_PLACEMENT_3D('',#13307,#9716,#9717);
#8272=AXIS2_PLACEMENT_3D('',#13310,#9719,#9720);
#8273=AXIS2_PLACEMENT_3D('',#13311,#9721,#9722);
#8274=AXIS2_PLACEMENT_3D('',#13317,#9723,#9724);
#8275=AXIS2_PLACEMENT_3D('',#13318,#9725,#9726);
#8276=AXIS2_PLACEMENT_3D('',#13433,#9730,#9731);
#8277=AXIS2_PLACEMENT_3D('',#13440,#9732,#9733);
#8278=AXIS2_PLACEMENT_3D('',#13441,#9734,#9735);
#8279=AXIS2_PLACEMENT_3D('',#13446,#9736,#9737);
#8280=AXIS2_PLACEMENT_3D('',#13451,#9740,#9741);
#8281=AXIS2_PLACEMENT_3D('',#13521,#9742,#9743);
#8282=AXIS2_PLACEMENT_3D('',#13528,#9744,#9745);
#8283=AXIS2_PLACEMENT_3D('',#13529,#9746,#9747);
#8284=AXIS2_PLACEMENT_3D('',#13534,#9748,#9749);
#8285=AXIS2_PLACEMENT_3D('',#13539,#9752,#9753);
#8286=AXIS2_PLACEMENT_3D('',#13609,#9754,#9755);
#8287=AXIS2_PLACEMENT_3D('',#13616,#9756,#9757);
#8288=AXIS2_PLACEMENT_3D('',#13617,#9758,#9759);
#8289=AXIS2_PLACEMENT_3D('',#13622,#9760,#9761);
#8290=AXIS2_PLACEMENT_3D('',#13627,#9764,#9765);
#8291=AXIS2_PLACEMENT_3D('',#13699,#9766,#9767);
#8292=AXIS2_PLACEMENT_3D('',#13706,#9768,#9769);
#8293=AXIS2_PLACEMENT_3D('',#13707,#9770,#9771);
#8294=AXIS2_PLACEMENT_3D('',#13712,#9772,#9773);
#8295=AXIS2_PLACEMENT_3D('',#13717,#9776,#9777);
#8296=AXIS2_PLACEMENT_3D('',#13787,#9778,#9779);
#8297=AXIS2_PLACEMENT_3D('',#13794,#9780,#9781);
#8298=AXIS2_PLACEMENT_3D('',#13795,#9782,#9783);
#8299=AXIS2_PLACEMENT_3D('',#13800,#9784,#9785);
#8300=AXIS2_PLACEMENT_3D('',#13805,#9788,#9789);
#8301=AXIS2_PLACEMENT_3D('',#13875,#9790,#9791);
#8302=AXIS2_PLACEMENT_3D('',#13882,#9792,#9793);
#8303=AXIS2_PLACEMENT_3D('',#13883,#9794,#9795);
#8304=AXIS2_PLACEMENT_3D('',#13888,#9796,#9797);
#8305=AXIS2_PLACEMENT_3D('',#13893,#9800,#9801);
#8306=AXIS2_PLACEMENT_3D('',#13963,#9802,#9803);
#8307=AXIS2_PLACEMENT_3D('',#13970,#9804,#9805);
#8308=AXIS2_PLACEMENT_3D('',#13971,#9806,#9807);
#8309=AXIS2_PLACEMENT_3D('',#13976,#9808,#9809);
#8310=AXIS2_PLACEMENT_3D('',#13981,#9812,#9813);
#8311=AXIS2_PLACEMENT_3D('',#14051,#9814,#9815);
#8312=AXIS2_PLACEMENT_3D('',#14058,#9816,#9817);
#8313=AXIS2_PLACEMENT_3D('',#14059,#9818,#9819);
#8314=AXIS2_PLACEMENT_3D('',#14064,#9820,#9821);
#8315=AXIS2_PLACEMENT_3D('',#14069,#9824,#9825);
#8316=AXIS2_PLACEMENT_3D('',#14140,#9826,#9827);
#8317=AXIS2_PLACEMENT_3D('',#14147,#9828,#9829);
#8318=AXIS2_PLACEMENT_3D('',#14148,#9830,#9831);
#8319=AXIS2_PLACEMENT_3D('',#14154,#9832,#9833);
#8320=AXIS2_PLACEMENT_3D('',#14155,#9834,#9835);
#8321=AXIS2_PLACEMENT_3D('',#14160,#9836,#9837);
#8322=AXIS2_PLACEMENT_3D('',#14222,#9839,#9840);
#8323=AXIS2_PLACEMENT_3D('',#14225,#9843,#9844);
#8324=AXIS2_PLACEMENT_3D('',#14228,#9847,#9848);
#8325=AXIS2_PLACEMENT_3D('',#14229,#9849,#9850);
#8326=AXIS2_PLACEMENT_3D('',#14231,#9852,#9853);
#8327=AXIS2_PLACEMENT_3D('',#14233,#9855,#9856);
#8328=AXIS2_PLACEMENT_3D('',#14235,#9858,#9859);
#8329=AXIS2_PLACEMENT_3D('',#14237,#9861,#9862);
#8330=AXIS2_PLACEMENT_3D('',#14239,#9864,#9865);
#8331=AXIS2_PLACEMENT_3D('',#14240,#9866,#9867);
#8332=AXIS2_PLACEMENT_3D('',#14241,#9868,#9869);
#8333=AXIS2_PLACEMENT_3D('',#14243,#9871,#9872);
#8334=AXIS2_PLACEMENT_3D('',#14245,#9874,#9875);
#8335=AXIS2_PLACEMENT_3D('',#14247,#9877,#9878);
#8336=AXIS2_PLACEMENT_3D('',#14249,#9880,#9881);
#8337=AXIS2_PLACEMENT_3D('',#14251,#9883,#9884);
#8338=AXIS2_PLACEMENT_3D('',#14253,#9886,#9887);
#8339=AXIS2_PLACEMENT_3D('',#14254,#9888,#9889);
#8340=AXIS2_PLACEMENT_3D('',#14255,#9890,#9891);
#8341=AXIS2_PLACEMENT_3D('',#14256,#9892,#9893);
#8342=AXIS2_PLACEMENT_3D('',#14257,#9894,#9895);
#8343=AXIS2_PLACEMENT_3D('',#14260,#9896,#9897);
#8344=AXIS2_PLACEMENT_3D('',#14263,#9899,#9900);
#8345=AXIS2_PLACEMENT_3D('',#14265,#9901,#9902);
#8346=AXIS2_PLACEMENT_3D('',#14266,#9903,#9904);
#8347=AXIS2_PLACEMENT_3D('',#14267,#9905,#9906);
#8348=AXIS2_PLACEMENT_3D('',#14271,#9908,#9909);
#8349=AXIS2_PLACEMENT_3D('',#14272,#9910,#9911);
#8350=AXIS2_PLACEMENT_3D('',#14275,#9913,#9914);
#8351=AXIS2_PLACEMENT_3D('',#14276,#9915,#9916);
#8352=AXIS2_PLACEMENT_3D('',#14279,#9918,#9919);
#8353=AXIS2_PLACEMENT_3D('',#14280,#9920,#9921);
#8354=AXIS2_PLACEMENT_3D('',#14293,#9928,#9929);
#8355=AXIS2_PLACEMENT_3D('',#14299,#9933,#9934);
#8356=AXIS2_PLACEMENT_3D('',#14303,#9937,#9938);
#8357=AXIS2_PLACEMENT_3D('',#14307,#9941,#9942);
#8358=AXIS2_PLACEMENT_3D('',#14313,#9946,#9947);
#8359=AXIS2_PLACEMENT_3D('',#14315,#9949,#9950);
#8360=AXIS2_PLACEMENT_3D('',#14317,#9952,#9953);
#8361=AXIS2_PLACEMENT_3D('',#14325,#9958,#9959);
#8362=AXIS2_PLACEMENT_3D('',#14331,#9963,#9964);
#8363=AXIS2_PLACEMENT_3D('',#14337,#9968,#9969);
#8364=AXIS2_PLACEMENT_3D('',#14338,#9970,#9971);
#8365=AXIS2_PLACEMENT_3D('',#14339,#9972,#9973);
#8366=AXIS2_PLACEMENT_3D('',#14340,#9974,#9975);
#8367=AXIS2_PLACEMENT_3D('',#14343,#9977,#9978);
#8368=AXIS2_PLACEMENT_3D('',#14344,#9979,#9980);
#8369=AXIS2_PLACEMENT_3D('',#14349,#9983,#9984);
#8370=AXIS2_PLACEMENT_3D('',#14350,#9985,#9986);
#8371=AXIS2_PLACEMENT_3D('',#14355,#9989,#9990);
#8372=AXIS2_PLACEMENT_3D('',#14356,#9991,#9992);
#8373=AXIS2_PLACEMENT_3D('',#14358,#9994,#9995);
#8374=AXIS2_PLACEMENT_3D('',#14359,#9996,#9997);
#8375=AXIS2_PLACEMENT_3D('',#14360,#9998,#9999);
#8376=AXIS2_PLACEMENT_3D('',#14362,#10001,#10002);
#8377=AXIS2_PLACEMENT_3D('',#14364,#10004,#10005);
#8378=AXIS2_PLACEMENT_3D('',#14365,#10006,#10007);
#8379=AXIS2_PLACEMENT_3D('',#14366,#10008,#10009);
#8380=AXIS2_PLACEMENT_3D('',#14369,#10011,#10012);
#8381=AXIS2_PLACEMENT_3D('',#14370,#10013,#10014);
#8382=AXIS2_PLACEMENT_3D('',#14372,#10015,#10016);
#8383=AXIS2_PLACEMENT_3D('',#14373,#10017,#10018);
#8384=AXIS2_PLACEMENT_3D('',#14375,#10019,#10020);
#8385=AXIS2_PLACEMENT_3D('',#14376,#10021,#10022);
#8386=AXIS2_PLACEMENT_3D('',#14378,#10023,#10024);
#8387=AXIS2_PLACEMENT_3D('',#14380,#10026,#10027);
#8388=AXIS2_PLACEMENT_3D('',#14381,#10028,#10029);
#8389=AXIS2_PLACEMENT_3D('',#14382,#10030,#10031);
#8390=AXIS2_PLACEMENT_3D('',#14383,#10032,#10033);
#8391=AXIS2_PLACEMENT_3D('',#14384,#10034,#10035);
#8392=AXIS2_PLACEMENT_3D('',#14385,#10036,#10037);
#8393=AXIS2_PLACEMENT_3D('',#14386,#10038,#10039);
#8394=AXIS2_PLACEMENT_3D('',#14388,#10040,#10041);
#8395=AXIS2_PLACEMENT_3D('',#14389,#10042,#10043);
#8396=AXIS2_PLACEMENT_3D('',#14391,#10044,#10045);
#8397=AXIS2_PLACEMENT_3D('',#14393,#10046,#10047);
#8398=AXIS2_PLACEMENT_3D('',#14394,#10048,#10049);
#8399=AXIS2_PLACEMENT_3D('',#14396,#10050,#10051);
#8400=AXIS2_PLACEMENT_3D('',#14398,#10052,#10053);
#8401=AXIS2_PLACEMENT_3D('',#14400,#10054,#10055);
#8402=AXIS2_PLACEMENT_3D('',#14403,#10056,#10057);
#8403=AXIS2_PLACEMENT_3D('',#14405,#10058,#10059);
#8404=AXIS2_PLACEMENT_3D('',#14407,#10060,#10061);
#8405=AXIS2_PLACEMENT_3D('',#14409,#10062,#10063);
#8406=AXIS2_PLACEMENT_3D('',#14411,#10064,#10065);
#8407=AXIS2_PLACEMENT_3D('',#14412,#10066,#10067);
#8408=AXIS2_PLACEMENT_3D('',#14413,#10068,#10069);
#8409=AXIS2_PLACEMENT_3D('',#14415,#10070,#10071);
#8410=AXIS2_PLACEMENT_3D('',#14419,#10074,#10075);
#8411=AXIS2_PLACEMENT_3D('',#14423,#10078,#10079);
#8412=AXIS2_PLACEMENT_3D('',#14427,#10082,#10083);
#8413=AXIS2_PLACEMENT_3D('',#14431,#10086,#10087);
#8414=AXIS2_PLACEMENT_3D('',#14435,#10090,#10091);
#8415=AXIS2_PLACEMENT_3D('',#14439,#10094,#10095);
#8416=AXIS2_PLACEMENT_3D('',#14452,#10102,#10103);
#8417=AXIS2_PLACEMENT_3D('',#14453,#10104,#10105);
#8418=AXIS2_PLACEMENT_3D('',#14456,#10108,#10109);
#8419=AXIS2_PLACEMENT_3D('',#14458,#10111,#10112);
#8420=AXIS2_PLACEMENT_3D('',#14460,#10114,#10115);
#8421=AXIS2_PLACEMENT_3D('',#14462,#10117,#10118);
#8422=AXIS2_PLACEMENT_3D('',#14464,#10120,#10121);
#8423=AXIS2_PLACEMENT_3D('',#14465,#10122,#10123);
#8424=AXIS2_PLACEMENT_3D('',#14466,#10124,#10125);
#8425=AXIS2_PLACEMENT_3D('',#14467,#10126,#10127);
#8426=AXIS2_PLACEMENT_3D('',#14468,#10128,#10129);
#8427=AXIS2_PLACEMENT_3D('',#14477,#10134,#10135);
#8428=AXIS2_PLACEMENT_3D('',#14491,#10136,#10137);
#8429=AXIS2_PLACEMENT_3D('',#14492,#10138,#10139);
#8430=AXIS2_PLACEMENT_3D('',#14493,#10140,#10141);
#8431=AXIS2_PLACEMENT_3D('',#14502,#10146,#10147);
#8432=AXIS2_PLACEMENT_3D('',#14516,#10148,#10149);
#8433=AXIS2_PLACEMENT_3D('',#14517,#10150,#10151);
#8434=AXIS2_PLACEMENT_3D('',#14518,#10152,#10153);
#8435=AXIS2_PLACEMENT_3D('',#14551,#10163,#10164);
#8436=AXIS2_PLACEMENT_3D('',#14560,#10169,#10170);
#8437=AXIS2_PLACEMENT_3D('',#14561,#10171,#10172);
#8438=AXIS2_PLACEMENT_3D('',#14562,#10173,#10174);
#8439=AXIS2_PLACEMENT_3D('',#14563,#10175,#10176);
#8440=AXIS2_PLACEMENT_3D('',#14564,#10177,#10178);
#8441=AXIS2_PLACEMENT_3D('',#14569,#10180,#10181);
#8442=AXIS2_PLACEMENT_3D('',#14572,#10183,#10184);
#8443=AXIS2_PLACEMENT_3D('',#14573,#10185,#10186);
#8444=AXIS2_PLACEMENT_3D('',#14575,#10187,#10188);
#8445=AXIS2_PLACEMENT_3D('',#14579,#10190,#10191);
#8446=AXIS2_PLACEMENT_3D('',#14583,#10193,#10194);
#8447=AXIS2_PLACEMENT_3D('',#14584,#10195,#10196);
#8448=AXIS2_PLACEMENT_3D('',#14590,#10200,#10201);
#8449=AXIS2_PLACEMENT_3D('',#14593,#10203,#10204);
#8450=AXIS2_PLACEMENT_3D('',#14631,#10205,#10206);
#8451=AXIS2_PLACEMENT_3D('',#14632,#10207,#10208);
#8452=AXIS2_PLACEMENT_3D('',#14633,#10209,#10210);
#8453=AXIS2_PLACEMENT_3D('',#14634,#10211,#10212);
#8454=AXIS2_PLACEMENT_3D('',#14637,#10214,#10215);
#8455=AXIS2_PLACEMENT_3D('',#14638,#10216,#10217);
#8456=AXIS2_PLACEMENT_3D('',#14641,#10219,#10220);
#8457=AXIS2_PLACEMENT_3D('',#14642,#10221,#10222);
#8458=AXIS2_PLACEMENT_3D('',#14643,#10223,#10224);
#8459=AXIS2_PLACEMENT_3D('',#14644,#10225,#10226);
#8460=AXIS2_PLACEMENT_3D('',#14645,#10227,#10228);
#8461=AXIS2_PLACEMENT_3D('',#14646,#10229,#10230);
#8462=AXIS2_PLACEMENT_3D('',#14647,#10231,#10232);
#8463=AXIS2_PLACEMENT_3D('',#14685,#10233,#10234);
#8464=AXIS2_PLACEMENT_3D('',#14686,#10235,#10236);
#8465=AXIS2_PLACEMENT_3D('',#14687,#10237,#10238);
#8466=AXIS2_PLACEMENT_3D('',#14690,#10239,#10240);
#8467=AXIS2_PLACEMENT_3D('',#14694,#10242,#10243);
#8468=AXIS2_PLACEMENT_3D('',#14695,#10244,#10245);
#8469=AXIS2_PLACEMENT_3D('',#14699,#10248,#10249);
#8470=AXIS2_PLACEMENT_3D('',#14705,#10253,#10254);
#8471=AXIS2_PLACEMENT_3D('',#14708,#10256,#10257);
#8472=AXIS2_PLACEMENT_3D('',#14754,#10258,#10259);
#8473=AXIS2_PLACEMENT_3D('',#14757,#10261,#10262);
#8474=AXIS2_PLACEMENT_3D('',#14758,#10263,#10264);
#8475=AXIS2_PLACEMENT_3D('',#14759,#10265,#10266);
#8476=AXIS2_PLACEMENT_3D('',#14760,#10267,#10268);
#8477=AXIS2_PLACEMENT_3D('',#14761,#10269,#10270);
#8478=AXIS2_PLACEMENT_3D('',#14762,#10271,#10272);
#8479=AXIS2_PLACEMENT_3D('',#14763,#10273,#10274);
#8480=AXIS2_PLACEMENT_3D('',#14764,#10275,#10276);
#8481=AXIS2_PLACEMENT_3D('',#14765,#10277,#10278);
#8482=AXIS2_PLACEMENT_3D('',#14766,#10279,#10280);
#8483=AXIS2_PLACEMENT_3D('',#14767,#10281,#10282);
#8484=AXIS2_PLACEMENT_3D('',#14768,#10283,#10284);
#8485=AXIS2_PLACEMENT_3D('',#14812,#10285,#10286);
#8486=AXIS2_PLACEMENT_3D('',#14813,#10287,#10288);
#8487=AXIS2_PLACEMENT_3D('',#14818,#10292,#10293);
#8488=AXIS2_PLACEMENT_3D('',#14819,#10294,#10295);
#8489=AXIS2_PLACEMENT_3D('',#14820,#10296,#10297);
#8490=AXIS2_PLACEMENT_3D('',#14824,#10300,#10301);
#8491=AXIS2_PLACEMENT_3D('',#14825,#10302,#10303);
#8492=AXIS2_PLACEMENT_3D('',#14826,#10304,#10305);
#8493=AXIS2_PLACEMENT_3D('',#14827,#10306,#10307);
#8494=AXIS2_PLACEMENT_3D('',#14829,#10308,#10309);
#8495=AXIS2_PLACEMENT_3D('',#14832,#10311,#10312);
#8496=AXIS2_PLACEMENT_3D('',#14833,#10313,#10314);
#8497=AXIS2_PLACEMENT_3D('',#14834,#10315,#10316);
#8498=AXIS2_PLACEMENT_3D('',#14836,#10317,#10318);
#8499=AXIS2_PLACEMENT_3D('',#14837,#10319,#10320);
#8500=AXIS2_PLACEMENT_3D('',#14840,#10322,#10323);
#8501=AXIS2_PLACEMENT_3D('',#14842,#10325,#10326);
#8502=AXIS2_PLACEMENT_3D('',#14843,#10327,#10328);
#8503=AXIS2_PLACEMENT_3D('',#14844,#10329,#10330);
#8504=AXIS2_PLACEMENT_3D('',#14853,#10335,#10336);
#8505=AXIS2_PLACEMENT_3D('',#14862,#10341,#10342);
#8506=AXIS2_PLACEMENT_3D('',#14871,#10347,#10348);
#8507=AXIS2_PLACEMENT_3D('',#14880,#10353,#10354);
#8508=AXIS2_PLACEMENT_3D('',#14884,#10356,#10357);
#8509=AXIS2_PLACEMENT_3D('',#14888,#10359,#10360);
#8510=AXIS2_PLACEMENT_3D('',#14892,#10362,#10363);
#8511=AXIS2_PLACEMENT_3D('',#14896,#10365,#10366);
#8512=AXIS2_PLACEMENT_3D('',#14897,#10367,#10368);
#8513=AXIS2_PLACEMENT_3D('',#14899,#10369,#10370);
#8514=AXIS2_PLACEMENT_3D('',#14901,#10371,#10372);
#8515=AXIS2_PLACEMENT_3D('',#14902,#10373,#10374);
#8516=AXIS2_PLACEMENT_3D('',#14904,#10375,#10376);
#8517=AXIS2_PLACEMENT_3D('',#14909,#10378,#10379);
#8518=AXIS2_PLACEMENT_3D('',#14913,#10381,#10382);
#8519=AXIS2_PLACEMENT_3D('',#14917,#10384,#10385);
#8520=AXIS2_PLACEMENT_3D('',#14921,#10387,#10388);
#8521=AXIS2_PLACEMENT_3D('',#14922,#10389,#10390);
#8522=AXIS2_PLACEMENT_3D('',#14923,#10391,#10392);
#8523=AXIS2_PLACEMENT_3D('',#14925,#10393,#10394);
#8524=AXIS2_PLACEMENT_3D('',#14927,#10395,#10396);
#8525=AXIS2_PLACEMENT_3D('',#14928,#10397,#10398);
#8526=AXIS2_PLACEMENT_3D('',#14930,#10399,#10400);
#8527=AXIS2_PLACEMENT_3D('',#14932,#10401,#10402);
#8528=AXIS2_PLACEMENT_3D('',#14933,#10403,#10404);
#8529=AXIS2_PLACEMENT_3D('',#14935,#10405,#10406);
#8530=AXIS2_PLACEMENT_3D('',#14936,#10407,#10408);
#8531=AXIS2_PLACEMENT_3D('',#14937,#10409,#10410);
#8532=AXIS2_PLACEMENT_3D('',#14939,#10411,#10412);
#8533=AXIS2_PLACEMENT_3D('',#14940,#10413,#10414);
#8534=AXIS2_PLACEMENT_3D('',#14941,#10415,#10416);
#8535=AXIS2_PLACEMENT_3D('',#14942,#10417,#10418);
#8536=AXIS2_PLACEMENT_3D('',#14943,#10419,#10420);
#8537=AXIS2_PLACEMENT_3D('',#14944,#10421,#10422);
#8538=AXIS2_PLACEMENT_3D('',#14945,#10423,#10424);
#8539=AXIS2_PLACEMENT_3D('',#14946,#10425,#10426);
#8540=AXIS2_PLACEMENT_3D('',#14947,#10427,#10428);
#8541=AXIS2_PLACEMENT_3D('',#14948,#10429,#10430);
#8542=AXIS2_PLACEMENT_3D('',#14949,#10431,#10432);
#8543=AXIS2_PLACEMENT_3D('',#14950,#10433,#10434);
#8544=AXIS2_PLACEMENT_3D('',#14951,#10435,#10436);
#8545=AXIS2_PLACEMENT_3D('',#14952,#10437,#10438);
#8546=AXIS2_PLACEMENT_3D('',#14955,#10441,#10442);
#8547=AXIS2_PLACEMENT_3D('',#14957,#10444,#10445);
#8548=AXIS2_PLACEMENT_3D('',#14959,#10447,#10448);
#8549=AXIS2_PLACEMENT_3D('',#14961,#10450,#10451);
#8550=AXIS2_PLACEMENT_3D('',#14963,#10453,#10454);
#8551=AXIS2_PLACEMENT_3D('',#14965,#10456,#10457);
#8552=AXIS2_PLACEMENT_3D('',#14967,#10459,#10460);
#8553=AXIS2_PLACEMENT_3D('',#14968,#10461,#10462);
#8554=AXIS2_PLACEMENT_3D('',#14971,#10465,#10466);
#8555=AXIS2_PLACEMENT_3D('',#14973,#10468,#10469);
#8556=AXIS2_PLACEMENT_3D('',#14975,#10471,#10472);
#8557=AXIS2_PLACEMENT_3D('',#14977,#10474,#10475);
#8558=AXIS2_PLACEMENT_3D('',#14979,#10477,#10478);
#8559=AXIS2_PLACEMENT_3D('',#14981,#10480,#10481);
#8560=AXIS2_PLACEMENT_3D('',#14983,#10483,#10484);
#8561=AXIS2_PLACEMENT_3D('',#14984,#10485,#10486);
#8562=AXIS2_PLACEMENT_3D('',#14985,#10487,#10488);
#8563=AXIS2_PLACEMENT_3D('',#14986,#10489,#10490);
#8564=AXIS2_PLACEMENT_3D('',#14987,#10491,#10492);
#8565=AXIS2_PLACEMENT_3D('',#14988,#10493,#10494);
#8566=AXIS2_PLACEMENT_3D('',#14989,#10495,#10496);
#8567=AXIS2_PLACEMENT_3D('',#14998,#10501,#10502);
#8568=AXIS2_PLACEMENT_3D('',#15008,#10508,#10509);
#8569=AXIS2_PLACEMENT_3D('',#15014,#10513,#10514);
#8570=AXIS2_PLACEMENT_3D('',#15021,#10519,#10520);
#8571=AXIS2_PLACEMENT_3D('',#15027,#10524,#10525);
#8572=AXIS2_PLACEMENT_3D('',#15035,#10530,#10531);
#8573=AXIS2_PLACEMENT_3D('',#15043,#10536,#10537);
#8574=AXIS2_PLACEMENT_3D('',#15045,#10539,#10540);
#8575=AXIS2_PLACEMENT_3D('',#15051,#10544,#10545);
#8576=AXIS2_PLACEMENT_3D('',#15055,#10548,#10549);
#8577=AXIS2_PLACEMENT_3D('',#15071,#10558,#10559);
#8578=AXIS2_PLACEMENT_3D('',#15073,#10561,#10562);
#8579=AXIS2_PLACEMENT_3D('',#15079,#10566,#10567);
#8580=AXIS2_PLACEMENT_3D('',#15083,#10570,#10571);
#8581=AXIS2_PLACEMENT_3D('',#15087,#10574,#10575);
#8582=AXIS2_PLACEMENT_3D('',#15089,#10577,#10578);
#8583=AXIS2_PLACEMENT_3D('',#15095,#10582,#10583);
#8584=AXIS2_PLACEMENT_3D('',#15099,#10586,#10587);
#8585=AXIS2_PLACEMENT_3D('',#15103,#10590,#10591);
#8586=AXIS2_PLACEMENT_3D('',#15105,#10593,#10594);
#8587=AXIS2_PLACEMENT_3D('',#15106,#10595,#10596);
#8588=AXIS2_PLACEMENT_3D('',#15107,#10597,#10598);
#8589=AXIS2_PLACEMENT_3D('',#15108,#10599,#10600);
#8590=AXIS2_PLACEMENT_3D('',#15109,#10601,#10602);
#8591=AXIS2_PLACEMENT_3D('',#15118,#10607,#10608);
#8592=AXIS2_PLACEMENT_3D('',#15124,#10612,#10613);
#8593=AXIS2_PLACEMENT_3D('',#15130,#10617,#10618);
#8594=AXIS2_PLACEMENT_3D('',#15133,#10621,#10622);
#8595=AXIS2_PLACEMENT_3D('',#15134,#10623,#10624);
#8596=AXIS2_PLACEMENT_3D('',#15135,#10625,#10626);
#8597=AXIS2_PLACEMENT_3D('',#15136,#10627,#10628);
#8598=DIRECTION('',(0.,0.,1.));
#8599=DIRECTION('',(1.,0.,0.));
#8600=DIRECTION('',(1.,-3.06785569922041E-15,-1.67696242732593E-15));
#8601=DIRECTION('',(3.06785569922041E-15,1.,0.));
#8602=DIRECTION('',(1.,-3.06785569922041E-15,-1.67696242732593E-15));
#8603=DIRECTION('',(3.06785569922041E-15,1.,0.));
#8604=DIRECTION('',(3.06785569922041E-15,1.,0.));
#8605=DIRECTION('',(2.31789168224669E-14,2.45695245587243E-13,1.));
#8606=DIRECTION('',(-3.06785569922001E-15,-1.,2.46631789331339E-13));
#8607=DIRECTION('',(-2.20142573093314E-17,-2.4802382370126E-13,-1.));
#8608=DIRECTION('',(9.83510064462566E-16,0.707106781186386,-0.707106781186709));
#8609=DIRECTION('',(2.73350365911568E-15,1.,0.));
#8610=DIRECTION('',(1.67696242732653E-15,1.95400487358765E-13,1.));
#8611=DIRECTION('',(0.,-1.,0.));
#8612=DIRECTION('',(0.,0.,-1.));
#8613=DIRECTION('',(0.,0.,-1.));
#8614=DIRECTION('',(-1.,0.,2.45861648793882E-27));
#8615=DIRECTION('',(8.10260520781532E-17,0.,1.));
#8616=DIRECTION('',(1.,0.,0.));
#8617=DIRECTION('',(2.11376464354947E-29,0.,-1.));
#8618=DIRECTION('',(-1.,0.,-1.7261435257255E-16));
#8619=DIRECTION('',(0.,0.,-1.));
#8620=DIRECTION('',(0.,1.,0.));
#8621=DIRECTION('',(0.,0.,-1.));
#8622=DIRECTION('',(-1.,0.,0.));
#8623=DIRECTION('',(0.,0.,-1.));
#8624=DIRECTION('',(-1.,0.,0.));
#8625=DIRECTION('',(0.,0.,-1.));
#8626=DIRECTION('',(-1.,0.,0.));
#8627=DIRECTION('',(0.,0.,-1.));
#8628=DIRECTION('',(-1.,0.,0.));
#8629=DIRECTION('',(0.,-1.,0.));
#8630=DIRECTION('',(-1.,0.,0.));
#8631=DIRECTION('',(-1.32995466491556E-14,-1.,0.));
#8632=DIRECTION('',(0.860012120645999,0.51027360537458,0.));
#8633=DIRECTION('',(1.39990913066364E-25,1.,-2.4802382370126E-13));
#8634=DIRECTION('',(1.,5.87046861582613E-17,0.));
#8635=DIRECTION('',(5.87046861583548E-17,-1.,0.));
#8636=DIRECTION('',(0.,0.,-1.));
#8637=DIRECTION('',(-1.,0.,0.));
#8638=DIRECTION('',(1.,6.12323399573676E-17,0.));
#8639=DIRECTION('',(0.,0.,-1.));
#8640=DIRECTION('',(-1.,0.,0.));
#8641=DIRECTION('',(-5.87046861583548E-17,1.,0.));
#8642=DIRECTION('',(1.,5.87046861582613E-17,0.));
#8643=DIRECTION('',(1.39990913066364E-25,1.,-2.4802382370126E-13));
#8644=DIRECTION('',(0.860012120645746,-0.510273605375006,0.));
#8645=DIRECTION('',(-1.32995466491556E-14,1.,0.));
#8646=DIRECTION('',(-1.,0.,0.));
#8647=DIRECTION('',(0.,-1.,0.));
#8648=DIRECTION('',(1.,0.,-8.67361737988404E-16));
#8649=DIRECTION('',(-5.87046861582613E-17,1.,-2.4802382370126E-13));
#8650=DIRECTION('',(0.,2.4802382370126E-13,1.));
#8651=DIRECTION('',(-4.3115855463807E-16,2.4802382370126E-13,1.));
#8652=DIRECTION('',(-1.,-5.87046862500495E-17,-3.70078250359E-13));
#8653=DIRECTION('',(-0.913545457642482,-1.00964296750145E-13,-0.406736643076068));
#8654=DIRECTION('',(2.3382641009578E-14,2.4802382370126E-13,1.));
#8655=DIRECTION('',(-1.,-5.87046861577539E-17,2.04605252859713E-15));
#8656=DIRECTION('',(-3.32007854598469E-27,2.4802382370126E-13,1.));
#8657=DIRECTION('',(-0.707106781186148,-1.75379327634978E-13,-0.707106781186947));
#8658=DIRECTION('',(-1.,-5.87046861582613E-17,0.));
#8659=DIRECTION('',(1.,1.32995466491556E-14,2.11376464354947E-29));
#8660=DIRECTION('',(-1.32995466491556E-14,1.,0.));
#8661=DIRECTION('',(2.61987554333113E-27,-1.95400487358765E-13,-1.));
#8662=DIRECTION('',(-1.32995466491556E-14,1.,-6.93889390390733E-17));
#8663=DIRECTION('',(-2.11376464354947E-29,0.,1.));
#8664=DIRECTION('',(1.32995466491556E-14,-1.,-7.88860905221012E-31));
#8665=DIRECTION('',(-6.78640761851419E-15,0.51027360537474,0.860012120645903));
#8666=DIRECTION('',(1.39990913066364E-25,1.,-2.4802382370126E-13));
#8667=DIRECTION('',(3.34498560881942E-27,-2.4802382370126E-13,-1.));
#8668=DIRECTION('',(1.,1.32995466491556E-14,2.11376464354947E-29));
#8669=DIRECTION('',(-1.32995466491556E-14,1.,0.));
#8670=DIRECTION('',(1.32995466491556E-14,-1.,-3.33003458744833E-29));
#8671=DIRECTION('',(1.,1.32995466491556E-14,2.11376464354947E-29));
#8672=DIRECTION('',(-1.32995466491556E-14,1.,0.));
#8673=DIRECTION('',(-1.,1.32995466491556E-14,-1.72614352572529E-16));
#8674=DIRECTION('',(1.32995466491556E-14,1.,2.29569263435243E-30));
#8675=DIRECTION('',(-1.32995466491556E-14,-1.,6.93889390390714E-17));
#8676=DIRECTION('',(-1.7261435256993E-16,1.95400487358765E-13,1.));
#8677=DIRECTION('',(-1.,1.32995466491556E-14,-1.72614352572529E-16));
#8678=DIRECTION('',(-1.32995466491556E-14,-1.,0.));
#8679=DIRECTION('',(-1.32995466491556E-14,-1.,1.37934548929259E-29));
#8680=DIRECTION('',(-1.,1.32995466491556E-14,-1.72614352572529E-16));
#8681=DIRECTION('',(-1.32995466491556E-14,-1.,0.));
#8682=DIRECTION('',(1.7261435256923E-16,-2.4802382370126E-13,-1.));
#8683=DIRECTION('',(1.39990913066364E-25,1.,-2.4802382370126E-13));
#8684=DIRECTION('',(-6.63795718311006E-15,-0.510273605375166,-0.860012120645651));
#8685=DIRECTION('',(1.32995466491556E-14,1.,7.88860905221012E-31));
#8686=DIRECTION('',(1.72614352572529E-16,-4.71890076124995E-32,-1.));
#8687=DIRECTION('',(5.87046861582613E-17,-1.,2.4802382370126E-13));
#8688=DIRECTION('',(0.,-2.4802382370126E-13,-1.));
#8689=DIRECTION('',(1.92219017540546E-14,-2.4802382370126E-13,-1.));
#8690=DIRECTION('',(0.913545457637223,-1.00826748058689E-13,-0.406736643087879));
#8691=DIRECTION('',(1.,5.87046862500495E-17,3.70078250359079E-13));
#8692=DIRECTION('',(4.31158552550789E-16,-2.4802382370126E-13,-1.));
#8693=DIRECTION('',(-1.,-5.87046861582613E-17,0.));
#8694=DIRECTION('',(-0.707106781186946,1.75379327634978E-13,0.707106781186149));
#8695=DIRECTION('',(-1.72614352569225E-16,2.4802382370126E-13,1.));
#8696=DIRECTION('',(-1.,-5.87046861579369E-17,1.30787232605473E-15));
#8697=DIRECTION('',(1.,5.87046861583548E-17,4.31158552550775E-16));
#8698=DIRECTION('',(4.31158552550775E-16,0.,-1.));
#8699=DIRECTION('',(-1.39644593105126E-17,0.996194698091724,-0.0871557427479051));
#8700=DIRECTION('',(-5.87046861582226E-17,1.,-2.4802382370126E-13));
#8701=DIRECTION('',(-4.31158552550789E-16,2.4802382370126E-13,1.));
#8702=DIRECTION('',(-5.87046861583548E-17,1.,0.));
#8703=DIRECTION('',(-4.31158552550789E-16,2.4802382370126E-13,1.));
#8704=DIRECTION('',(-6.12323399573676E-17,1.,-2.4802382370126E-13));
#8705=DIRECTION('',(1.,6.12323399573728E-17,2.09836845511663E-17));
#8706=DIRECTION('',(1.,6.12323399573676E-17,-2.47058124138515E-27));
#8707=DIRECTION('',(-1.55082282950047E-29,2.4802382370126E-13,1.));
#8708=DIRECTION('',(-0.5,2.14764315899065E-13,0.866025403784439));
#8709=DIRECTION('',(-1.,-6.12323399570888E-17,1.12401701203784E-15));
#8710=DIRECTION('',(-0.499999999999999,-2.14825548239023E-13,-0.866025403784439));
#8711=DIRECTION('',(1.55082282950047E-29,-2.4802382370126E-13,-1.));
#8712=DIRECTION('',(-0.707106781186494,1.75336029832179E-13,0.707106781186601));
#8713=DIRECTION('',(1.,6.12323400460862E-17,3.57701964918358E-13));
#8714=DIRECTION('',(-0.913545457642482,-1.00934006854523E-13,-0.406736643076068));
#8715=DIRECTION('',(-1.,-5.87046862497015E-17,-3.6867510733723E-13));
#8716=DIRECTION('',(4.3115855463807E-16,-2.4802382370126E-13,-1.));
#8717=DIRECTION('',(-1.,-6.12323399573676E-17,0.));
#8718=DIRECTION('',(-4.31158552550789E-16,2.4802382370126E-13,1.));
#8719=DIRECTION('',(-1.,-5.87046862497015E-17,-3.68675107337309E-13));
#8720=DIRECTION('',(-0.913545457637223,1.00826748058689E-13,0.406736643087879));
#8721=DIRECTION('',(4.35882294725107E-15,2.4802382370126E-13,1.));
#8722=DIRECTION('',(1.,6.12323400461818E-17,3.58087459024131E-13));
#8723=DIRECTION('',(0.707106781186557,1.75422625437787E-13,0.707106781186538));
#8724=DIRECTION('',(-1.,-6.12323399427193E-17,5.90600312729983E-14));
#8725=DIRECTION('',(5.90772700796731E-14,1.95400487358772E-13,1.));
#8726=DIRECTION('',(-1.,1.38254112575912E-16,5.90772700796821E-14));
#8727=DIRECTION('',(5.90993245047276E-14,1.95400487358772E-13,1.));
#8728=DIRECTION('',(-1.,-6.12323399426952E-17,5.91570510090167E-14));
#8729=DIRECTION('',(5.90993245047276E-14,1.95400487358772E-13,1.));
#8730=DIRECTION('',(-1.,1.38254112575912E-16,5.90772700796821E-14));
#8731=DIRECTION('',(5.90772700796731E-14,1.95400487358772E-13,1.));
#8732=DIRECTION('',(-1.,-6.12323399427193E-17,5.90600312729983E-14));
#8733=DIRECTION('',(5.90772700796731E-14,1.95400487358772E-13,1.));
#8734=DIRECTION('',(-1.,1.3825411257613E-16,5.90772700796821E-14));
#8735=DIRECTION('',(5.90993245047276E-14,1.95400487358772E-13,1.));
#8736=DIRECTION('',(-1.,-6.12323399426952E-17,5.91570510090167E-14));
#8737=DIRECTION('',(5.90993245047276E-14,1.95400487358772E-13,1.));
#8738=DIRECTION('',(-1.,1.3825411257613E-16,5.90772700796821E-14));
#8739=DIRECTION('',(5.90772700796731E-14,1.95400487358772E-13,1.));
#8740=DIRECTION('',(-1.,-6.12323399427193E-17,5.90600312729983E-14));
#8741=DIRECTION('',(1.30787232605473E-15,-3.51081812317228E-30,1.));
#8742=DIRECTION('',(1.,0.,-1.30787232605473E-15));
#8743=DIRECTION('',(2.68437373681791E-15,1.,0.));
#8744=DIRECTION('',(-0.0871557427476554,0.996194698091746,1.13988583996408E-16));
#8745=DIRECTION('',(-1.,-5.87046861579369E-17,1.30787232605473E-15));
#8746=DIRECTION('',(1.32995466491556E-14,1.,-1.32525326859342E-29));
#8747=DIRECTION('',(1.,1.2580641130185E-13,-1.30787232605473E-15));
#8748=DIRECTION('',(1.,-2.68437373681791E-15,-2.46794395916725E-15));
#8749=DIRECTION('',(2.68437373681791E-15,1.,0.));
#8750=DIRECTION('',(1.92681702193918E-14,-2.48552674680033E-13,-1.));
#8751=DIRECTION('',(-2.68437373681791E-15,-1.,0.));
#8752=DIRECTION('',(1.,-2.68437373681791E-15,-2.46794395916725E-15));
#8753=DIRECTION('',(2.68437373681791E-15,1.,0.));
#8754=DIRECTION('',(-2.46794395916777E-15,-1.95400487358765E-13,-1.));
#8755=DIRECTION('',(2.52323414687473E-15,1.,0.));
#8756=DIRECTION('',(-1.53038963426692E-16,-0.707106781186395,0.7071067811867));
#8757=DIRECTION('',(-2.68437373681729E-15,-1.,2.49245120901263E-13));
#8758=DIRECTION('',(0.,0.,1.));
#8759=DIRECTION('',(1.,0.,0.));
#8760=DIRECTION('',(0.,0.,1.));
#8761=DIRECTION('',(1.,0.,0.));
#8762=DIRECTION('',(0.,0.,1.));
#8763=DIRECTION('',(-2.37611978156333E-13,-1.,0.));
#8764=DIRECTION('',(0.,0.,1.));
#8765=DIRECTION('',(1.,0.,0.));
#8766=DIRECTION('',(0.,0.,1.));
#8767=DIRECTION('',(1.,0.,0.));
#8768=DIRECTION('',(0.,0.,1.));
#8769=DIRECTION('',(-2.37611978156333E-13,-1.,0.));
#8770=DIRECTION('',(0.,0.,-1.));
#8771=DIRECTION('',(-1.,0.,0.));
#8772=DIRECTION('',(0.,0.,-1.));
#8773=DIRECTION('',(-2.45861648793882E-27,-1.95399252334027E-13,-1.));
#8774=DIRECTION('',(0.,1.,-1.95399252334027E-13));
#8775=DIRECTION('',(0.,0.,-1.));
#8776=DIRECTION('',(0.866025403784439,0.,0.5));
#8777=DIRECTION('',(0.5,0.,-0.866025403784439));
#8778=DIRECTION('',(-2.45861648793882E-27,-1.95399252334027E-13,-1.));
#8779=DIRECTION('',(-1.,1.25825276124184E-14,0.));
#8780=DIRECTION('',(0.,-1.,0.));
#8781=DIRECTION('',(1.,0.,-2.45861648793882E-27));
#8782=DIRECTION('',(0.,-1.,0.));
#8783=DIRECTION('',(-6.20652406431773E-17,1.,-2.4802382370126E-13));
#8784=DIRECTION('',(-1.,-6.12323399573676E-17,2.47058124138515E-27));
#8785=DIRECTION('',(-6.20652406431773E-17,1.,-2.4802382370126E-13));
#8786=DIRECTION('',(-2.45861648793882E-27,-1.95399252334027E-13,-1.));
#8787=DIRECTION('',(0.,1.,-1.95399252334027E-13));
#8788=DIRECTION('',(0.,-1.,0.));
#8789=DIRECTION('',(1.,0.,-2.45861648793882E-27));
#8790=DIRECTION('',(0.,-1.,0.));
#8791=DIRECTION('',(-1.,0.,0.));
#8792=DIRECTION('',(0.,0.,-1.));
#8793=DIRECTION('',(-1.,0.,0.));
#8794=DIRECTION('',(0.,1.90819582357481E-13,1.));
#8795=DIRECTION('',(0.,-1.,1.90819582357481E-13));
#8796=DIRECTION('',(0.,1.90819582357481E-13,1.));
#8797=DIRECTION('',(0.,-1.,1.90819582357481E-13));
#8798=DIRECTION('',(-1.7261435257255E-16,6.93889390390723E-17,1.));
#8799=DIRECTION('',(1.,0.,1.7261435257255E-16));
#8800=DIRECTION('',(0.,1.9081958235748E-13,1.));
#8801=DIRECTION('',(0.,-1.,1.9081958235748E-13));
#8802=DIRECTION('',(0.,1.9081958235748E-13,1.));
#8803=DIRECTION('',(0.,-1.,1.9081958235748E-13));
#8804=DIRECTION('',(-1.7261435257255E-16,6.93889390390723E-17,1.));
#8805=DIRECTION('',(1.,0.,1.7261435257255E-16));
#8806=DIRECTION('',(2.45854101160974E-27,1.95396204396576E-13,1.));
#8807=DIRECTION('',(0.,-1.,1.95396204396576E-13));
#8808=DIRECTION('',(-2.45887140508839E-27,-1.95409546575103E-13,-1.));
#8809=DIRECTION('',(-2.47630833294681E-14,-1.,1.95409546575103E-13));
#8810=DIRECTION('',(2.45854101160974E-27,1.95396204396576E-13,1.));
#8811=DIRECTION('',(0.,-1.,1.95396204396576E-13));
#8812=DIRECTION('',(-2.45887140508839E-27,-1.95409546575103E-13,-1.));
#8813=DIRECTION('',(-2.47630833294681E-14,-1.,1.95409546575103E-13));
#8814=DIRECTION('',(3.5773088592177E-13,-1.95445511626708E-13,-1.));
#8815=DIRECTION('',(-1.,0.,-3.5773088592177E-13));
#8816=DIRECTION('',(3.5773088592177E-13,-1.95445511626708E-13,-1.));
#8817=DIRECTION('',(-1.,0.,-3.5773088592177E-13));
#8818=DIRECTION('',(-5.89805981832072E-14,-1.95400487358772E-13,-1.));
#8819=DIRECTION('',(0.,1.,-1.95400487358772E-13));
#8820=DIRECTION('',(-5.89805981832072E-14,-1.95400487358772E-13,-1.));
#8821=DIRECTION('',(0.,1.,-1.95400487358772E-13));
#8822=DIRECTION('',(-5.89805981832072E-14,-1.95400487358772E-13,-1.));
#8823=DIRECTION('',(0.,1.,-1.95400487358772E-13));
#8824=DIRECTION('',(-5.89805981832072E-14,-1.95400487358772E-13,-1.));
#8825=DIRECTION('',(0.,1.,-1.95400487358772E-13));
#8826=DIRECTION('',(3.5773088592177E-13,-1.95445511626708E-13,-1.));
#8827=DIRECTION('',(-1.,0.,-3.5773088592177E-13));
#8828=DIRECTION('',(3.5773088592177E-13,-1.95445511626708E-13,-1.));
#8829=DIRECTION('',(-1.,0.,-3.5773088592177E-13));
#8830=DIRECTION('',(-1.7261435257255E-16,6.93889390390723E-17,1.));
#8831=DIRECTION('',(-1.19775267879256E-32,-1.,6.93889390390723E-17));
#8832=DIRECTION('',(1.,-1.90977695217809E-16,1.41602686815178E-16));
#8833=DIRECTION('',(-1.01793337441159E-32,-1.,6.93889390390723E-17));
#8834=DIRECTION('',(1.,0.,1.7261435257255E-16));
#8835=DIRECTION('',(1.32995466491556E-14,-1.,6.93889390390742E-17));
#8836=DIRECTION('',(1.,1.2580641130185E-13,-2.70410952250252E-26));
#8837=DIRECTION('',(1.01793337441159E-32,1.,-6.93889390390723E-17));
#8838=DIRECTION('',(-0.462177163336338,-0.886787612503905,-1.82451602384817E-17));
#8839=DIRECTION('',(-1.,-2.54483343602897E-33,-1.83374574627521E-16));
#8840=DIRECTION('',(-1.83374574627521E-16,0.,1.));
#8841=DIRECTION('',(1.83374574627521E-16,-6.93889390390723E-17,-1.));
#8842=DIRECTION('',(9.55714080060884E-17,-0.853445957529941,-0.521181348069751));
#8843=DIRECTION('',(-2.20384253282664E-16,-0.521181348069751,0.85344595752994));
#8844=DIRECTION('',(0.,-0.85344595752994,-0.521181348069751));
#8845=DIRECTION('',(-9.55714080060884E-17,0.853445957529941,0.521181348069751));
#8846=DIRECTION('',(-1.,-1.25806411301865E-13,-7.70855362439259E-14));
#8847=DIRECTION('',(9.55714080060884E-17,-0.853445957529941,-0.521181348069751));
#8848=DIRECTION('',(-2.20384253282664E-16,-0.521181348069751,0.85344595752994));
#8849=DIRECTION('',(0.,-0.85344595752994,-0.521181348069751));
#8850=DIRECTION('',(-1.,1.90977695217809E-16,-1.41602686815178E-16));
#8851=DIRECTION('',(2.05370709680604E-17,0.853445957529941,0.521181348069751));
#8852=DIRECTION('',(-1.,-1.25806411301865E-13,-7.70855362439259E-14));
#8853=DIRECTION('',(-2.05370709680604E-17,-0.853445957529941,-0.521181348069751));
#8854=DIRECTION('',(1.,-1.36046668157164E-16,1.83374574627521E-16));
#8855=DIRECTION('',(1.83374574627521E-16,0.,-1.));
#8856=DIRECTION('',(-1.36046668157164E-16,-1.,6.93889390390723E-17));
#8857=DIRECTION('',(2.05370709680604E-17,0.853445957529941,0.521181348069751));
#8858=DIRECTION('',(1.83374574627521E-16,-6.93889390390723E-17,-1.));
#8859=DIRECTION('',(-1.7261435257255E-16,6.93889390390723E-17,1.));
#8860=DIRECTION('',(-1.19775267879256E-32,-1.,6.93889390390723E-17));
#8861=DIRECTION('',(1.,0.,1.7261435257255E-16));
#8862=DIRECTION('',(1.36046668157164E-16,1.,-6.93889390390723E-17));
#8863=DIRECTION('',(-0.462177163336337,0.886787612503905,-1.41311663407758E-16));
#8864=DIRECTION('',(1.,1.2580641130185E-13,-2.70410952250252E-26));
#8865=DIRECTION('',(1.32995466491556E-14,1.,-6.93889390390704E-17));
#8866=DIRECTION('',(-2.45887140508839E-27,-1.95409546575103E-13,-1.));
#8867=DIRECTION('',(0.,1.,-1.95409546575103E-13));
#8868=DIRECTION('',(-2.45887140508839E-27,-1.95409546575103E-13,-1.));
#8869=DIRECTION('',(0.,1.,-1.95409546575103E-13));
#8870=DIRECTION('',(-2.45887140508839E-27,-1.95409546575103E-13,-1.));
#8871=DIRECTION('',(0.,1.,-1.95409546575103E-13));
#8872=DIRECTION('',(-2.45887140508839E-27,-1.95409546575103E-13,-1.));
#8873=DIRECTION('',(0.,1.,-1.95409546575103E-13));
#8874=DIRECTION('',(0.707106781186547,-9.45326501165861E-15,-0.707106781186548));
#8875=DIRECTION('',(-0.707106781186548,0.,-0.707106781186547));
#8876=DIRECTION('',(0.577350269189614,-0.577350269189643,0.577350269189621));
#8877=DIRECTION('',(0.577350269189632,0.577350269189621,0.577350269189624));
#8878=DIRECTION('',(0.577350269189682,-0.577350269189506,0.577350269189689));
#8879=DIRECTION('',(-2.04605252859713E-15,6.27699391076102E-30,-1.));
#8880=DIRECTION('',(-1.,0.,2.04605252859713E-15));
#8881=DIRECTION('',(-1.,-5.87046861577539E-17,2.04605252859713E-15));
#8882=DIRECTION('',(-0.0871557427476611,-0.996194698091745,1.78325227830606E-16));
#8883=DIRECTION('',(-3.06785569922041E-15,-1.,0.));
#8884=DIRECTION('',(-1.,-1.2580641130185E-13,2.04605252859713E-15));
#8885=DIRECTION('',(-1.32995466491556E-14,1.,3.34885649614613E-29));
#8886=DIRECTION('',(-0.707106781186547,-9.45326501165862E-15,-0.707106781186548));
#8887=DIRECTION('',(-0.707106781186548,0.,0.707106781186547));
#8888=DIRECTION('',(0.577350269189632,-0.577350269189621,-0.577350269189624));
#8889=DIRECTION('',(0.577350269189615,0.57735026918964,-0.577350269189622));
#8890=DIRECTION('',(0.577350269189635,0.577350269189601,-0.577350269189642));
#8891=DIRECTION('',(-3.5775116930768E-13,1.95445511626708E-13,1.));
#8892=DIRECTION('',(1.,0.,3.5775116930768E-13));
#8893=DIRECTION('',(-3.57701964918358E-13,1.95445511626708E-13,1.));
#8894=DIRECTION('',(1.,0.,3.57701964918358E-13));
#8895=DIRECTION('',(5.92242117620793E-14,1.95400487358772E-13,1.));
#8896=DIRECTION('',(0.,-1.,1.95400487358772E-13));
#8897=DIRECTION('',(5.90600312729983E-14,1.95400487358772E-13,1.));
#8898=DIRECTION('',(0.,-1.,1.95400487358772E-13));
#8899=DIRECTION('',(5.92242117620793E-14,1.95400487358772E-13,1.));
#8900=DIRECTION('',(0.,-1.,1.95400487358772E-13));
#8901=DIRECTION('',(5.90600312729983E-14,1.95400487358772E-13,1.));
#8902=DIRECTION('',(0.,-1.,1.95400487358772E-13));
#8903=DIRECTION('',(-3.5775116930768E-13,1.95445511626708E-13,1.));
#8904=DIRECTION('',(1.,0.,3.5775116930768E-13));
#8905=DIRECTION('',(-3.58087459024131E-13,1.95445511626617E-13,1.));
#8906=DIRECTION('',(1.,0.,3.58087459024131E-13));
#8907=DIRECTION('',(1.,2.54483343602897E-33,1.83374574627521E-16));
#8908=DIRECTION('',(1.83374574627521E-16,0.,-1.));
#8909=DIRECTION('',(1.01793337441159E-32,1.,-6.93889390390723E-17));
#8910=DIRECTION('',(-9.55714080060884E-17,0.853445957529941,0.521181348069751));
#8911=DIRECTION('',(1.83374574627521E-16,-6.93889390390723E-17,-1.));
#8912=DIRECTION('',(0.,-1.,0.));
#8913=DIRECTION('',(1.29665405216306E-16,-0.707106781186614,-0.707106781186481));
#8914=DIRECTION('',(-1.,1.36046668157164E-16,-1.83374574627521E-16));
#8915=DIRECTION('',(-1.83374574627521E-16,0.,1.));
#8916=DIRECTION('',(-2.05370709680604E-17,-0.853445957529941,-0.521181348069751));
#8917=DIRECTION('',(-1.36046668157164E-16,-1.,6.93889390390723E-17));
#8918=DIRECTION('',(0.,0.,1.));
#8919=DIRECTION('',(-3.34658836045307E-17,0.707106781186614,0.707106781186481));
#8920=DIRECTION('',(0.,0.,-1.));
#8921=DIRECTION('',(0.,-1.,0.));
#8922=DIRECTION('',(1.83374574627521E-16,-6.93889390390723E-17,-1.));
#8923=DIRECTION('',(-1.2580641130185E-13,1.,-1.95400487358765E-13));
#8924=DIRECTION('',(0.,1.95400487358765E-13,1.));
#8925=DIRECTION('',(-1.,-1.2580641130185E-13,2.04605252859713E-15));
#8926=DIRECTION('',(-1.67696242732653E-15,-1.95400487358765E-13,-1.));
#8927=DIRECTION('',(-1.,-1.2580641130192E-13,-3.57701964918334E-13));
#8928=DIRECTION('',(-0.707106781186494,4.92104431102743E-14,0.707106781186601));
#8929=DIRECTION('',(-1.,-1.25806411301838E-13,5.90600312730229E-14));
#8930=DIRECTION('',(0.707106781186557,2.2712757620682E-13,0.707106781186538));
#8931=DIRECTION('',(-1.,-1.2580641130192E-13,-3.58087459024106E-13));
#8932=DIRECTION('',(2.46794395916777E-15,1.95400487358765E-13,1.));
#8933=DIRECTION('',(1.,1.2580641130185E-13,-1.30787232605473E-15));
#8934=DIRECTION('',(1.72614352569963E-16,-1.95400487358765E-13,-1.));
#8935=DIRECTION('',(0.649168840004376,2.30321883987657E-13,0.760644343413775));
#8936=DIRECTION('',(0.649168840004429,-6.69826798077705E-14,-0.760644343413729));
#8937=DIRECTION('',(0.499999999999999,1.95400487358765E-13,0.866025403784439));
#8938=DIRECTION('',(-1.,-1.2580641130185E-13,1.12401701203784E-15));
#8939=DIRECTION('',(-0.5,1.95400487358765E-13,0.866025403784439));
#8940=DIRECTION('',(0.649168840004379,2.30343890475639E-13,0.760644343413772));
#8941=DIRECTION('',(0.649168840004426,-6.69606733197895E-14,-0.760644343413733));
#8942=DIRECTION('',(-2.62916115457968E-27,1.95400487358765E-13,1.));
#8943=DIRECTION('',(0.,0.,-1.));
#8944=DIRECTION('',(-1.,0.,0.));
#8945=DIRECTION('',(0.,0.,-1.));
#8946=DIRECTION('',(-0.866025403784439,0.,0.499999999999999));
#8947=DIRECTION('',(-0.499999999999999,0.,-0.866025403784439));
#8948=DIRECTION('',(0.,0.,1.));
#8949=DIRECTION('',(1.,0.,0.));
#8950=DIRECTION('',(0.,0.,1.));
#8951=DIRECTION('',(1.,0.,0.));
#8952=DIRECTION('',(0.,0.,1.));
#8953=DIRECTION('',(1.,0.,0.));
#8954=DIRECTION('',(0.,0.,1.));
#8955=DIRECTION('',(1.,0.,0.));
#8956=DIRECTION('',(0.707106781186565,0.70710678118653,1.22056779234164E-16));
#8957=DIRECTION('',(-0.70710678118653,0.707106781186565,0.));
#8958=DIRECTION('',(0.577350269189611,-0.57735026918964,-0.577350269189627));
#8959=DIRECTION('',(-0.577350269189606,0.577350269189635,-0.577350269189637));
#8960=DIRECTION('',(-1.72614352572529E-16,0.,1.));
#8961=DIRECTION('',(-0.577350269189605,0.577350269189634,0.577350269189638));
#8962=DIRECTION('',(0.,-1.,0.));
#8963=DIRECTION('',(0.,0.,-1.));
#8964=DIRECTION('',(-2.70086840260511E-17,0.,-1.));
#8965=DIRECTION('',(-1.,0.,2.45861648793882E-27));
#8966=DIRECTION('',(-1.,0.,-1.7261435257255E-16));
#8967=DIRECTION('',(1.,0.,0.));
#8968=DIRECTION('',(-0.707106781186563,0.707106781186532,-1.49465731328623E-29));
#8969=DIRECTION('',(-0.707106781186532,-0.707106781186563,0.));
#8970=DIRECTION('',(-0.577350269189608,-0.577350269189633,0.577350269189636));
#8971=DIRECTION('',(0.577350269189612,0.577350269189637,0.577350269189628));
#8972=DIRECTION('',(-0.577350269189608,-0.577350269189633,-0.577350269189637));
#8973=DIRECTION('',(-3.57701964918358E-13,1.95445511626708E-13,1.));
#8974=DIRECTION('',(1.,0.,3.57701964918358E-13));
#8975=DIRECTION('',(-1.,-6.12323400460862E-17,-3.57701964918358E-13));
#8976=DIRECTION('',(1.25802874444432E-13,-1.,1.95445511626753E-13));
#8977=DIRECTION('',(1.,1.2580641130192E-13,3.57701964918334E-13));
#8978=DIRECTION('',(0.707106781186601,2.27156912236165E-13,0.707106781186494));
#8979=DIRECTION('',(0.707106781186494,0.,-0.707106781186601));
#8980=DIRECTION('',(1.2584789871242E-13,-1.,1.95400487358765E-13));
#8981=DIRECTION('',(0.707106781186494,-4.91438939568023E-14,-0.707106781186601));
#8982=DIRECTION('',(0.707106781186494,-1.75300823012049E-13,-0.707106781186601));
#8983=DIRECTION('',(-5.90772700796821E-14,-1.95343741182796E-13,-1.));
#8984=DIRECTION('',(0.,1.,-1.95343741182796E-13));
#8985=DIRECTION('',(-5.90772700796821E-14,-1.95343741182796E-13,-1.));
#8986=DIRECTION('',(0.,1.,-1.95343741182796E-13));
#8987=DIRECTION('',(-5.90772700796821E-14,-1.95343741182796E-13,-1.));
#8988=DIRECTION('',(0.,1.,-1.95343741182796E-13));
#8989=DIRECTION('',(5.90772700796731E-14,1.95400487358772E-13,1.));
#8990=DIRECTION('',(0.,-1.,1.95400487358772E-13));
#8991=DIRECTION('',(-6.07153216591876E-14,-1.99493199737331E-13,-1.));
#8992=DIRECTION('',(0.,1.,-1.99493199737331E-13));
#8993=DIRECTION('',(-5.90772700796821E-14,-1.95343741182796E-13,-1.));
#8994=DIRECTION('',(0.,1.,-1.95343741182796E-13));
#8995=DIRECTION('',(-5.90772700796821E-14,-1.95343741182796E-13,-1.));
#8996=DIRECTION('',(0.,1.,-1.95343741182796E-13));
#8997=DIRECTION('',(-5.90772700796821E-14,-1.95343741182796E-13,-1.));
#8998=DIRECTION('',(0.,1.,-1.95343741182796E-13));
#8999=DIRECTION('',(5.90772700796731E-14,1.95400487358772E-13,1.));
#9000=DIRECTION('',(0.,-1.,1.95400487358772E-13));
#9001=DIRECTION('',(-6.07153216591881E-14,-1.99493199737332E-13,-1.));
#9002=DIRECTION('',(0.,1.,-1.99493199737332E-13));
#9003=DIRECTION('',(5.90600312729983E-14,1.95400487358772E-13,1.));
#9004=DIRECTION('',(0.,-1.,1.95400487358772E-13));
#9005=DIRECTION('',(1.2584789871242E-13,-1.,1.95400487358765E-13));
#9006=DIRECTION('',(1.,1.25806411301838E-13,-5.90600312730229E-14));
#9007=DIRECTION('',(1.,6.12323399427165E-17,-5.90600312729983E-14));
#9008=DIRECTION('',(5.90600312729983E-14,1.95400487358772E-13,1.));
#9009=DIRECTION('',(0.,-1.,1.95400487358772E-13));
#9010=DIRECTION('',(1.,6.12323399427163E-17,-5.90600312729983E-14));
#9011=DIRECTION('',(5.90600312729983E-14,1.95400487358772E-13,1.));
#9012=DIRECTION('',(0.,-1.,1.95400487358772E-13));
#9013=DIRECTION('',(1.,6.12323399427163E-17,-5.90600312729983E-14));
#9014=DIRECTION('',(0.707106781186538,-4.91811070809123E-14,-0.707106781186557));
#9015=DIRECTION('',(-0.707106781186557,0.,-0.707106781186538));
#9016=DIRECTION('',(1.25892922980317E-13,-1.,1.95445511626663E-13));
#9017=DIRECTION('',(-0.707106781186557,-2.27215372243243E-13,-0.707106781186538));
#9018=DIRECTION('',(-0.707106781186557,-1.75485587833515E-13,-0.707106781186538));
#9019=DIRECTION('',(-3.58087459024131E-13,1.95445511626617E-13,1.));
#9020=DIRECTION('',(1.,0.,3.58087459024131E-13));
#9021=DIRECTION('',(1.,1.2580641130192E-13,3.58087459024106E-13));
#9022=DIRECTION('',(-1.,-6.12323400461818E-17,-3.58087459024131E-13));
#9023=DIRECTION('',(-1.12401701203784E-15,0.,-1.));
#9024=DIRECTION('',(-1.,0.,1.12401701203784E-15));
#9025=DIRECTION('',(0.,-1.,0.));
#9026=DIRECTION('',(-1.,-6.12323399570888E-17,1.12401701203784E-15));
#9027=DIRECTION('',(0.,1.,0.));
#9028=DIRECTION('',(0.866025403784439,0.,0.5));
#9029=DIRECTION('',(0.5,0.,-0.866025403784439));
#9030=DIRECTION('',(0.5,-2.14764315899066E-13,-0.866025403784439));
#9031=DIRECTION('',(-6.20652406431773E-17,1.,-2.4802382370126E-13));
#9032=DIRECTION('',(-0.866025403784439,0.,0.499999999999999));
#9033=DIRECTION('',(0.499999999999999,0.,0.866025403784439));
#9034=DIRECTION('',(-6.20652406431773E-17,1.,-2.4802382370126E-13));
#9035=DIRECTION('',(0.499999999999999,2.14825548239023E-13,0.866025403784439));
#9036=DIRECTION('',(0.,0.,-1.));
#9037=DIRECTION('',(-1.,0.,0.));
#9038=DIRECTION('',(0.,0.,-1.));
#9039=DIRECTION('',(-1.,0.,0.));
#9040=DIRECTION('',(0.,0.,-1.));
#9041=DIRECTION('',(-1.,0.,0.));
#9042=DIRECTION('',(0.,0.,-1.));
#9043=DIRECTION('',(-1.,0.,0.));
#9044=DIRECTION('',(0.,0.,-1.));
#9045=DIRECTION('',(-1.,0.,0.));
#9046=DIRECTION('',(0.,0.,-1.));
#9047=DIRECTION('',(-1.,0.,0.));
#9048=DIRECTION('',(0.,0.,-1.));
#9049=DIRECTION('',(-1.,0.,0.));
#9050=DIRECTION('',(1.,6.20652406431773E-17,1.14569991745008E-31));
#9051=DIRECTION('',(-6.20652406431773E-17,1.,0.));
#9052=DIRECTION('',(-1.55082282950047E-29,2.4802382370126E-13,1.));
#9053=DIRECTION('',(1.,6.20652406431773E-17,1.14569991745009E-31));
#9054=DIRECTION('',(-6.20652406431773E-17,1.,0.));
#9055=DIRECTION('',(1.55082282950047E-29,-2.4802382370126E-13,-1.));
#9056=DIRECTION('',(-0.500000000000029,-0.707106781186684,-0.499999999999778));
#9057=DIRECTION('',(0.816496580927763,-0.577350269189574,0.));
#9058=DIRECTION('',(-0.281084637714798,0.678598344545646,-0.678598344546057));
#9059=DIRECTION('',(-0.281084637714938,0.678598344545681,-0.678598344545965));
#9060=DIRECTION('',(-4.1718450807416E-14,-0.707106781186704,-0.707106781186391));
#9061=DIRECTION('',(0.,0.707106781186391,-0.707106781186704));
#9062=DIRECTION('',(-6.07153216591876E-14,-1.99493199737331E-13,-1.));
#9063=DIRECTION('',(0.,1.,-1.99493199737331E-13));
#9064=DIRECTION('',(-4.17184508074158E-14,-0.707106781186707,-0.707106781186388));
#9065=DIRECTION('',(0.,0.707106781186388,-0.707106781186707));
#9066=DIRECTION('',(-6.07153216591881E-14,-1.99493199737332E-13,-1.));
#9067=DIRECTION('',(0.,1.,-1.99493199737332E-13));
#9068=DIRECTION('',(-4.17184508074158E-14,-0.707106781186707,-0.707106781186388));
#9069=DIRECTION('',(0.,0.707106781186388,-0.707106781186707));
#9070=DIRECTION('',(-0.281084637714729,-0.678598344545704,0.678598344546027));
#9071=DIRECTION('',(-0.500000000000022,0.707106781186631,0.49999999999986));
#9072=DIRECTION('',(-0.816496580927746,-0.577350269189598,0.));
#9073=DIRECTION('',(0.281084637714874,0.67859834454574,-0.678598344545932));
#9074=DIRECTION('',(0.4999999999999,0.707106781186518,-0.500000000000141));
#9075=DIRECTION('',(0.,0.57735026918975,0.816496580927638));
#9076=DIRECTION('',(-0.281084637715049,0.678598344545975,0.678598344545624));
#9077=DIRECTION('',(-0.281084637714888,0.678598344545936,0.67859834454573));
#9078=DIRECTION('',(1.30720315158509E-13,-0.707106781186413,0.707106781186682));
#9079=DIRECTION('',(0.,-0.707106781186682,-0.707106781186413));
#9080=DIRECTION('',(-0.28108463771477,-0.678598344546013,-0.678598344545702));
#9081=DIRECTION('',(0.500000000000128,-0.707106781186385,0.500000000000101));
#9082=DIRECTION('',(0.816496580927594,0.577350269189813,0.));
#9083=DIRECTION('',(0.281084637714652,0.678598344545984,0.67859834454578));
#9084=DIRECTION('',(-5.91570510090167E-14,-1.95400487358772E-13,-1.));
#9085=DIRECTION('',(0.,1.,-1.95400487358772E-13));
#9086=DIRECTION('',(-5.91570510090167E-14,-1.95400487358772E-13,-1.));
#9087=DIRECTION('',(0.,1.,-1.95400487358772E-13));
#9088=DIRECTION('',(5.90993245047276E-14,1.95400487358772E-13,1.));
#9089=DIRECTION('',(0.,-1.,1.95400487358772E-13));
#9090=DIRECTION('',(-5.87567628959886E-14,-1.95855876319962E-13,-1.));
#9091=DIRECTION('',(0.,1.,-1.95855876319962E-13));
#9092=DIRECTION('',(-5.86055228370542E-14,-1.9457033581902E-13,-1.));
#9093=DIRECTION('',(0.,1.,-1.9457033581902E-13));
#9094=DIRECTION('',(-5.91570510090167E-14,-1.95400487358772E-13,-1.));
#9095=DIRECTION('',(0.,1.,-1.95400487358772E-13));
#9096=DIRECTION('',(-5.91570510090167E-14,-1.95400487358772E-13,-1.));
#9097=DIRECTION('',(0.,1.,-1.95400487358772E-13));
#9098=DIRECTION('',(5.90993245047276E-14,1.95400487358772E-13,1.));
#9099=DIRECTION('',(0.,-1.,1.95400487358772E-13));
#9100=DIRECTION('',(-5.87567628959886E-14,-1.95855876319962E-13,-1.));
#9101=DIRECTION('',(0.,1.,-1.95855876319962E-13));
#9102=DIRECTION('',(-5.86055228370542E-14,-1.9457033581902E-13,-1.));
#9103=DIRECTION('',(0.,1.,-1.9457033581902E-13));
#9104=DIRECTION('',(5.86055228370542E-14,1.9457033581902E-13,1.));
#9105=DIRECTION('',(0.,-1.,1.9457033581902E-13));
#9106=DIRECTION('',(5.86055228370542E-14,1.9457033581902E-13,1.));
#9107=DIRECTION('',(0.,-1.,1.9457033581902E-13));
#9108=DIRECTION('',(5.87567628959886E-14,1.95855876319962E-13,1.));
#9109=DIRECTION('',(0.,-1.,1.95855876319962E-13));
#9110=DIRECTION('',(5.87567628959886E-14,1.95855876319962E-13,1.));
#9111=DIRECTION('',(0.,-1.,1.95855876319962E-13));
#9112=DIRECTION('',(0.,0.,1.));
#9113=DIRECTION('',(1.,0.,0.));
#9114=DIRECTION('',(0.,0.,1.));
#9115=DIRECTION('',(1.,0.,0.));
#9116=DIRECTION('',(0.,0.,-1.));
#9117=DIRECTION('',(-1.,0.,0.));
#9118=DIRECTION('',(0.,0.,1.));
#9119=DIRECTION('',(1.,0.,0.));
#9120=DIRECTION('',(0.,0.,1.));
#9121=DIRECTION('',(1.,0.,0.));
#9122=DIRECTION('',(0.,0.,1.));
#9123=DIRECTION('',(1.,0.,0.));
#9124=DIRECTION('',(0.,0.,-1.));
#9125=DIRECTION('',(-1.,0.,0.));
#9126=DIRECTION('',(0.,0.,1.));
#9127=DIRECTION('',(1.,0.,0.));
#9128=DIRECTION('',(0.,0.,-1.));
#9129=DIRECTION('',(-1.,0.,0.));
#9130=DIRECTION('',(0.,0.,-1.));
#9131=DIRECTION('',(-1.,0.,0.));
#9132=DIRECTION('',(-4.32978028100374E-17,0.707106781186707,0.707106781186388));
#9133=DIRECTION('',(-1.,-6.12323399573676E-17,2.47058124138515E-27));
#9134=DIRECTION('',(-0.577350269189632,0.577350269189492,-0.577350269189753));
#9135=DIRECTION('',(0.577350269189633,0.577350269189492,-0.577350269189753));
#9136=DIRECTION('',(-0.612372435695736,0.707106781186528,-0.353553390593415));
#9137=DIRECTION('',(-0.5,2.14764315899066E-13,0.866025403784439));
#9138=DIRECTION('',(-0.69474659060683,-0.694746590606878,-0.186156787897473));
#9139=DIRECTION('',(-0.377964473009238,-0.65465367070806,-0.654653670707888));
#9140=DIRECTION('',(8.3809785419267E-16,-0.707106781186455,0.70710678118664));
#9141=DIRECTION('',(1.,6.12323399570888E-17,-1.12401701203784E-15));
#9142=DIRECTION('',(0.377964473009204,-0.65465367070807,-0.654653670707898));
#9143=DIRECTION('',(0.612372435695752,0.707106781186509,-0.353553390593424));
#9144=DIRECTION('',(0.499999999999999,2.14825548239023E-13,0.866025403784439));
#9145=DIRECTION('',(0.694746590606837,-0.694746590606888,-0.186156787897408));
#9146=DIRECTION('',(-0.70710678118655,-0.707106781186545,1.75379327634977E-13));
#9147=DIRECTION('',(1.55082282950047E-29,-2.4802382370126E-13,-1.));
#9148=DIRECTION('',(-0.707106781186548,0.707106781186547,-1.75379327634978E-13));
#9149=DIRECTION('',(-1.55082282950047E-29,2.4802382370126E-13,1.));
#9150=DIRECTION('',(1.22056779234175E-16,0.70710678118655,-0.707106781186545));
#9151=DIRECTION('',(1.,0.,1.7261435257255E-16));
#9152=DIRECTION('',(0.577350269189627,0.577350269189623,0.577350269189627));
#9153=DIRECTION('',(1.22056779234175E-16,0.70710678118655,-0.707106781186545));
#9154=DIRECTION('',(-1.,0.,-1.7261435257255E-16));
#9155=DIRECTION('',(0.577350269189627,-0.577350269189623,-0.577350269189627));
#9156=DIRECTION('',(-0.707106781186551,-0.368530865448066,0.603477423945665));
#9157=DIRECTION('',(-2.05370709680604E-17,-0.853445957529941,-0.521181348069751));
#9158=DIRECTION('',(0.707106781186547,-0.368530865448068,0.603477423945668));
#9159=DIRECTION('',(2.05370709680604E-17,0.853445957529941,0.521181348069751));
#9160=DIRECTION('',(0.693530120320367,0.195017805384111,-0.693530120320367));
#9161=DIRECTION('',(0.707106781186548,-4.71341322778986E-17,0.707106781186547));
#9162=DIRECTION('',(-1.36046668157164E-16,-1.,6.93889390390723E-17));
#9163=DIRECTION('',(-0.707106781186548,4.9065389333868E-17,0.707106781186548));
#9164=DIRECTION('',(1.01793337441159E-32,1.,-6.93889390390723E-17));
#9165=DIRECTION('',(-0.693530120320366,0.195017805384116,-0.693530120320366));
#9166=DIRECTION('',(-0.707106781186548,-0.368530865448067,0.603477423945667));
#9167=DIRECTION('',(-9.55714080060884E-17,0.853445957529941,0.521181348069751));
#9168=DIRECTION('',(0.70710678118655,-0.368530865448066,0.603477423945665));
#9169=DIRECTION('',(-9.55714080060884E-17,0.853445957529941,0.521181348069751));
#9170=DIRECTION('',(-0.406736643076068,2.26557160182425E-13,0.913545457642482));
#9171=DIRECTION('',(0.913545457642482,0.,0.406736643076068));
#9172=DIRECTION('',(0.913545457642482,1.00718045015213E-13,0.406736643076068));
#9173=DIRECTION('',(5.87046861582479E-17,-1.,2.4802382370126E-13));
#9174=DIRECTION('',(-3.6867510733723E-13,2.4802382370126E-13,1.));
#9175=DIRECTION('',(1.,0.,3.6867510733723E-13));
#9176=DIRECTION('',(-5.87046861582905E-17,1.,-2.4802382370126E-13));
#9177=DIRECTION('',(-3.6867510733723E-13,2.4802382370126E-13,1.));
#9178=DIRECTION('',(1.,0.,3.6867510733723E-13));
#9179=DIRECTION('',(1.,3.21861566354344E-14,3.67267462525464E-13));
#9180=DIRECTION('',(-1.,-5.87046861583548E-17,-4.31158554638056E-16));
#9181=DIRECTION('',(-4.31158554638056E-16,0.,1.));
#9182=DIRECTION('',(4.3115855463807E-16,-2.4802382370126E-13,-1.));
#9183=DIRECTION('',(5.87046861582226E-17,-1.,2.4802382370126E-13));
#9184=DIRECTION('',(1.39644591285889E-17,-0.996194698091724,0.0871557427479051));
#9185=DIRECTION('',(4.3115855463807E-16,-2.4802382370126E-13,-1.));
#9186=DIRECTION('',(5.87046861583548E-17,-1.,0.));
#9187=DIRECTION('',(-3.68675107337309E-13,2.4802382370126E-13,1.));
#9188=DIRECTION('',(1.,0.,3.68675107337309E-13));
#9189=DIRECTION('',(-3.68675107337309E-13,2.4802382370126E-13,1.));
#9190=DIRECTION('',(1.,0.,3.68675107337309E-13));
#9191=DIRECTION('',(5.87046861582333E-17,-1.,2.4802382370126E-13));
#9192=DIRECTION('',(1.,3.21321528126468E-14,3.67272187247824E-13));
#9193=DIRECTION('',(5.87046861582479E-17,-1.,2.4802382370126E-13));
#9194=DIRECTION('',(0.406736643087879,2.26604914875083E-13,0.913545457637223));
#9195=DIRECTION('',(0.913545457637223,0.,-0.406736643087879));
#9196=DIRECTION('',(0.913545457637223,-1.01030295240889E-13,-0.406736643087879));
#9197=DIRECTION('',(-3.6867510733723E-13,0.0871557427479051,0.996194698091724));
#9198=DIRECTION('',(1.,3.21321528125488E-14,3.67272187247754E-13));
#9199=DIRECTION('',(0.0185223468917906,0.996023797521667,-0.0871407908854281));
#9200=DIRECTION('',(1.,5.87046862500417E-17,3.70078250359E-13));
#9201=DIRECTION('',(-2.94392336003298E-17,0.996194698091724,-0.0871557427479051));
#9202=DIRECTION('',(-0.405188887352014,0.0871557427478837,0.910069141369216));
#9203=DIRECTION('',(0.913545457642478,3.7470027081099E-16,0.406736643076076));
#9204=DIRECTION('',(0.0870164749104148,0.994602859427928,-0.0565091595403306));
#9205=DIRECTION('',(0.913545457642481,1.0102056804016E-13,0.406736643076068));
#9206=DIRECTION('',(-3.68675107337309E-13,0.0871557427479051,0.996194698091724));
#9207=DIRECTION('',(1.,3.21321528125557E-14,3.67272187247832E-13));
#9208=DIRECTION('',(1.96261557335437E-17,-0.996194698091724,0.0871557427479051));
#9209=DIRECTION('',(-1.,-5.87046862500889E-17,-3.70078250359079E-13));
#9210=DIRECTION('',(0.0185223468923485,-0.996023797521655,0.0871407908854408));
#9211=DIRECTION('',(0.40518888736378,0.0871557427478838,0.910069141363977));
#9212=DIRECTION('',(0.91354545763722,-3.81639164714898E-16,-0.406736643087887));
#9213=DIRECTION('',(-0.913545457637223,1.00818783032897E-13,0.406736643087879));
#9214=DIRECTION('',(-0.0870164749104132,0.994602859427973,-0.0565091595395359));
#9215=DIRECTION('',(4.31158552550789E-16,-2.4802382370126E-13,-1.));
#9216=DIRECTION('',(0.,1.,-2.4802382370126E-13));
#9217=DIRECTION('',(0.,2.51534904016479E-13,1.));
#9218=DIRECTION('',(0.,-1.,2.51534904016479E-13));
#9219=DIRECTION('',(0.,-2.42861286636783E-13,-1.));
#9220=DIRECTION('',(0.,1.,-2.42861286636783E-13));
#9221=DIRECTION('',(-4.3115855463807E-16,2.4802382370126E-13,1.));
#9222=DIRECTION('',(0.,-1.,2.4802382370126E-13));
#9223=DIRECTION('',(0.,2.5153490401661E-13,1.));
#9224=DIRECTION('',(0.,-1.,2.5153490401661E-13));
#9225=DIRECTION('',(0.,-2.42861286637024E-13,-1.));
#9226=DIRECTION('',(0.,1.,-2.42861286637024E-13));
#9227=DIRECTION('',(-0.707106781186149,-1.75379327634978E-13,-0.707106781186946));
#9228=DIRECTION('',(-0.707106781186946,0.,0.707106781186149));
#9229=DIRECTION('',(0.577350269189847,0.577350269189691,-0.577350269189339));
#9230=DIRECTION('',(0.577350269190103,-0.577350269189466,-0.577350269189309));
#9231=DIRECTION('',(-0.707106781186946,1.75082170983387E-13,0.707106781186149));
#9232=DIRECTION('',(0.454519477671788,-0.766044443118865,0.45451947767249));
#9233=DIRECTION('',(0.116977778440511,-0.454519477672519,-0.883022221559245));
#9234=DIRECTION('',(0.707106781186543,-6.54066034306565E-13,-0.707106781186552));
#9235=DIRECTION('',(0.707106781186947,-1.75379327634978E-13,-0.707106781186148));
#9236=DIRECTION('',(-0.707106781186148,0.,-0.707106781186947));
#9237=DIRECTION('',(-0.577350269189411,0.577350269189261,-0.577350269190206));
#9238=DIRECTION('',(-0.707106781186148,-1.75304215588312E-13,-0.707106781186947));
#9239=DIRECTION('',(-0.577350269189244,-0.57735026918988,-0.577350269189753));
#9240=DIRECTION('',(0.454519477672301,0.766044443118865,-0.454519477671977));
#9241=DIRECTION('',(0.116977778440511,0.454519477672006,0.883022221559508));
#9242=DIRECTION('',(0.707106781186542,-2.92584547385819E-13,0.707106781186553));
#9243=DIRECTION('',(0.707106781186548,0.707106781186546,-1.75074452498702E-13));
#9244=DIRECTION('',(4.31158552550789E-16,-2.4802382370126E-13,-1.));
#9245=DIRECTION('',(0.55980878767728,-0.559808787677131,0.610924088965851));
#9246=DIRECTION('',(-0.593426057451718,0.593426057451855,0.543774795916892));
#9247=DIRECTION('',(0.577350269189673,-0.577350269189532,0.577350269189672));
#9248=DIRECTION('',(-0.577350269189582,0.577350269189726,0.577350269189569));
#9249=DIRECTION('',(0.707106781186546,-0.707106781186549,1.75684202772729E-13));
#9250=DIRECTION('',(4.3115855463807E-16,-2.4802382370126E-13,-1.));
#9251=DIRECTION('',(0.593426057451576,0.593426057451709,0.543774795917208));
#9252=DIRECTION('',(0.559808787677425,0.559808787677271,-0.610924088965589));
#9253=DIRECTION('',(-0.577350269189574,-0.577350269189715,-0.577350269189589));
#9254=DIRECTION('',(-0.577350269190151,-0.577350269190006,0.57735026918872));
#9255=DIRECTION('',(-0.707106781186552,-9.40419962232482E-15,0.707106781186543));
#9256=DIRECTION('',(0.707106781186543,0.,0.707106781186552));
#9257=DIRECTION('',(0.707106781186552,-9.40419962232482E-15,0.707106781186543));
#9258=DIRECTION('',(0.707106781186543,0.,-0.707106781186552));
#9259=DIRECTION('',(-4.1510481669929E-17,0.707106781186451,-0.707106781186644));
#9260=DIRECTION('',(-1.,-5.87046861582613E-17,0.));
#9261=DIRECTION('',(4.15104816699301E-17,-0.70710678118647,0.707106781186625));
#9262=DIRECTION('',(1.,5.87046861582613E-17,0.));
#9263=DIRECTION('',(0.707106781185671,4.15104816699493E-17,0.707106781187424));
#9264=DIRECTION('',(5.87046861583548E-17,-1.,0.));
#9265=DIRECTION('',(0.707106781187424,0.,-0.707106781185671));
#9266=DIRECTION('',(0.,-2.42861286637024E-13,-1.));
#9267=DIRECTION('',(0.,1.,-2.42861286637024E-13));
#9268=DIRECTION('',(0.,-0.707106781186208,-0.707106781186887));
#9269=DIRECTION('',(4.32978028117694E-17,-0.707106781186463,0.707106781186632));
#9270=DIRECTION('',(1.,6.12323399573676E-17,0.));
#9271=DIRECTION('',(0.,-0.70710678118663,-0.707106781186466));
#9272=DIRECTION('',(0.,-2.42861286636783E-13,-1.));
#9273=DIRECTION('',(0.,1.,-2.42861286636783E-13));
#9274=DIRECTION('',(-0.707106781187494,0.,-0.707106781185602));
#9275=DIRECTION('',(-0.707106781186547,-4.15104816700007E-17,0.707106781186548));
#9276=DIRECTION('',(5.87046861583548E-17,-1.,0.));
#9277=DIRECTION('',(-0.707106781186414,-0.0616284167164056,-0.704416026402876));
#9278=DIRECTION('',(-0.705757556808078,0.,0.708453436019823));
#9279=DIRECTION('',(0.559808787677429,0.559808787677269,-0.610924088965588));
#9280=DIRECTION('',(-0.706770036377236,0.0308582462078675,0.706770036376964));
#9281=DIRECTION('',(-0.707106781186415,-1.75420838116681E-13,-0.70710678118668));
#9282=DIRECTION('',(-0.70710678118668,0.,0.707106781186415));
#9283=DIRECTION('',(-0.70710678118737,1.77862036335346E-13,0.707106781185725));
#9284=DIRECTION('',(0.,2.51534904016479E-13,1.));
#9285=DIRECTION('',(0.,-1.,2.51534904016479E-13));
#9286=DIRECTION('',(0.707106781186679,-0.0616284167163825,-0.704416026402612));
#9287=DIRECTION('',(-0.705757556807813,0.,-0.708453436020087));
#9288=DIRECTION('',(-0.559808787677283,0.559808787677129,-0.610924088965849));
#9289=DIRECTION('',(-0.706770036376972,-0.0308582462079042,-0.706770036377226));
#9290=DIRECTION('',(0.707106781186678,-1.75337817153275E-13,-0.707106781186417));
#9291=DIRECTION('',(-0.707106781186417,0.,-0.707106781186678));
#9292=DIRECTION('',(-0.707106781186416,-1.77862036335239E-13,-0.707106781186679));
#9293=DIRECTION('',(0.,2.5153490401661E-13,1.));
#9294=DIRECTION('',(0.,-1.,2.5153490401661E-13));
#9295=DIRECTION('',(1.,5.87046861579369E-17,-1.30787232605473E-15));
#9296=DIRECTION('',(-1.30787232605473E-15,0.,-1.));
#9297=DIRECTION('',(1.,0.,0.));
#9298=DIRECTION('',(0.,0.,-1.));
#9299=DIRECTION('',(1.,5.87046861577539E-17,-2.04605252859713E-15));
#9300=DIRECTION('',(-2.04605252859713E-15,0.,-1.));
#9301=DIRECTION('',(-1.,0.,0.));
#9302=DIRECTION('',(0.,0.,1.));
#9303=DIRECTION('',(-1.,-1.2580641130185E-13,2.04605252859713E-15));
#9304=DIRECTION('',(1.2580641130185E-13,-1.,0.));
#9305=DIRECTION('',(1.,1.38777878078154E-13,0.));
#9306=DIRECTION('',(-1.38777878078154E-13,1.,0.));
#9307=DIRECTION('',(-1.,-1.38777878078169E-13,0.));
#9308=DIRECTION('',(1.38777878078169E-13,-1.,0.));
#9309=DIRECTION('',(-1.,-1.2580641130185E-13,1.30787232605473E-15));
#9310=DIRECTION('',(1.2580641130185E-13,-1.,0.));
#9311=DIRECTION('',(1.,1.38777878078153E-13,0.));
#9312=DIRECTION('',(-1.38777878078153E-13,1.,0.));
#9313=DIRECTION('',(1.,1.38777878078149E-13,0.));
#9314=DIRECTION('',(-1.38777878078149E-13,1.,0.));
#9315=DIRECTION('',(-0.70710678118654,0.707106781186555,-1.75501384414211E-13));
#9316=DIRECTION('',(-0.707106781186555,-0.70710678118654,0.));
#9317=DIRECTION('',(-0.707106781186531,-0.707106781186564,1.77862036335281E-13));
#9318=DIRECTION('',(1.,0.,0.));
#9319=DIRECTION('',(0.,0.,-1.));
#9320=DIRECTION('',(-0.707106781186547,9.19976050010022E-15,-0.707106781186547));
#9321=DIRECTION('',(0.707106781186547,-9.40419962232475E-15,-0.707106781186548));
#9322=DIRECTION('',(-0.707106781186548,0.,-0.707106781186547));
#9323=DIRECTION('',(-0.707106781186584,1.2266347333468E-14,-0.707106781186511));
#9324=DIRECTION('',(1.,1.38777878078149E-13,0.));
#9325=DIRECTION('',(-1.38777878078149E-13,1.,0.));
#9326=DIRECTION('',(-0.70710678118659,0.707106781186504,-1.4106299433488E-13));
#9327=DIRECTION('',(-0.707106781186508,-0.707106781186587,1.38046952879314E-13));
#9328=DIRECTION('',(0.707106781186587,-0.707106781186508,0.));
#9329=DIRECTION('',(2.53249368336643E-13,-0.7071067811867,-0.707106781186395));
#9330=DIRECTION('',(-1.,-6.12323400461818E-17,-3.58087459024131E-13));
#9331=DIRECTION('',(-1.64247503985546E-13,-0.707106781186399,0.707106781186696));
#9332=DIRECTION('',(-1.,-1.2580641130192E-13,-3.58087459024106E-13));
#9333=DIRECTION('',(-0.577350269189533,-0.577350269189726,-0.577350269189618));
#9334=DIRECTION('',(-0.707106781186543,-0.707106781186552,1.75379327634976E-13));
#9335=DIRECTION('',(0.707106781186552,-0.707106781186543,0.));
#9336=DIRECTION('',(-0.707106781186552,0.707106781186543,-1.77862036335271E-13));
#9337=DIRECTION('',(-1.,0.,0.));
#9338=DIRECTION('',(0.,0.,1.));
#9339=DIRECTION('',(-0.707106781186547,-9.19976050010022E-15,0.707106781186547));
#9340=DIRECTION('',(0.707106781186547,9.40419962232472E-15,0.707106781186548));
#9341=DIRECTION('',(0.707106781186548,0.,-0.707106781186547));
#9342=DIRECTION('',(-0.70710678118659,-1.22663473334676E-14,0.707106781186504));
#9343=DIRECTION('',(-1.,-1.38777878078169E-13,0.));
#9344=DIRECTION('',(1.38777878078169E-13,-1.,0.));
#9345=DIRECTION('',(-0.70710678118621,-0.707106781186885,1.41062994334919E-13));
#9346=DIRECTION('',(0.707106781186596,-0.707106781186499,1.38169009658531E-13));
#9347=DIRECTION('',(0.707106781186499,0.707106781186596,0.));
#9348=DIRECTION('',(-1.63974918489243E-13,-0.707106781186407,0.707106781186688));
#9349=DIRECTION('',(-1.,-1.2580641130192E-13,-3.57701964918334E-13));
#9350=DIRECTION('',(0.577350269189723,-0.577350269189759,-0.577350269189396));
#9351=DIRECTION('',(2.52976782840341E-13,-0.707106781186709,-0.707106781186386));
#9352=DIRECTION('',(1.,6.12323400460862E-17,3.57701964918358E-13));
#9353=DIRECTION('',(1.,0.,-8.10260520781532E-17));
#9354=DIRECTION('',(-8.10260520781532E-17,0.,-1.));
#9355=DIRECTION('',(5.72940708772311E-17,0.707106781186614,0.707106781186481));
#9356=DIRECTION('',(8.10260520781532E-17,0.,1.));
#9357=DIRECTION('',(-5.72940708772366E-17,0.707106781186546,-0.707106781186549));
#9358=DIRECTION('',(-1.,0.,2.70086840260511E-17));
#9359=DIRECTION('',(2.70086840260511E-17,0.,1.));
#9360=DIRECTION('',(-1.90980236257437E-17,-0.707106781186614,-0.707106781186481));
#9361=DIRECTION('',(1.90980236257455E-17,-0.707106781186546,0.707106781186549));
#9362=DIRECTION('',(-2.70086840260511E-17,0.,-1.));
#9363=DIRECTION('',(0.,-1.,0.));
#9364=DIRECTION('',(0.,0.,-1.));
#9365=DIRECTION('',(0.,0.707106781186549,0.707106781186546));
#9366=DIRECTION('',(1.,0.,0.));
#9367=DIRECTION('',(0.,0.707106781186549,0.707106781186546));
#9368=DIRECTION('',(1.,0.,0.));
#9369=DIRECTION('',(1.73850439095876E-27,-0.707106781186481,0.707106781186614));
#9370=DIRECTION('',(1.,0.,-2.45861648793882E-27));
#9371=DIRECTION('',(1.73850439095876E-27,-0.707106781186481,0.707106781186614));
#9372=DIRECTION('',(1.,0.,-2.45861648793882E-27));
#9373=DIRECTION('',(0.996194698091746,0.0871557427476554,-2.46794395916725E-15));
#9374=DIRECTION('',(-0.0871557427476554,0.996194698091746,0.));
#9375=DIRECTION('',(-1.92219017540546E-14,2.4802382370126E-13,1.));
#9376=DIRECTION('',(0.0871557427476554,-0.996194698091746,-1.13988583996408E-16));
#9377=DIRECTION('',(0.707106781186597,-0.707106781186498,1.36423909749413E-13));
#9378=DIRECTION('',(2.46794395916777E-15,1.95400487358765E-13,1.));
#9379=DIRECTION('',(0.707106781186498,0.707106781186597,-1.41062994334861E-13));
#9380=DIRECTION('',(-1.,-1.38777878078153E-13,0.));
#9381=DIRECTION('',(1.38777878078153E-13,-1.,0.));
#9382=DIRECTION('',(0.707106781186756,0.,-0.707106781186339));
#9383=DIRECTION('',(-0.707106781186216,1.89813887254213E-15,-0.707106781186879));
#9384=DIRECTION('',(2.68437373681791E-15,1.,0.));
#9385=DIRECTION('',(-0.706770036377432,-0.0308582462078104,0.70677003637677));
#9386=DIRECTION('',(-0.704416026402425,-0.0616284167161881,-0.707106781186883));
#9387=DIRECTION('',(0.0871557427476554,-0.996194698091746,-1.13988583996408E-16));
#9388=DIRECTION('',(0.675590207615662,0.737277336810122,-1.69876215607139E-13));
#9389=DIRECTION('',(1.92219017540546E-14,-2.4802382370126E-13,-1.));
#9390=DIRECTION('',(-0.664985191526859,0.609346661255912,-0.431846432735364));
#9391=DIRECTION('',(-0.996194698091745,0.0871557427476611,1.67696242732593E-15));
#9392=DIRECTION('',(-0.0871557427476611,-0.996194698091745,0.));
#9393=DIRECTION('',(-2.3382641009578E-14,-2.4802382370126E-13,-1.));
#9394=DIRECTION('',(0.0871557427476611,0.996194698091745,-1.78325227830606E-16));
#9395=DIRECTION('',(0.7071067811865,0.707106781186595,-1.39354801162706E-13));
#9396=DIRECTION('',(-1.67696242732653E-15,-1.95400487358765E-13,-1.));
#9397=DIRECTION('',(0.707106781186593,-0.707106781186501,1.41062994334879E-13));
#9398=DIRECTION('',(1.,1.38777878078154E-13,0.));
#9399=DIRECTION('',(-1.38777878078154E-13,1.,0.));
#9400=DIRECTION('',(0.707106781186554,0.,0.707106781186541));
#9401=DIRECTION('',(0.707106781186547,-2.16930156862055E-15,-0.707106781186547));
#9402=DIRECTION('',(3.06785569922041E-15,1.,0.));
#9403=DIRECTION('',(0.706770036377106,-0.0308582462075859,0.706770036377106));
#9404=DIRECTION('',(-0.704416026402764,0.061628416716222,0.707106781186542));
#9405=DIRECTION('',(-0.0871557427476611,-0.996194698091745,1.78325227830606E-16));
#9406=DIRECTION('',(0.675590207615657,-0.737277336810127,1.67065260909666E-13));
#9407=DIRECTION('',(-2.3382641009578E-14,-2.4802382370126E-13,-1.));
#9408=DIRECTION('',(-0.664985191525111,-0.609346661254303,0.431846432740326));
#9409=DIRECTION('',(-2.50064523628799E-13,0.737277336810294,0.675590207615475));
#9410=DIRECTION('',(0.,-0.675590207615475,0.737277336810294));
#9411=DIRECTION('',(-0.15482351132643,0.667444038330611,-0.728387353018626));
#9412=DIRECTION('',(0.274787293148635,0.73727733681028,0.617182365391289));
#9413=DIRECTION('',(0.,-0.641891970596789,0.766795082198217));
#9414=DIRECTION('',(0.274787293140658,-0.737277336810277,-0.617182365394844));
#9415=DIRECTION('',(0.,0.641891970598965,-0.766795082196396));
#9416=DIRECTION('',(0.154823511321876,0.667444038331151,-0.728387353019099));
#9417=DIRECTION('',(2.50064523628745E-13,-0.737277336810294,-0.675590207615475));
#9418=DIRECTION('',(0.,0.675590207615475,-0.737277336810294));
#9419=DIRECTION('',(0.,0.,1.));
#9420=DIRECTION('',(1.,0.,0.));
#9421=DIRECTION('',(0.,1.,0.));
#9422=DIRECTION('',(0.,0.,1.));
#9423=DIRECTION('',(1.,0.,0.));
#9424=DIRECTION('',(0.,0.,-1.));
#9425=DIRECTION('',(1.,0.,0.));
#9426=DIRECTION('',(0.,0.,-1.));
#9427=DIRECTION('',(-1.,0.,0.));
#9428=DIRECTION('',(0.,0.,1.));
#9429=DIRECTION('',(0.,1.,0.));
#9430=DIRECTION('',(0.,0.,-1.));
#9431=DIRECTION('',(0.,1.,0.));
#9432=DIRECTION('',(0.,-1.,0.));
#9433=DIRECTION('',(0.,0.,-1.));
#9434=DIRECTION('',(-1.,0.,0.));
#9435=DIRECTION('',(0.,0.,-1.));
#9436=DIRECTION('',(-1.,0.,0.));
#9437=DIRECTION('',(1.,0.,0.));
#9438=DIRECTION('',(0.,0.,-1.));
#9439=DIRECTION('',(0.,-1.,0.));
#9440=DIRECTION('',(0.,-1.,0.));
#9441=DIRECTION('',(0.,0.,1.));
#9442=DIRECTION('',(1.,0.,0.));
#9443=DIRECTION('',(0.,0.,1.));
#9444=DIRECTION('',(1.,0.,0.));
#9445=DIRECTION('',(-2.42143891583793E-17,2.4802382370126E-13,1.));
#9446=DIRECTION('',(-1.,-5.87046861582673E-17,-2.42143891583648E-17));
#9447=DIRECTION('',(0.,0.,1.));
#9448=DIRECTION('',(1.,0.,0.));
#9449=DIRECTION('',(0.,0.,-1.));
#9450=DIRECTION('',(-1.,0.,0.));
#9451=DIRECTION('',(0.,0.,-1.));
#9452=DIRECTION('',(-1.,0.,0.));
#9453=DIRECTION('',(0.,0.,-1.));
#9454=DIRECTION('',(-1.,0.,0.));
#9455=DIRECTION('',(0.,0.,-1.));
#9456=DIRECTION('',(-1.,0.,0.));
#9457=DIRECTION('',(0.,0.,-1.));
#9458=DIRECTION('',(-1.,0.,0.));
#9459=DIRECTION('',(0.,0.,-1.));
#9460=DIRECTION('',(-1.,0.,0.));
#9461=DIRECTION('',(0.,0.,-1.));
#9462=DIRECTION('',(-1.,0.,0.));
#9463=DIRECTION('',(0.,0.,-1.));
#9464=DIRECTION('',(-1.,0.,0.));
#9465=DIRECTION('',(0.,0.,-1.));
#9466=DIRECTION('',(-1.,0.,0.));
#9467=DIRECTION('',(0.,0.,-1.));
#9468=DIRECTION('',(-1.,0.,0.));
#9469=DIRECTION('',(0.,0.,-1.));
#9470=DIRECTION('',(-1.,0.,0.));
#9471=DIRECTION('',(0.,0.,1.));
#9472=DIRECTION('',(1.,0.,0.));
#9473=DIRECTION('',(0.,0.,-1.));
#9474=DIRECTION('',(-1.,0.,0.));
#9475=DIRECTION('',(0.,0.,1.));
#9476=DIRECTION('',(1.,0.,0.));
#9477=DIRECTION('',(-3.57514479572107E-13,1.94553778429331E-13,1.));
#9478=DIRECTION('',(-0.926165595770015,0.377117076266738,-4.04487163067223E-13));
#9479=DIRECTION('',(5.9154027199577E-14,1.95261807651269E-13,1.));
#9480=DIRECTION('',(-0.926867861912606,0.375387754932889,-1.84709248843556E-14));
#9481=DIRECTION('',(5.92353034293437E-14,1.95197426753433E-13,1.));
#9482=DIRECTION('',(-0.966506509262968,0.256642100116705,7.15542880324995E-15));
#9483=DIRECTION('',(-3.57441581763923E-13,1.94948721056759E-13,1.));
#9484=DIRECTION('',(-0.973075479400347,0.230486683758054,-3.92750722751794E-13));
#9485=DIRECTION('',(0.,-3.81639164714897E-16,1.));
#9486=DIRECTION('',(1.,0.,0.));
#9487=DIRECTION('',(0.,-3.81639164714897E-16,1.));
#9488=DIRECTION('',(1.,0.,0.));
#9489=DIRECTION('',(0.,-3.81639164714897E-16,1.));
#9490=DIRECTION('',(1.,0.,0.));
#9491=DIRECTION('',(0.,-3.81639164714897E-16,1.));
#9492=DIRECTION('',(1.,0.,0.));
#9493=DIRECTION('',(0.,-3.81639164714897E-16,1.));
#9494=DIRECTION('',(1.,0.,0.));
#9495=DIRECTION('',(0.,-3.81639164714897E-16,1.));
#9496=DIRECTION('',(1.,0.,0.));
#9497=DIRECTION('',(0.,-3.81639164714897E-16,1.));
#9498=DIRECTION('',(1.,0.,0.));
#9499=DIRECTION('',(0.,-3.81639164714897E-16,1.));
#9500=DIRECTION('',(1.,0.,0.));
#9501=DIRECTION('',(0.,-3.81639164714897E-16,1.));
#9502=DIRECTION('',(1.,0.,0.));
#9503=DIRECTION('',(0.,-3.81639164714897E-16,1.));
#9504=DIRECTION('',(1.,0.,0.));
#9505=DIRECTION('',(0.,-3.81639164714897E-16,1.));
#9506=DIRECTION('',(1.,0.,0.));
#9507=DIRECTION('',(0.,-3.81639164714897E-16,1.));
#9508=DIRECTION('',(1.,0.,0.));
#9509=DIRECTION('',(0.,3.81639164714897E-16,-1.));
#9510=DIRECTION('',(0.,-3.81639164714897E-16,1.));
#9511=DIRECTION('',(1.,0.,0.));
#9512=DIRECTION('',(0.,-3.81639164714897E-16,1.));
#9513=DIRECTION('',(1.,0.,0.));
#9514=DIRECTION('',(0.,-3.81639164714897E-16,1.));
#9515=DIRECTION('',(1.,0.,0.));
#9516=DIRECTION('',(0.,-3.81639164714897E-16,1.));
#9517=DIRECTION('',(1.,0.,0.));
#9518=DIRECTION('',(0.,-3.81639164714897E-16,1.));
#9519=DIRECTION('',(1.,0.,0.));
#9520=DIRECTION('',(0.,-3.81639164714897E-16,1.));
#9521=DIRECTION('',(1.,0.,0.));
#9522=DIRECTION('',(0.,-3.81639164714897E-16,1.));
#9523=DIRECTION('',(1.,0.,0.));
#9524=DIRECTION('',(0.,-3.81639164714897E-16,1.));
#9525=DIRECTION('',(1.,0.,0.));
#9526=DIRECTION('',(0.,-3.81639164714897E-16,1.));
#9527=DIRECTION('',(1.,0.,0.));
#9528=DIRECTION('',(0.,-3.81639164714897E-16,1.));
#9529=DIRECTION('',(1.,0.,0.));
#9530=DIRECTION('',(0.,-3.81639164714897E-16,1.));
#9531=DIRECTION('',(1.,0.,0.));
#9532=DIRECTION('',(0.,-3.81639164714897E-16,1.));
#9533=DIRECTION('',(1.,0.,0.));
#9534=DIRECTION('',(0.,-3.81639164714897E-16,1.));
#9535=DIRECTION('',(1.,0.,0.));
#9536=DIRECTION('',(0.,-3.81639164714897E-16,1.));
#9537=DIRECTION('',(1.,0.,0.));
#9538=DIRECTION('',(0.,-3.81639164714897E-16,1.));
#9539=DIRECTION('',(1.,0.,0.));
#9540=DIRECTION('',(0.,-3.81639164714897E-16,1.));
#9541=DIRECTION('',(1.,0.,0.));
#9542=DIRECTION('',(0.,-3.81639164714897E-16,1.));
#9543=DIRECTION('',(1.,0.,0.));
#9544=DIRECTION('',(0.,-3.81639164714897E-16,1.));
#9545=DIRECTION('',(1.,0.,0.));
#9546=DIRECTION('',(0.,-3.81639164714897E-16,1.));
#9547=DIRECTION('',(1.,0.,0.));
#9548=DIRECTION('',(0.,-3.81639164714897E-16,1.));
#9549=DIRECTION('',(1.,0.,0.));
#9550=DIRECTION('',(0.,-3.81639164714897E-16,1.));
#9551=DIRECTION('',(1.,0.,0.));
#9552=DIRECTION('',(0.,-3.81639164714897E-16,1.));
#9553=DIRECTION('',(1.,0.,0.));
#9554=DIRECTION('',(0.,-3.81639164714897E-16,1.));
#9555=DIRECTION('',(1.,0.,0.));
#9556=DIRECTION('',(0.,3.81639164714897E-16,-1.));
#9557=DIRECTION('',(0.,-3.81639164714897E-16,1.));
#9558=DIRECTION('',(1.,0.,0.));
#9559=DIRECTION('',(0.,-3.81639164714897E-16,1.));
#9560=DIRECTION('',(1.,0.,0.));
#9561=DIRECTION('',(0.,-3.81639164714897E-16,1.));
#9562=DIRECTION('',(1.,0.,0.));
#9563=DIRECTION('',(0.,-3.81639164714897E-16,1.));
#9564=DIRECTION('',(1.,0.,0.));
#9565=DIRECTION('',(0.,3.81639164714897E-16,-1.));
#9566=DIRECTION('',(0.,3.81639164714897E-16,-1.));
#9567=DIRECTION('',(-1.,0.,0.));
#9568=DIRECTION('',(0.,3.81639164714897E-16,-1.));
#9569=DIRECTION('',(-1.,0.,0.));
#9570=DIRECTION('',(0.,-3.81639164714897E-16,1.));
#9571=DIRECTION('',(-1.,0.,0.));
#9572=DIRECTION('',(-0.707106781186546,1.83264035712725E-16,-0.707106781186549));
#9573=DIRECTION('',(0.,-3.81639164714897E-16,1.));
#9574=DIRECTION('',(-1.,0.,0.));
#9575=DIRECTION('',(0.,-3.81639164714897E-16,1.));
#9576=DIRECTION('',(1.,0.,0.));
#9577=DIRECTION('',(-0.707106781186547,-3.56455246959823E-16,0.707106781186548));
#9578=DIRECTION('',(0.,-3.81639164714897E-16,1.));
#9579=DIRECTION('',(1.,0.,0.));
#9580=DIRECTION('',(0.,3.81639164714897E-16,-1.));
#9581=DIRECTION('',(1.,0.,0.));
#9582=DIRECTION('',(0.,3.81639164714897E-16,-1.));
#9583=DIRECTION('',(1.,3.23418171489487E-14,1.23429040820867E-29));
#9584=DIRECTION('',(0.,3.81639164714897E-16,-1.));
#9585=DIRECTION('',(-1.,0.,0.));
#9586=DIRECTION('',(0.,3.81639164714897E-16,-1.));
#9587=DIRECTION('',(1.,0.,0.));
#9588=DIRECTION('',(0.,3.81639164714897E-16,-1.));
#9589=DIRECTION('',(1.,0.,0.));
#9590=DIRECTION('',(-0.707106781186547,3.56455246959823E-16,-0.707106781186548));
#9591=DIRECTION('',(0.,-3.81639164714897E-16,1.));
#9592=DIRECTION('',(1.,0.,0.));
#9593=DIRECTION('',(0.,-3.81639164714897E-16,1.));
#9594=DIRECTION('',(1.,0.,0.));
#9595=DIRECTION('',(0.,-3.81639164714897E-16,1.));
#9596=DIRECTION('',(1.,3.23418171489487E-14,1.23429040820867E-29));
#9597=DIRECTION('',(-0.814784976129211,-0.579763264336505,-2.21260367933766E-16));
#9598=DIRECTION('',(0.166185446134703,0.986094517525075,3.76332287998209E-16));
#9599=DIRECTION('',(-0.814784976129211,0.579763264336505,2.21260367933766E-16));
#9600=DIRECTION('',(0.986094517525077,0.166185446134692,6.34228748506163E-17));
#9601=DIRECTION('',(0.,-3.81639164714897E-16,1.));
#9602=DIRECTION('',(1.,0.,0.));
#9603=DIRECTION('',(0.,-3.81639164714897E-16,1.));
#9604=DIRECTION('',(1.,0.,0.));
#9605=DIRECTION('',(0.,3.81639164714897E-16,-1.));
#9606=DIRECTION('',(-1.,0.,0.));
#9607=DIRECTION('',(0.886477489501744,-0.462771715435036,-1.76611810932307E-16));
#9608=DIRECTION('',(0.,-3.81639164714897E-16,1.));
#9609=DIRECTION('',(1.,0.,0.));
#9610=DIRECTION('',(-0.700085868354137,-0.714058664908447,-2.72512752433094E-16));
#9611=DIRECTION('',(0.,3.81639164714897E-16,-1.));
#9612=DIRECTION('',(-1.,0.,0.));
#9613=DIRECTION('',(0.445164964626953,-0.895448577121368,-3.41738247017742E-16));
#9614=DIRECTION('',(0.,-3.81639164714897E-16,1.));
#9615=DIRECTION('',(1.,0.,0.));
#9616=DIRECTION('',(0.,-3.81639164714897E-16,1.));
#9617=DIRECTION('',(-0.972369920397677,0.233445363855905,8.90918936685328E-17));
#9618=DIRECTION('',(0.,-3.81639164714897E-16,1.));
#9619=DIRECTION('',(1.,0.,0.));
#9620=DIRECTION('',(0.,-3.81639164714897E-16,1.));
#9621=DIRECTION('',(1.,0.,0.));
#9622=DIRECTION('',(0.,-3.81639164714897E-16,1.));
#9623=DIRECTION('',(1.,0.,0.));
#9624=DIRECTION('',(0.318398595851979,0.947956926320752,3.61777489546753E-16));
#9625=DIRECTION('',(0.999951189047859,0.00988025919569641,3.77069386661226E-18));
#9626=DIRECTION('',(0.,3.81639164714897E-16,-1.));
#9627=DIRECTION('',(-1.,0.,0.));
#9628=DIRECTION('',(0.989185743648551,0.146668212515399,5.59743341146039E-17));
#9629=DIRECTION('',(0.,-3.81639164714897E-16,1.));
#9630=DIRECTION('',(1.,0.,0.));
#9631=DIRECTION('',(-0.1466682125154,-0.989185743648551,-3.77512020953917E-16));
#9632=DIRECTION('',(0.,-3.81639164714897E-16,1.));
#9633=DIRECTION('',(-0.923879532511287,-0.38268343236509,-1.46046985478043E-16));
#9634=DIRECTION('',(0.,-3.81639164714897E-16,1.));
#9635=DIRECTION('',(1.,0.,0.));
#9636=DIRECTION('',(-0.299605226070482,0.954063262321349,3.64107906517489E-16));
#9637=DIRECTION('',(0.803170034841093,0.595749859532805,2.27361478771117E-16));
#9638=DIRECTION('',(0.,3.81639164714897E-16,-1.));
#9639=DIRECTION('',(-1.,0.,0.));
#9640=DIRECTION('',(0.714058664908455,0.700085868354129,2.67180186027373E-16));
#9641=DIRECTION('',(0.,-3.81639164714897E-16,1.));
#9642=DIRECTION('',(1.,0.,0.));
#9643=DIRECTION('',(0.462771715435034,-0.886477489501745,-3.38314528632005E-16));
#9644=DIRECTION('',(0.,-3.81639164714897E-16,1.));
#9645=DIRECTION('',(1.,0.,0.));
#9646=DIRECTION('',(0.,-3.81639164714897E-16,1.));
#9647=DIRECTION('',(1.,0.,0.));
#9648=DIRECTION('',(-0.803170034841092,0.595749859532807,2.27361478771118E-16));
#9649=DIRECTION('',(0.299605226070468,0.954063262321354,3.64107906517491E-16));
#9650=DIRECTION('',(0.,3.81639164714897E-16,-1.));
#9651=DIRECTION('',(-1.,0.,0.));
#9652=DIRECTION('',(0.166185446134694,0.986094517525076,3.7633228799821E-16));
#9653=DIRECTION('',(0.,-3.81639164714897E-16,1.));
#9654=DIRECTION('',(1.,0.,0.));
#9655=DIRECTION('',(0.895448577121368,-0.445164964626955,-1.69892385260568E-16));
#9656=DIRECTION('',(0.,-3.81639164714897E-16,1.));
#9657=DIRECTION('',(1.,0.,0.));
#9658=DIRECTION('',(0.,-3.81639164714897E-16,1.));
#9659=DIRECTION('',(1.,0.,0.));
#9660=DIRECTION('',(-0.999951189047859,0.00988025919569641,3.77069386661226E-18));
#9661=DIRECTION('',(-0.318398595851972,0.947956926320755,3.61777489546754E-16));
#9662=DIRECTION('',(0.,3.81639164714897E-16,-1.));
#9663=DIRECTION('',(-1.,0.,0.));
#9664=DIRECTION('',(-0.445164964626953,0.895448577121368,3.41738247017742E-16));
#9665=DIRECTION('',(0.,-3.81639164714897E-16,1.));
#9666=DIRECTION('',(1.,0.,0.));
#9667=DIRECTION('',(0.986094517525076,0.166185446134694,6.3422874850617E-17));
#9668=DIRECTION('',(0.,-3.81639164714897E-16,1.));
#9669=DIRECTION('',(1.,0.,0.));
#9670=DIRECTION('',(0.,-3.81639164714897E-16,1.));
#9671=DIRECTION('',(1.,0.,0.));
#9672=DIRECTION('',(-0.814784976129214,-0.579763264336502,-2.21260367933765E-16));
#9673=DIRECTION('',(-0.814784976129213,0.579763264336503,2.21260367933765E-16));
#9674=DIRECTION('',(0.,3.81639164714897E-16,-1.));
#9675=DIRECTION('',(-1.,0.,0.));
#9676=DIRECTION('',(-0.886477489501744,0.462771715435036,1.76611810932307E-16));
#9677=DIRECTION('',(0.,-3.81639164714897E-16,1.));
#9678=DIRECTION('',(1.,0.,0.));
#9679=DIRECTION('',(0.700085868354137,0.714058664908447,2.72512752433094E-16));
#9680=DIRECTION('',(0.,-3.81639164714897E-16,1.));
#9681=DIRECTION('',(1.,0.,0.));
#9682=DIRECTION('',(0.,-3.81639164714897E-16,1.));
#9683=DIRECTION('',(1.,0.,0.));
#9684=DIRECTION('',(-0.318398595851979,-0.947956926320752,-3.61777489546753E-16));
#9685=DIRECTION('',(-0.999951189047859,-0.00988025919569641,-3.77069386661226E-18));
#9686=DIRECTION('',(0.,3.81639164714897E-16,-1.));
#9687=DIRECTION('',(-1.,0.,0.));
#9688=DIRECTION('',(-0.989185743648551,-0.146668212515399,-5.59743341146039E-17));
#9689=DIRECTION('',(0.,-3.81639164714897E-16,1.));
#9690=DIRECTION('',(1.,0.,0.));
#9691=DIRECTION('',(0.1466682125154,0.989185743648551,3.77512020953917E-16));
#9692=DIRECTION('',(0.,-3.81639164714897E-16,1.));
#9693=DIRECTION('',(1.,0.,0.));
#9694=DIRECTION('',(0.,-3.81639164714897E-16,1.));
#9695=DIRECTION('',(1.,0.,0.));
#9696=DIRECTION('',(0.299605226070482,-0.954063262321349,-3.64107906517489E-16));
#9697=DIRECTION('',(-0.803170034841092,-0.595749859532806,-2.27361478771117E-16));
#9698=DIRECTION('',(0.,3.81639164714897E-16,-1.));
#9699=DIRECTION('',(-1.,0.,0.));
#9700=DIRECTION('',(-0.714058664908456,-0.700085868354128,-2.67180186027373E-16));
#9701=DIRECTION('',(0.,-3.81639164714897E-16,1.));
#9702=DIRECTION('',(1.,0.,0.));
#9703=DIRECTION('',(-0.462771715435034,0.886477489501745,3.38314528632005E-16));
#9704=DIRECTION('',(0.,-3.81639164714897E-16,1.));
#9705=DIRECTION('',(1.,0.,0.));
#9706=DIRECTION('',(0.,-3.81639164714897E-16,1.));
#9707=DIRECTION('',(1.,0.,0.));
#9708=DIRECTION('',(0.803170034841092,-0.595749859532807,-2.27361478771118E-16));
#9709=DIRECTION('',(-0.299605226070468,-0.954063262321354,-3.64107906517491E-16));
#9710=DIRECTION('',(0.,-3.81639164714897E-16,1.));
#9711=DIRECTION('',(1.,0.,0.));
#9712=DIRECTION('',(-0.318398595851983,-0.947956926320751,-3.61777489546753E-16));
#9713=DIRECTION('',(-0.814784976129212,0.579763264336505,2.21260367933766E-16));
#9714=DIRECTION('',(0.,-3.81639164714897E-16,1.));
#9715=DIRECTION('',(1.,0.,0.));
#9716=DIRECTION('',(0.,3.81639164714897E-16,-1.));
#9717=DIRECTION('',(-1.,0.,0.));
#9718=DIRECTION('',(-0.895448577121368,0.445164964626955,1.69892385260568E-16));
#9719=DIRECTION('',(0.,-3.81639164714897E-16,1.));
#9720=DIRECTION('',(1.,0.,0.));
#9721=DIRECTION('',(0.,-3.81639164714897E-16,1.));
#9722=DIRECTION('',(1.,0.,0.));
#9723=DIRECTION('',(0.,-3.81639164714897E-16,1.));
#9724=DIRECTION('',(1.,0.,0.));
#9725=DIRECTION('',(0.,-3.81639164714897E-16,1.));
#9726=DIRECTION('',(1.,0.,0.));
#9727=DIRECTION('',(0.999951189047859,-0.00988025919569641,-3.77069386661226E-18));
#9728=DIRECTION('',(0.318398595851972,-0.947956926320755,-3.61777489546754E-16));
#9729=DIRECTION('',(-0.814784976129211,-0.579763264336506,-2.21260367933766E-16));
#9730=DIRECTION('',(0.,-3.81639164714897E-16,1.));
#9731=DIRECTION('',(1.,0.,0.));
#9732=DIRECTION('',(0.,-3.81639164714897E-16,1.));
#9733=DIRECTION('',(1.,0.,0.));
#9734=DIRECTION('',(0.,-3.81639164714897E-16,1.));
#9735=DIRECTION('',(1.,0.,0.));
#9736=DIRECTION('',(0.,-3.81639164714897E-16,1.));
#9737=DIRECTION('',(1.,0.,0.));
#9738=DIRECTION('',(0.299605226070475,-0.954063262321351,-3.6410790651749E-16));
#9739=DIRECTION('',(-0.999951189047858,-0.00988025919570469,-3.77069386661542E-18));
#9740=DIRECTION('',(0.,-3.81639164714897E-16,1.));
#9741=DIRECTION('',(1.,0.,0.));
#9742=DIRECTION('',(0.,-3.81639164714897E-16,1.));
#9743=DIRECTION('',(1.,0.,0.));
#9744=DIRECTION('',(0.,-3.81639164714897E-16,1.));
#9745=DIRECTION('',(1.,0.,0.));
#9746=DIRECTION('',(0.,-3.81639164714897E-16,1.));
#9747=DIRECTION('',(1.,0.,0.));
#9748=DIRECTION('',(0.,-3.81639164714897E-16,1.));
#9749=DIRECTION('',(1.,0.,0.));
#9750=DIRECTION('',(0.803170034841093,-0.595749859532805,-2.27361478771117E-16));
#9751=DIRECTION('',(-0.803170034841092,-0.595749859532807,-2.27361478771118E-16));
#9752=DIRECTION('',(0.,-3.81639164714897E-16,1.));
#9753=DIRECTION('',(1.,0.,0.));
#9754=DIRECTION('',(0.,-3.81639164714897E-16,1.));
#9755=DIRECTION('',(1.,0.,0.));
#9756=DIRECTION('',(0.,-3.81639164714897E-16,1.));
#9757=DIRECTION('',(1.,0.,0.));
#9758=DIRECTION('',(0.,-3.81639164714897E-16,1.));
#9759=DIRECTION('',(-0.968303522122262,0.249776478167225,9.53244864931685E-17));
#9760=DIRECTION('',(0.,-3.81639164714897E-16,1.));
#9761=DIRECTION('',(1.,0.,0.));
#9762=DIRECTION('',(0.999951189047859,-0.00988025919569126,-3.77069386661029E-18));
#9763=DIRECTION('',(-0.299605226070459,-0.954063262321356,-3.64107906517492E-16));
#9764=DIRECTION('',(0.,-3.81639164714897E-16,1.));
#9765=DIRECTION('',(1.,0.,0.));
#9766=DIRECTION('',(0.,-3.81639164714897E-16,1.));
#9767=DIRECTION('',(-0.990491329090629,0.137575168530806,5.2504072403608E-17));
#9768=DIRECTION('',(0.,-3.81639164714897E-16,1.));
#9769=DIRECTION('',(1.,0.,0.));
#9770=DIRECTION('',(0.,-3.81639164714897E-16,1.));
#9771=DIRECTION('',(1.,0.,0.));
#9772=DIRECTION('',(0.,-3.81639164714897E-16,1.));
#9773=DIRECTION('',(1.,0.,0.));
#9774=DIRECTION('',(0.814784976129211,0.579763264336506,2.21260367933766E-16));
#9775=DIRECTION('',(0.31839859585198,-0.947956926320752,-3.61777489546753E-16));
#9776=DIRECTION('',(0.,-3.81639164714897E-16,1.));
#9777=DIRECTION('',(1.,0.,0.));
#9778=DIRECTION('',(0.,-3.81639164714897E-16,1.));
#9779=DIRECTION('',(1.,0.,0.));
#9780=DIRECTION('',(0.,-3.81639164714897E-16,1.));
#9781=DIRECTION('',(1.,0.,0.));
#9782=DIRECTION('',(0.,-3.81639164714897E-16,1.));
#9783=DIRECTION('',(1.,0.,0.));
#9784=DIRECTION('',(0.,-3.81639164714897E-16,1.));
#9785=DIRECTION('',(1.,0.,0.));
#9786=DIRECTION('',(0.318398595851983,0.947956926320751,3.61777489546753E-16));
#9787=DIRECTION('',(0.814784976129212,-0.579763264336504,-2.21260367933766E-16));
#9788=DIRECTION('',(0.,-3.81639164714897E-16,1.));
#9789=DIRECTION('',(1.,0.,0.));
#9790=DIRECTION('',(0.,-3.81639164714897E-16,1.));
#9791=DIRECTION('',(1.,0.,0.));
#9792=DIRECTION('',(0.,-3.81639164714897E-16,1.));
#9793=DIRECTION('',(1.,0.,0.));
#9794=DIRECTION('',(0.,-3.81639164714897E-16,1.));
#9795=DIRECTION('',(1.,0.,0.));
#9796=DIRECTION('',(0.,-3.81639164714897E-16,1.));
#9797=DIRECTION('',(1.,0.,0.));
#9798=DIRECTION('',(-0.299605226070475,0.954063262321351,3.6410790651749E-16));
#9799=DIRECTION('',(0.999951189047858,0.00988025919570469,3.77069386661542E-18));
#9800=DIRECTION('',(0.,-3.81639164714897E-16,1.));
#9801=DIRECTION('',(1.,0.,0.));
#9802=DIRECTION('',(0.,-3.81639164714897E-16,1.));
#9803=DIRECTION('',(1.,0.,0.));
#9804=DIRECTION('',(0.,-3.81639164714897E-16,1.));
#9805=DIRECTION('',(1.,0.,0.));
#9806=DIRECTION('',(0.,-3.81639164714897E-16,1.));
#9807=DIRECTION('',(1.,0.,0.));
#9808=DIRECTION('',(0.,-3.81639164714897E-16,1.));
#9809=DIRECTION('',(1.,0.,0.));
#9810=DIRECTION('',(-0.803170034841093,0.595749859532805,2.27361478771117E-16));
#9811=DIRECTION('',(0.803170034841092,0.595749859532807,2.27361478771118E-16));
#9812=DIRECTION('',(0.,-3.81639164714897E-16,1.));
#9813=DIRECTION('',(1.,0.,0.));
#9814=DIRECTION('',(0.,-3.81639164714897E-16,1.));
#9815=DIRECTION('',(1.,0.,0.));
#9816=DIRECTION('',(0.,-3.81639164714897E-16,1.));
#9817=DIRECTION('',(1.,0.,0.));
#9818=DIRECTION('',(0.,-3.81639164714897E-16,1.));
#9819=DIRECTION('',(1.,0.,0.));
#9820=DIRECTION('',(0.,-3.81639164714897E-16,1.));
#9821=DIRECTION('',(1.,0.,0.));
#9822=DIRECTION('',(-0.999951189047859,0.00988025919569126,3.77069386661029E-18));
#9823=DIRECTION('',(0.299605226070458,0.954063262321357,3.64107906517492E-16));
#9824=DIRECTION('',(0.,-3.81639164714897E-16,1.));
#9825=DIRECTION('',(1.,0.,0.));
#9826=DIRECTION('',(0.,-3.81639164714897E-16,1.));
#9827=DIRECTION('',(1.,0.,0.));
#9828=DIRECTION('',(0.,-3.81639164714897E-16,1.));
#9829=DIRECTION('',(1.,0.,0.));
#9830=DIRECTION('',(0.,-3.81639164714897E-16,1.));
#9831=DIRECTION('',(1.,0.,0.));
#9832=DIRECTION('',(0.,-3.81639164714897E-16,1.));
#9833=DIRECTION('',(1.,0.,0.));
#9834=DIRECTION('',(0.,-3.81639164714897E-16,1.));
#9835=DIRECTION('',(1.,0.,0.));
#9836=DIRECTION('',(0.,-3.81639164714897E-16,1.));
#9837=DIRECTION('',(1.,0.,0.));
#9838=DIRECTION('',(-0.31839859585198,0.947956926320752,3.61777489546753E-16));
#9839=DIRECTION('',(0.,-3.81639164714897E-16,1.));
#9840=DIRECTION('',(-0.710166590470393,0.704033673754073,2.68686823182665E-16));
#9841=DIRECTION('',(0.,-3.81639164714897E-16,1.));
#9842=DIRECTION('',(0.,-3.81639164714897E-16,1.));
#9843=DIRECTION('',(0.,-3.81639164714897E-16,1.));
#9844=DIRECTION('',(0.783839542160348,-0.620963422550681,-2.36983961900746E-16));
#9845=DIRECTION('',(0.,-3.81639164714897E-16,1.));
#9846=DIRECTION('',(0.,-3.81639164714897E-16,1.));
#9847=DIRECTION('',(0.,-3.81639164714897E-16,1.));
#9848=DIRECTION('',(0.783839542160348,-0.620963422550681,-2.36983961900746E-16));
#9849=DIRECTION('',(0.,-3.81639164714897E-16,1.));
#9850=DIRECTION('',(0.783839542160348,-0.620963422550681,-2.36983961900746E-16));
#9851=DIRECTION('',(0.,-3.81639164714897E-16,1.));
#9852=DIRECTION('',(0.,-3.81639164714897E-16,1.));
#9853=DIRECTION('',(0.783839542160348,-0.620963422550681,-2.36983961900746E-16));
#9854=DIRECTION('',(0.,-3.81639164714897E-16,1.));
#9855=DIRECTION('',(0.,-3.81639164714897E-16,1.));
#9856=DIRECTION('',(0.783839542160348,-0.620963422550681,-2.36983961900746E-16));
#9857=DIRECTION('',(0.,-3.81639164714897E-16,1.));
#9858=DIRECTION('',(0.,-3.81639164714897E-16,1.));
#9859=DIRECTION('',(0.783839542160348,-0.620963422550681,-2.36983961900746E-16));
#9860=DIRECTION('',(0.,-3.81639164714897E-16,1.));
#9861=DIRECTION('',(0.,-3.81639164714897E-16,1.));
#9862=DIRECTION('',(0.783839542160348,-0.620963422550681,-2.36983961900746E-16));
#9863=DIRECTION('',(0.,-3.81639164714897E-16,1.));
#9864=DIRECTION('',(0.,-3.81639164714897E-16,1.));
#9865=DIRECTION('',(0.783839542160348,-0.620963422550681,-2.36983961900746E-16));
#9866=DIRECTION('',(0.,-3.81639164714897E-16,1.));
#9867=DIRECTION('',(-0.710166590470393,0.704033673754073,2.68686823182665E-16));
#9868=DIRECTION('',(0.,-3.81639164714897E-16,1.));
#9869=DIRECTION('',(-0.710166590470393,0.704033673754073,2.68686823182665E-16));
#9870=DIRECTION('',(0.,-3.81639164714897E-16,1.));
#9871=DIRECTION('',(0.,-3.81639164714897E-16,1.));
#9872=DIRECTION('',(-0.710166590470393,0.704033673754073,2.68686823182665E-16));
#9873=DIRECTION('',(0.,-3.81639164714897E-16,1.));
#9874=DIRECTION('',(0.,-3.81639164714897E-16,1.));
#9875=DIRECTION('',(-0.710166590470393,0.704033673754073,2.68686823182665E-16));
#9876=DIRECTION('',(0.,-3.81639164714897E-16,1.));
#9877=DIRECTION('',(0.,-3.81639164714897E-16,1.));
#9878=DIRECTION('',(-0.710166590470393,0.704033673754073,2.68686823182665E-16));
#9879=DIRECTION('',(0.,-3.81639164714897E-16,1.));
#9880=DIRECTION('',(0.,-3.81639164714897E-16,1.));
#9881=DIRECTION('',(-0.710166590470393,0.704033673754073,2.68686823182665E-16));
#9882=DIRECTION('',(0.,-3.81639164714897E-16,1.));
#9883=DIRECTION('',(0.,-3.81639164714897E-16,1.));
#9884=DIRECTION('',(-0.710166590470393,0.704033673754073,2.68686823182665E-16));
#9885=DIRECTION('',(0.,-3.81639164714897E-16,1.));
#9886=DIRECTION('',(0.,-3.81639164714897E-16,1.));
#9887=DIRECTION('',(-0.710166590470393,0.704033673754073,2.68686823182665E-16));
#9888=DIRECTION('',(4.56141178124802E-16,-7.317041863472E-16,-1.));
#9889=DIRECTION('',(0.711010644010983,0.703181245556995,-1.90199428316448E-16));
#9890=DIRECTION('',(3.71457259839061E-16,-7.0871535151984E-16,-1.));
#9891=DIRECTION('',(0.711010644010983,0.703181245556995,-2.34245278086359E-16));
#9892=DIRECTION('',(0.,7.95321154116152E-16,1.));
#9893=DIRECTION('',(-1.,-3.01356480885415E-17,2.3967518417817E-32));
#9894=DIRECTION('',(0.,0.,-1.));
#9895=DIRECTION('',(-1.,0.,0.));
#9896=DIRECTION('',(0.,0.,-1.));
#9897=DIRECTION('',(-1.,0.,0.));
#9898=DIRECTION('',(-0.382683432365091,-7.931785533615E-16,-0.923879532511286));
#9899=DIRECTION('',(0.,0.,1.));
#9900=DIRECTION('',(-1.,-6.12323399573677E-17,0.));
#9901=DIRECTION('',(0.,0.,1.));
#9902=DIRECTION('',(-1.,-6.12323399573677E-17,0.));
#9903=DIRECTION('',(0.,0.,1.));
#9904=DIRECTION('',(1.,0.,0.));
#9905=DIRECTION('',(0.,0.,1.));
#9906=DIRECTION('',(-1.,0.,0.));
#9907=DIRECTION('',(0.,0.,-1.));
#9908=DIRECTION('',(0.,0.,1.));
#9909=DIRECTION('',(-1.,0.,0.));
#9910=DIRECTION('',(0.,0.,1.));
#9911=DIRECTION('',(1.,0.,0.));
#9912=DIRECTION('',(0.707106781186548,8.65956056235494E-17,-0.707106781186547));
#9913=DIRECTION('',(0.,0.,1.));
#9914=DIRECTION('',(1.,0.,0.));
#9915=DIRECTION('',(0.,0.,-1.));
#9916=DIRECTION('',(-1.,0.,0.));
#9917=DIRECTION('',(-0.707106781186535,8.65956056235478E-17,0.707106781186561));
#9918=DIRECTION('',(0.,0.,-1.));
#9919=DIRECTION('',(-1.,0.,0.));
#9920=DIRECTION('',(0.,0.,1.));
#9921=DIRECTION('',(1.,0.,0.));
#9922=DIRECTION('',(-0.866025403784439,0.5,0.));
#9923=DIRECTION('',(4.62250645765279E-16,1.,0.));
#9924=DIRECTION('',(0.866025403784439,0.5,0.));
#9925=DIRECTION('',(0.866025403784438,-0.5,0.));
#9926=DIRECTION('',(-1.1556266144132E-16,-1.,0.));
#9927=DIRECTION('',(-0.866025403784439,-0.5,0.));
#9928=DIRECTION('',(0.707106781186548,-8.17151415571225E-17,0.707106781186547));
#9929=DIRECTION('',(0.707106781186547,0.,-0.707106781186548));
#9930=DIRECTION('',(0.654653670707976,0.37796447300923,-0.654653670707977));
#9931=DIRECTION('',(1.1556266144132E-16,1.,0.));
#9932=DIRECTION('',(0.654653670707976,-0.377964473009227,-0.654653670707978));
#9933=DIRECTION('',(0.353553390593274,0.612372435695794,0.707106781186548));
#9934=DIRECTION('',(0.894427190999916,0.,-0.447213595499958));
#9935=DIRECTION('',(2.98462767239791E-15,0.755928946018455,-0.654653670707977));
#9936=DIRECTION('',(-0.866025403784438,0.5,0.));
#9937=DIRECTION('',(-0.353553390593274,0.612372435695795,0.707106781186547));
#9938=DIRECTION('',(0.894427190999916,2.77555756156289E-16,0.447213595499958));
#9939=DIRECTION('',(-0.654653670707977,0.377964473009227,-0.654653670707978));
#9940=DIRECTION('',(-0.866025403784439,-0.5,0.));
#9941=DIRECTION('',(-0.353553390593274,-0.612372435695794,0.707106781186548));
#9942=DIRECTION('',(0.894427190999916,-4.44089209850063E-16,0.447213595499958));
#9943=DIRECTION('',(0.866025403784439,-0.5,0.));
#9944=DIRECTION('',(0.654653670707976,0.377964473009228,0.654653670707977));
#9945=DIRECTION('',(-1.14591966321311E-15,-0.755928946018455,-0.654653670707977));
#9946=DIRECTION('',(-0.707106781186548,3.2686056622849E-16,0.707106781186547));
#9947=DIRECTION('',(0.707106781186547,0.,0.707106781186548));
#9948=DIRECTION('',(-4.62250645765279E-16,-1.,0.));
#9949=DIRECTION('',(0.353553390593274,-0.612372435695794,0.707106781186548));
#9950=DIRECTION('',(0.894427190999916,0.,-0.447213595499958));
#9951=DIRECTION('',(0.866025403784439,0.5,0.));
#9952=DIRECTION('',(0.5,-0.866025403784439,0.));
#9953=DIRECTION('',(-0.866025403784439,-0.5,0.));
#9954=DIRECTION('',(0.,0.,-1.));
#9955=DIRECTION('',(-0.866025403784439,-0.5,0.));
#9956=DIRECTION('',(-0.866025403784439,-0.5,0.));
#9957=DIRECTION('',(0.,0.,-1.));
#9958=DIRECTION('',(1.,-4.62250645765279E-16,0.));
#9959=DIRECTION('',(-4.62250645765279E-16,-1.,0.));
#9960=DIRECTION('',(0.,0.,-1.));
#9961=DIRECTION('',(-4.62250645765279E-16,-1.,0.));
#9962=DIRECTION('',(-4.62250645765279E-16,-1.,0.));
#9963=DIRECTION('',(0.5,0.866025403784439,0.));
#9964=DIRECTION('',(0.866025403784439,-0.5,0.));
#9965=DIRECTION('',(0.,0.,-1.));
#9966=DIRECTION('',(0.866025403784439,-0.5,0.));
#9967=DIRECTION('',(0.866025403784439,-0.5,0.));
#9968=DIRECTION('',(0.,0.,-1.));
#9969=DIRECTION('',(-1.,0.,0.));
#9970=DIRECTION('',(0.,0.,-1.));
#9971=DIRECTION('',(1.,0.,0.));
#9972=DIRECTION('',(0.,0.,-1.));
#9973=DIRECTION('',(-1.,0.,0.));
#9974=DIRECTION('',(0.,0.,-1.));
#9975=DIRECTION('',(1.,0.,0.));
#9976=DIRECTION('',(0.866025403784439,0.5,0.));
#9977=DIRECTION('',(0.,0.,-1.));
#9978=DIRECTION('',(-1.,0.,0.));
#9979=DIRECTION('',(0.,0.,-1.));
#9980=DIRECTION('',(1.,0.,0.));
#9981=DIRECTION('',(0.866025403784439,0.5,0.));
#9982=DIRECTION('',(1.1556266144132E-16,1.,0.));
#9983=DIRECTION('',(0.,0.,-1.));
#9984=DIRECTION('',(-1.,0.,0.));
#9985=DIRECTION('',(0.,0.,-1.));
#9986=DIRECTION('',(1.,0.,0.));
#9987=DIRECTION('',(1.1556266144132E-16,1.,0.));
#9988=DIRECTION('',(-0.866025403784439,0.5,0.));
#9989=DIRECTION('',(0.,0.,-1.));
#9990=DIRECTION('',(-1.,0.,0.));
#9991=DIRECTION('',(0.,0.,-1.));
#9992=DIRECTION('',(1.,0.,0.));
#9993=DIRECTION('',(-0.866025403784439,0.5,0.));
#9994=DIRECTION('',(0.,0.,-1.));
#9995=DIRECTION('',(-1.,0.,0.));
#9996=DIRECTION('',(0.,0.,-1.));
#9997=DIRECTION('',(1.,0.,0.));
#9998=DIRECTION('',(-0.5,0.866025403784439,0.));
#9999=DIRECTION('',(0.866025403784439,0.5,0.));
#10000=DIRECTION('',(0.,0.,-1.));
#10001=DIRECTION('',(-1.,1.1556266144132E-16,0.));
#10002=DIRECTION('',(1.1556266144132E-16,1.,0.));
#10003=DIRECTION('',(0.,0.,-1.));
#10004=DIRECTION('',(-0.5,-0.866025403784439,0.));
#10005=DIRECTION('',(-0.866025403784439,0.5,0.));
#10006=DIRECTION('',(0.,0.,1.));
#10007=DIRECTION('',(1.,0.,0.));
#10008=DIRECTION('',(9.82422998242324E-17,0.,-1.));
#10009=DIRECTION('',(1.,0.,9.82422998242324E-17));
#10010=DIRECTION('',(-0.85716730070211,-1.04972719113862E-16,0.515038074910058));
#10011=DIRECTION('',(9.82422998242324E-17,0.,-1.));
#10012=DIRECTION('',(0.,-1.,0.));
#10013=DIRECTION('',(-9.82422998242324E-17,0.,1.));
#10014=DIRECTION('',(1.,0.,9.82422998242324E-17));
#10015=DIRECTION('',(8.60549057946328E-17,0.,-1.));
#10016=DIRECTION('',(1.,0.,8.60549057946328E-17));
#10017=DIRECTION('',(-8.60549057946327E-17,0.,1.));
#10018=DIRECTION('',(1.,0.,8.60549057946327E-17));
#10019=DIRECTION('',(9.82422998242324E-17,0.,-1.));
#10020=DIRECTION('',(0.,-1.,0.));
#10021=DIRECTION('',(9.82422998242324E-17,0.,-1.));
#10022=DIRECTION('',(-1.,0.,-9.82422998242324E-17));
#10023=DIRECTION('',(8.60549057946328E-17,0.,-1.));
#10024=DIRECTION('',(1.,0.,8.60549057946328E-17));
#10025=DIRECTION('',(8.60549057946328E-17,0.,-1.));
#10026=DIRECTION('',(-8.60549057946327E-17,0.,1.));
#10027=DIRECTION('',(1.,0.,8.60549057946327E-17));
#10028=DIRECTION('',(-3.57568981942123E-13,1.94237661942169E-13,1.));
#10029=DIRECTION('',(-0.866025403784439,0.499999999999999,-4.06782652938303E-13));
#10030=DIRECTION('',(5.9610478664907E-14,1.95616017208932E-13,1.));
#10031=DIRECTION('',(-0.866025403784439,0.499999999999999,-4.61838197489061E-14));
#10032=DIRECTION('',(5.95753721751008E-14,1.95308399197464E-13,1.));
#10033=DIRECTION('',(-0.866025403784439,0.5,-4.60604138551821E-14));
#10034=DIRECTION('',(-3.57630113166421E-13,1.94981414405857E-13,1.));
#10035=DIRECTION('',(-0.866025403784439,0.499999999999999,-4.07207470363352E-13));
#10036=DIRECTION('',(1.,0.,0.));
#10037=DIRECTION('',(0.,0.,-1.));
#10038=DIRECTION('',(1.,0.,0.));
#10039=DIRECTION('',(0.,0.,-1.));
#10040=DIRECTION('',(-1.,0.,0.));
#10041=DIRECTION('',(0.,0.,1.));
#10042=DIRECTION('',(-1.,0.,0.));
#10043=DIRECTION('',(0.,0.,1.));
#10044=DIRECTION('',(1.,0.,0.));
#10045=DIRECTION('',(0.,0.,-1.));
#10046=DIRECTION('',(1.,0.,0.));
#10047=DIRECTION('',(0.,0.,-1.));
#10048=DIRECTION('',(-1.,0.,0.));
#10049=DIRECTION('',(0.,0.,-1.));
#10050=DIRECTION('',(1.,0.,0.));
#10051=DIRECTION('',(0.,0.,-1.));
#10052=DIRECTION('',(-1.,0.,0.));
#10053=DIRECTION('',(0.,0.,1.));
#10054=DIRECTION('',(1.,0.,0.));
#10055=DIRECTION('',(0.,0.,-1.));
#10056=DIRECTION('',(1.,0.,0.));
#10057=DIRECTION('',(0.,2.66453525910038E-15,1.));
#10058=DIRECTION('',(1.,0.,0.));
#10059=DIRECTION('',(0.,0.,1.));
#10060=DIRECTION('',(1.,0.,0.));
#10061=DIRECTION('',(0.,0.,1.));
#10062=DIRECTION('',(1.,0.,0.));
#10063=DIRECTION('',(0.,0.,1.));
#10064=DIRECTION('',(1.,0.,0.));
#10065=DIRECTION('',(0.,0.,1.));
#10066=DIRECTION('',(-1.,0.,0.));
#10067=DIRECTION('',(0.,0.,1.));
#10068=DIRECTION('',(1.,0.,0.));
#10069=DIRECTION('',(0.,0.,-1.));
#10070=DIRECTION('',(-1.,0.,0.));
#10071=DIRECTION('',(0.,0.,1.));
#10072=DIRECTION('',(0.,-0.866025403784439,-0.5));
#10073=DIRECTION('',(0.,-1.50231459873716E-16,-1.));
#10074=DIRECTION('',(-1.,0.,0.));
#10075=DIRECTION('',(0.,0.,1.));
#10076=DIRECTION('',(0.,-1.50231459873716E-16,-1.));
#10077=DIRECTION('',(0.,0.866025403784439,-0.5));
#10078=DIRECTION('',(-1.,0.,0.));
#10079=DIRECTION('',(0.,0.,1.));
#10080=DIRECTION('',(0.,0.866025403784439,-0.5));
#10081=DIRECTION('',(0.,0.866025403784439,0.5));
#10082=DIRECTION('',(-1.,0.,0.));
#10083=DIRECTION('',(0.,0.,1.));
#10084=DIRECTION('',(0.,0.866025403784439,0.5));
#10085=DIRECTION('',(0.,0.,1.));
#10086=DIRECTION('',(-1.,0.,0.));
#10087=DIRECTION('',(0.,0.,1.));
#10088=DIRECTION('',(0.,0.,1.));
#10089=DIRECTION('',(0.,-0.866025403784439,0.5));
#10090=DIRECTION('',(-1.,0.,0.));
#10091=DIRECTION('',(0.,0.,1.));
#10092=DIRECTION('',(0.,-0.866025403784439,0.5));
#10093=DIRECTION('',(0.,-0.866025403784439,-0.5));
#10094=DIRECTION('',(1.,0.,0.));
#10095=DIRECTION('',(0.,1.,0.));
#10096=DIRECTION('',(0.,0.866025403784439,-0.5));
#10097=DIRECTION('',(0.,0.866025403784439,0.5));
#10098=DIRECTION('',(0.,0.,1.));
#10099=DIRECTION('',(0.,-0.866025403784439,0.5));
#10100=DIRECTION('',(0.,-0.866025403784439,-0.5));
#10101=DIRECTION('',(0.,-1.50231459873716E-16,-1.));
#10102=DIRECTION('',(1.,0.,0.));
#10103=DIRECTION('',(0.,1.,0.));
#10104=DIRECTION('',(0.,0.5,0.866025403784439));
#10105=DIRECTION('',(1.,0.,0.));
#10106=DIRECTION('',(-1.,0.,0.));
#10107=DIRECTION('',(-1.,0.,0.));
#10108=DIRECTION('',(0.,-0.5,0.866025403784439));
#10109=DIRECTION('',(-1.,0.,0.));
#10110=DIRECTION('',(-1.,0.,0.));
#10111=DIRECTION('',(0.,-1.,0.));
#10112=DIRECTION('',(0.,0.,-1.));
#10113=DIRECTION('',(-1.,0.,0.));
#10114=DIRECTION('',(0.,-0.5,-0.866025403784439));
#10115=DIRECTION('',(0.,-0.866025403784439,0.5));
#10116=DIRECTION('',(-1.,0.,0.));
#10117=DIRECTION('',(0.,0.5,-0.866025403784439));
#10118=DIRECTION('',(-1.,0.,0.));
#10119=DIRECTION('',(-1.,0.,0.));
#10120=DIRECTION('',(0.,1.,-1.50231459873716E-16));
#10121=DIRECTION('',(1.,0.,0.));
#10122=DIRECTION('',(-1.,0.,0.));
#10123=DIRECTION('',(0.,0.,1.));
#10124=DIRECTION('',(-0.5,0.866025403784439,-2.60587484297237E-16));
#10125=DIRECTION('',(3.93325215782391E-16,-7.38140892018828E-17,-1.));
#10126=DIRECTION('',(0.5,-0.866025403784439,7.75040700301564E-16));
#10127=DIRECTION('',(4.51672328653786E-16,-6.3416677337028E-16,-1.));
#10128=DIRECTION('',(-0.707106781186548,0.,-0.707106781186548));
#10129=DIRECTION('',(-0.707106781186548,0.,0.707106781186548));
#10130=DIRECTION('',(0.,-1.,0.));
#10131=DIRECTION('',(-0.707106781186547,-1.40186826668194E-16,0.707106781186548));
#10132=DIRECTION('',(0.,-1.,0.));
#10133=DIRECTION('',(0.707106781186548,9.81307786677362E-17,-0.707106781186548));
#10134=DIRECTION('',(0.,0.,1.));
#10135=DIRECTION('',(-1.00929365875014E-16,1.,0.));
#10136=DIRECTION('',(0.,0.,1.));
#10137=DIRECTION('',(-1.00929365875014E-16,1.,0.));
#10138=DIRECTION('',(5.00717233147746E-17,-8.50092369755663E-17,1.));
#10139=DIRECTION('',(-0.968142077127579,0.250401514562306,6.97629839057911E-17));
#10140=DIRECTION('',(0.707106781186548,0.,-0.707106781186548));
#10141=DIRECTION('',(-0.707106781186548,0.,-0.707106781186548));
#10142=DIRECTION('',(0.,1.,0.));
#10143=DIRECTION('',(0.707106781186548,-9.34578844454629E-17,0.707106781186548));
#10144=DIRECTION('',(0.,1.,0.));
#10145=DIRECTION('',(-0.707106781186548,0.,-0.707106781186548));
#10146=DIRECTION('',(0.,0.,1.));
#10147=DIRECTION('',(2.35501853708367E-16,-1.,0.));
#10148=DIRECTION('',(0.,0.,1.));
#10149=DIRECTION('',(2.35501853708367E-16,-1.,0.));
#10150=DIRECTION('',(-5.00717233147746E-17,8.50092369755663E-17,1.));
#10151=DIRECTION('',(0.968142077127579,-0.250401514562306,6.97629839057911E-17));
#10152=DIRECTION('',(0.,1.,0.));
#10153=DIRECTION('',(-1.,0.,0.));
#10154=DIRECTION('',(1.,0.,0.));
#10155=DIRECTION('',(0.,0.,1.));
#10156=DIRECTION('',(0.707106781186548,0.,0.707106781186548));
#10157=DIRECTION('',(1.,0.,0.));
#10158=DIRECTION('',(0.,0.,-1.));
#10159=DIRECTION('',(1.,0.,0.));
#10160=DIRECTION('',(0.,0.,-1.));
#10161=DIRECTION('',(-1.,0.,0.));
#10162=DIRECTION('',(0.,0.,1.));
#10163=DIRECTION('',(-1.,0.,0.));
#10164=DIRECTION('',(0.,-1.,0.));
#10165=DIRECTION('',(0.,0.,-1.));
#10166=DIRECTION('',(0.,-1.,0.));
#10167=DIRECTION('',(0.,0.,1.));
#10168=DIRECTION('',(0.,-1.,0.));
#10169=DIRECTION('',(0.,0.,-1.));
#10170=DIRECTION('',(-0.707106781186548,0.707106781186548,0.));
#10171=DIRECTION('',(0.,0.,-1.));
#10172=DIRECTION('',(-0.707106781186548,0.707106781186548,0.));
#10173=DIRECTION('',(0.,0.,-1.));
#10174=DIRECTION('',(-0.707106781186548,0.707106781186548,0.));
#10175=DIRECTION('',(0.,0.,-1.));
#10176=DIRECTION('',(0.707106781186548,-0.707106781186548,0.));
#10177=DIRECTION('',(0.,0.,-1.));
#10178=DIRECTION('',(0.707106781186548,-0.707106781186548,0.));
#10179=DIRECTION('',(0.,0.,-1.));
#10180=DIRECTION('',(0.,0.,-1.));
#10181=DIRECTION('',(0.707106781186548,-0.707106781186548,0.));
#10182=DIRECTION('',(0.,0.,1.));
#10183=DIRECTION('',(0.,0.,1.));
#10184=DIRECTION('',(1.,0.,0.));
#10185=DIRECTION('',(0.,0.,-1.));
#10186=DIRECTION('',(-0.54139029200371,0.840771402774939,0.));
#10187=DIRECTION('',(0.,0.,1.));
#10188=DIRECTION('',(-1.00929365875014E-16,1.,0.));
#10189=DIRECTION('',(0.,-1.,0.));
#10190=DIRECTION('',(0.,0.,-1.));
#10191=DIRECTION('',(-0.707106781186548,-0.707106781186548,0.));
#10192=DIRECTION('',(-1.,-3.42213682912913E-16,0.));
#10193=DIRECTION('',(0.,0.,-1.));
#10194=DIRECTION('',(-0.707106781186548,-0.707106781186547,0.));
#10195=DIRECTION('',(-1.,0.,0.));
#10196=DIRECTION('',(0.,-1.,0.));
#10197=DIRECTION('',(0.,1.,0.));
#10198=DIRECTION('',(0.,0.,-1.));
#10199=DIRECTION('',(0.,0.,1.));
#10200=DIRECTION('',(0.,0.,1.));
#10201=DIRECTION('',(-1.00929365875014E-16,1.,0.));
#10202=DIRECTION('',(0.,0.,1.));
#10203=DIRECTION('',(0.,0.,-1.));
#10204=DIRECTION('',(-0.968142077127579,0.250401514562306,0.));
#10205=DIRECTION('',(0.,0.,1.));
#10206=DIRECTION('',(-0.54139029200371,0.840771402774939,0.));
#10207=DIRECTION('',(-8.83365234175944E-12,0.,-1.));
#10208=DIRECTION('',(0.,1.,0.));
#10209=DIRECTION('',(0.,0.,1.));
#10210=DIRECTION('',(-0.707106781186548,-0.707106781186548,0.));
#10211=DIRECTION('',(0.,-2.77555756156289E-15,-1.));
#10212=DIRECTION('',(-1.,0.,0.));
#10213=DIRECTION('',(0.,0.,1.));
#10214=DIRECTION('',(-0.707106781186548,-9.81307786677362E-17,0.707106781186548));
#10215=DIRECTION('',(-0.500000000000001,-0.707106781186547,-0.5));
#10216=DIRECTION('',(0.,0.,1.));
#10217=DIRECTION('',(-1.,-1.47196168001604E-16,6.93889390390723E-17));
#10218=DIRECTION('',(-0.707106781186548,-9.81307786677362E-17,0.707106781186548));
#10219=DIRECTION('',(-0.707106781186549,0.,0.707106781186546));
#10220=DIRECTION('',(0.,-1.,0.));
#10221=DIRECTION('',(0.,0.,-1.));
#10222=DIRECTION('',(-1.,0.,0.));
#10223=DIRECTION('',(0.,-1.,1.17756934401284E-15));
#10224=DIRECTION('',(-1.,0.,0.));
#10225=DIRECTION('',(0.413793103448275,0.910370950513386,-1.78866036864516E-11));
#10226=DIRECTION('',(-0.910370950513386,0.413793103448275,0.));
#10227=DIRECTION('',(0.,1.,0.));
#10228=DIRECTION('',(-0.923879532511287,0.,-0.38268343236509));
#10229=DIRECTION('',(1.11022302462516E-15,-1.,-1.11022302462516E-15));
#10230=DIRECTION('',(-0.707106781186548,0.,-0.707106781186548));
#10231=DIRECTION('',(0.,0.,1.));
#10232=DIRECTION('',(1.,0.,0.));
#10233=DIRECTION('',(0.,0.,1.));
#10234=DIRECTION('',(1.,0.,0.));
#10235=DIRECTION('',(0.,0.,1.));
#10236=DIRECTION('',(1.,0.,0.));
#10237=DIRECTION('',(0.,0.,-1.));
#10238=DIRECTION('',(0.54139029200371,-0.840771402774938,0.));
#10239=DIRECTION('',(0.,0.,1.));
#10240=DIRECTION('',(2.35501853708367E-16,-1.,0.));
#10241=DIRECTION('',(0.,1.,0.));
#10242=DIRECTION('',(0.,0.,-1.));
#10243=DIRECTION('',(0.707106781186548,0.707106781186548,0.));
#10244=DIRECTION('',(0.,0.,-1.));
#10245=DIRECTION('',(0.707106781186548,0.707106781186547,0.));
#10246=DIRECTION('',(1.38777878078144E-16,1.,0.));
#10247=DIRECTION('',(-1.,-3.42213682912913E-16,0.));
#10248=DIRECTION('',(1.,0.,0.));
#10249=DIRECTION('',(0.,1.,0.));
#10250=DIRECTION('',(0.,-1.,0.));
#10251=DIRECTION('',(0.,0.,-1.));
#10252=DIRECTION('',(0.,0.,1.));
#10253=DIRECTION('',(0.,0.,1.));
#10254=DIRECTION('',(2.35501853708367E-16,-1.,0.));
#10255=DIRECTION('',(0.,0.,1.));
#10256=DIRECTION('',(0.,0.,-1.));
#10257=DIRECTION('',(0.968142077127579,-0.250401514562306,0.));
#10258=DIRECTION('',(0.,0.,1.));
#10259=DIRECTION('',(0.54139029200371,-0.840771402774938,0.));
#10260=DIRECTION('',(0.,0.,-1.));
#10261=DIRECTION('',(7.68363727193418E-12,0.,-1.));
#10262=DIRECTION('',(0.,-1.,0.));
#10263=DIRECTION('',(0.,0.,1.));
#10264=DIRECTION('',(0.707106781186548,0.707106781186548,0.));
#10265=DIRECTION('',(0.,3.33066907387547E-15,-1.));
#10266=DIRECTION('',(1.,0.,0.));
#10267=DIRECTION('',(0.707106781186548,0.,0.707106781186548));
#10268=DIRECTION('',(0.500000000000001,0.707106781186547,-0.500000000000001));
#10269=DIRECTION('',(0.,0.,1.));
#10270=DIRECTION('',(1.,-4.9065389333868E-17,3.46944695195362E-17));
#10271=DIRECTION('',(0.70710678118655,0.,0.707106781186545));
#10272=DIRECTION('',(0.,1.,0.));
#10273=DIRECTION('',(0.,0.,-1.));
#10274=DIRECTION('',(-1.,0.,0.));
#10275=DIRECTION('',(0.,1.,-7.85046229341888E-16));
#10276=DIRECTION('',(1.,0.,0.));
#10277=DIRECTION('',(-0.413793103448275,-0.910370950513386,-1.55425660427627E-11));
#10278=DIRECTION('',(0.910370950513386,-0.413793103448275,0.));
#10279=DIRECTION('',(0.,-1.,0.));
#10280=DIRECTION('',(0.923879532511287,0.,-0.38268343236509));
#10281=DIRECTION('',(0.,1.,0.));
#10282=DIRECTION('',(0.707106781186548,0.,-0.707106781186548));
#10283=DIRECTION('',(0.,0.,1.));
#10284=DIRECTION('',(1.,0.,0.));
#10285=DIRECTION('',(0.,0.,1.));
#10286=DIRECTION('',(1.,0.,0.));
#10287=DIRECTION('',(1.38777878078145E-16,-1.,0.));
#10288=DIRECTION('',(1.,1.38777878078145E-16,0.));
#10289=DIRECTION('',(0.,0.,1.));
#10290=DIRECTION('',(1.,3.42213682912913E-16,0.));
#10291=DIRECTION('',(1.,1.38777878078145E-16,0.));
#10292=DIRECTION('',(0.,0.,1.));
#10293=DIRECTION('',(-0.707106781186548,-0.707106781186547,0.));
#10294=DIRECTION('',(0.,0.,-1.));
#10295=DIRECTION('',(-0.707106781186548,-0.707106781186547,0.));
#10296=DIRECTION('',(1.,-1.38777878078144E-16,0.));
#10297=DIRECTION('',(1.38777878078144E-16,1.,0.));
#10298=DIRECTION('',(0.,0.,-1.));
#10299=DIRECTION('',(1.38777878078144E-16,1.,0.));
#10300=DIRECTION('',(0.,0.,1.));
#10301=DIRECTION('',(0.707106781186548,0.707106781186547,0.));
#10302=DIRECTION('',(0.,0.,-1.));
#10303=DIRECTION('',(0.707106781186548,0.707106781186547,0.));
#10304=DIRECTION('',(0.,0.,1.));
#10305=DIRECTION('',(1.,0.,0.));
#10306=DIRECTION('',(0.,0.,1.));
#10307=DIRECTION('',(1.,0.,0.));
#10308=DIRECTION('',(0.,0.,1.));
#10309=DIRECTION('',(1.,0.,0.));
#10310=DIRECTION('',(0.707106781186548,8.65956056235494E-17,-0.707106781186547));
#10311=DIRECTION('',(0.,0.,-1.));
#10312=DIRECTION('',(1.,0.,0.));
#10313=DIRECTION('',(0.,0.,1.));
#10314=DIRECTION('',(1.,0.,0.));
#10315=DIRECTION('',(0.,0.,-1.));
#10316=DIRECTION('',(1.,0.,0.));
#10317=DIRECTION('',(0.,0.,1.));
#10318=DIRECTION('',(1.,0.,0.));
#10319=DIRECTION('',(0.,0.,1.));
#10320=DIRECTION('',(1.,0.,0.));
#10321=DIRECTION('',(0.,0.,1.));
#10322=DIRECTION('',(0.,0.,-1.));
#10323=DIRECTION('',(1.,0.,0.));
#10324=DIRECTION('',(-0.707106781186548,-8.65956056235492E-17,-0.707106781186548));
#10325=DIRECTION('',(-9.10307678041528E-17,1.70827814222167E-16,1.));
#10326=DIRECTION('',(1.,-1.16573417585642E-15,9.1030767804153E-17));
#10327=DIRECTION('',(-5.4318313343515E-16,-1.20923693731937E-16,1.));
#10328=DIRECTION('',(1.,3.88578058618805E-16,5.4318313343515E-16));
#10329=DIRECTION('',(0.,1.,0.));
#10330=DIRECTION('',(0.,0.,1.));
#10331=DIRECTION('',(0.,0.,-1.));
#10332=DIRECTION('',(1.,0.,0.));
#10333=DIRECTION('',(0.,0.,-1.));
#10334=DIRECTION('',(-1.,0.,0.));
#10335=DIRECTION('',(-1.,0.,0.));
#10336=DIRECTION('',(0.,0.,1.));
#10337=DIRECTION('',(0.,0.,-1.));
#10338=DIRECTION('',(0.,1.,0.));
#10339=DIRECTION('',(0.,0.,-1.));
#10340=DIRECTION('',(0.,-1.,0.));
#10341=DIRECTION('',(0.,-1.,0.));
#10342=DIRECTION('',(0.,0.,-1.));
#10343=DIRECTION('',(0.,0.,-1.));
#10344=DIRECTION('',(-1.,0.,0.));
#10345=DIRECTION('',(0.,0.,-1.));
#10346=DIRECTION('',(1.,0.,0.));
#10347=DIRECTION('',(1.,0.,0.));
#10348=DIRECTION('',(0.,0.,-1.));
#10349=DIRECTION('',(0.,0.,-1.));
#10350=DIRECTION('',(0.,-1.,0.));
#10351=DIRECTION('',(0.,0.,-1.));
#10352=DIRECTION('',(0.,1.,0.));
#10353=DIRECTION('',(0.,0.,1.));
#10354=DIRECTION('',(1.,0.,0.));
#10355=DIRECTION('',(0.,-1.,0.));
#10356=DIRECTION('',(0.,0.,1.));
#10357=DIRECTION('',(1.,0.,0.));
#10358=DIRECTION('',(1.,0.,0.));
#10359=DIRECTION('',(0.,0.,1.));
#10360=DIRECTION('',(1.,0.,0.));
#10361=DIRECTION('',(0.,1.,0.));
#10362=DIRECTION('',(0.,0.,1.));
#10363=DIRECTION('',(1.,0.,0.));
#10364=DIRECTION('',(-1.,0.,0.));
#10365=DIRECTION('',(0.,0.,1.));
#10366=DIRECTION('',(1.,0.,0.));
#10367=DIRECTION('',(0.,0.,-1.));
#10368=DIRECTION('',(1.,0.,0.));
#10369=DIRECTION('',(0.,0.,-1.));
#10370=DIRECTION('',(1.,0.,0.));
#10371=DIRECTION('',(0.,0.,1.));
#10372=DIRECTION('',(1.,0.,0.));
#10373=DIRECTION('',(0.,0.,1.));
#10374=DIRECTION('',(1.,0.,0.));
#10375=DIRECTION('',(0.,0.,1.));
#10376=DIRECTION('',(1.,0.,0.));
#10377=DIRECTION('',(-1.,0.,0.));
#10378=DIRECTION('',(0.,0.,1.));
#10379=DIRECTION('',(1.,0.,0.));
#10380=DIRECTION('',(0.,1.,0.));
#10381=DIRECTION('',(0.,0.,1.));
#10382=DIRECTION('',(1.,0.,0.));
#10383=DIRECTION('',(1.,0.,0.));
#10384=DIRECTION('',(0.,0.,1.));
#10385=DIRECTION('',(1.,0.,0.));
#10386=DIRECTION('',(0.,-1.,0.));
#10387=DIRECTION('',(0.,0.,1.));
#10388=DIRECTION('',(1.,0.,0.));
#10389=DIRECTION('',(0.,0.,1.));
#10390=DIRECTION('',(1.,0.,0.));
#10391=DIRECTION('',(0.,0.,1.));
#10392=DIRECTION('',(1.,0.,0.));
#10393=DIRECTION('',(0.,0.,-1.));
#10394=DIRECTION('',(1.,0.,0.));
#10395=DIRECTION('',(0.,0.,1.));
#10396=DIRECTION('',(1.,0.,0.));
#10397=DIRECTION('',(0.,0.,1.));
#10398=DIRECTION('',(1.,0.,0.));
#10399=DIRECTION('',(0.,0.,-1.));
#10400=DIRECTION('',(1.,0.,0.));
#10401=DIRECTION('',(0.,0.,-1.));
#10402=DIRECTION('',(-1.,0.,0.));
#10403=DIRECTION('',(0.,0.,-1.));
#10404=DIRECTION('',(1.,0.,0.));
#10405=DIRECTION('',(0.,0.,1.));
#10406=DIRECTION('',(1.,0.,0.));
#10407=DIRECTION('',(0.,0.,-1.));
#10408=DIRECTION('',(-1.,0.,0.));
#10409=DIRECTION('',(0.,0.,-1.));
#10410=DIRECTION('',(1.,0.,0.));
#10411=DIRECTION('',(0.,0.,1.));
#10412=DIRECTION('',(1.,0.,0.));
#10413=DIRECTION('',(0.,0.,-1.));
#10414=DIRECTION('',(-1.,0.,0.));
#10415=DIRECTION('',(0.,0.,1.));
#10416=DIRECTION('',(1.,0.,0.));
#10417=DIRECTION('',(0.,0.,-1.));
#10418=DIRECTION('',(-1.,0.,0.));
#10419=DIRECTION('',(0.,0.,-1.));
#10420=DIRECTION('',(-1.,0.,0.));
#10421=DIRECTION('',(0.,0.,1.));
#10422=DIRECTION('',(1.,0.,0.));
#10423=DIRECTION('',(0.,0.,-1.));
#10424=DIRECTION('',(-1.,0.,0.));
#10425=DIRECTION('',(0.,0.,-1.));
#10426=DIRECTION('',(-1.,0.,0.));
#10427=DIRECTION('',(0.,0.,1.));
#10428=DIRECTION('',(1.,0.,0.));
#10429=DIRECTION('',(0.,0.,-1.));
#10430=DIRECTION('',(-1.,0.,0.));
#10431=DIRECTION('',(0.,0.,-1.));
#10432=DIRECTION('',(-1.,0.,0.));
#10433=DIRECTION('',(0.,0.,1.));
#10434=DIRECTION('',(1.,0.,0.));
#10435=DIRECTION('',(0.,0.,-1.));
#10436=DIRECTION('',(-1.,0.,0.));
#10437=DIRECTION('',(0.,0.,-1.));
#10438=DIRECTION('',(-1.,0.,0.));
#10439=DIRECTION('',(-0.707106781186547,0.,0.707106781186548));
#10440=DIRECTION('',(0.,0.707106781186547,-0.707106781186547));
#10441=DIRECTION('',(0.,0.707106781186548,0.707106781186548));
#10442=DIRECTION('',(0.,-0.707106781186548,0.707106781186548));
#10443=DIRECTION('',(0.,0.707106781186547,-0.707106781186547));
#10444=DIRECTION('',(0.707106781186548,0.,0.707106781186547));
#10445=DIRECTION('',(0.707106781186547,0.,-0.707106781186548));
#10446=DIRECTION('',(-0.707106781186547,0.,0.707106781186548));
#10447=DIRECTION('',(0.,0.,-1.));
#10448=DIRECTION('',(-1.,0.,0.));
#10449=DIRECTION('',(-0.707106781186547,0.,-0.707106781186548));
#10450=DIRECTION('',(0.,0.,-1.));
#10451=DIRECTION('',(-1.,0.,0.));
#10452=DIRECTION('',(0.,0.707106781186547,0.707106781186547));
#10453=DIRECTION('',(-0.707106781186548,0.,0.707106781186547));
#10454=DIRECTION('',(0.707106781186547,0.,0.707106781186548));
#10455=DIRECTION('',(-0.707106781186547,0.,-0.707106781186548));
#10456=DIRECTION('',(0.,-0.707106781186548,0.707106781186548));
#10457=DIRECTION('',(0.,-0.707106781186548,-0.707106781186548));
#10458=DIRECTION('',(0.,0.707106781186547,0.707106781186547));
#10459=DIRECTION('',(0.,0.,-1.));
#10460=DIRECTION('',(-1.,0.,0.));
#10461=DIRECTION('',(0.,0.,1.));
#10462=DIRECTION('',(1.,0.,0.));
#10463=DIRECTION('',(0.,-0.707106781186547,-0.707106781186548));
#10464=DIRECTION('',(0.707106781186547,0.,0.707106781186548));
#10465=DIRECTION('',(-0.707106781186548,0.,0.707106781186547));
#10466=DIRECTION('',(0.,1.,0.));
#10467=DIRECTION('',(0.707106781186547,0.,0.707106781186548));
#10468=DIRECTION('',(0.,-0.707106781186548,0.707106781186548));
#10469=DIRECTION('',(-1.,0.,0.));
#10470=DIRECTION('',(0.,-0.707106781186548,-0.707106781186548));
#10471=DIRECTION('',(0.,0.,1.));
#10472=DIRECTION('',(1.,0.,0.));
#10473=DIRECTION('',(0.,-0.707106781186548,0.707106781186548));
#10474=DIRECTION('',(0.,0.,1.));
#10475=DIRECTION('',(1.,0.,0.));
#10476=DIRECTION('',(0.707106781186547,0.,-0.707106781186548));
#10477=DIRECTION('',(0.,0.707106781186548,0.707106781186548));
#10478=DIRECTION('',(1.,0.,0.));
#10479=DIRECTION('',(0.,-0.707106781186548,0.707106781186548));
#10480=DIRECTION('',(0.707106781186548,0.,0.707106781186547));
#10481=DIRECTION('',(0.,-1.,0.));
#10482=DIRECTION('',(0.707106781186547,0.,-0.707106781186548));
#10483=DIRECTION('',(0.,0.,1.));
#10484=DIRECTION('',(1.,0.,0.));
#10485=DIRECTION('',(0.,0.,-1.));
#10486=DIRECTION('',(-1.,0.,0.));
#10487=DIRECTION('',(0.,0.,-1.));
#10488=DIRECTION('',(-1.,0.,0.));
#10489=DIRECTION('',(1.2332489570168E-15,1.07104414895985E-15,-1.));
#10490=DIRECTION('',(1.,2.36755060001315E-13,1.23324895701705E-15));
#10491=DIRECTION('',(1.,2.39488984199454E-13,-1.07020493252182E-15));
#10492=DIRECTION('',(1.0702049325217E-15,5.36717367874406E-16,1.));
#10493=DIRECTION('',(1.,2.39586128714109E-13,-1.17041489201956E-15));
#10494=DIRECTION('',(1.17041489201954E-15,8.16622279993393E-17,1.));
#10495=DIRECTION('',(0.,1.,0.));
#10496=DIRECTION('',(0.,0.,1.));
#10497=DIRECTION('',(1.,0.,0.));
#10498=DIRECTION('',(0.,0.,-1.));
#10499=DIRECTION('',(-1.,0.,0.));
#10500=DIRECTION('',(0.,0.,-1.));
#10501=DIRECTION('',(-1.,-2.71158097303279E-16,0.));
#10502=DIRECTION('',(2.71158097303279E-16,-1.,0.));
#10503=DIRECTION('',(-2.3632985372509E-17,0.0871557427476582,-0.996194698091746));
#10504=DIRECTION('',(-2.71158097303279E-16,1.,-5.92124281327719E-16));
#10505=DIRECTION('',(2.3632985372509E-17,-0.087155742747658,-0.996194698091746));
#10506=DIRECTION('',(2.4835159110592E-16,-1.,0.));
#10507=DIRECTION('',(0.,0.,-1.));
#10508=DIRECTION('',(-1.6455548187749E-16,-1.,0.));
#10509=DIRECTION('',(1.,-1.6455548187749E-16,0.));
#10510=DIRECTION('',(-1.,1.6455548187749E-16,0.));
#10511=DIRECTION('',(0.,0.,-1.));
#10512=DIRECTION('',(-1.,0.,0.));
#10513=DIRECTION('',(1.,0.,0.));
#10514=DIRECTION('',(0.,0.,-1.));
#10515=DIRECTION('',(0.,-1.,0.));
#10516=DIRECTION('',(0.,0.087155742747658,0.996194698091746));
#10517=DIRECTION('',(0.,1.,0.));
#10518=DIRECTION('',(0.,-0.0871557427476582,0.996194698091746));
#10519=DIRECTION('',(0.996194698091745,0.,0.0871557427476581));
#10520=DIRECTION('',(-0.0871557427476581,0.,0.996194698091746));
#10521=DIRECTION('',(0.0868265938642476,-0.0868265938642474,-0.992432509138967));
#10522=DIRECTION('',(0.,1.,0.));
#10523=DIRECTION('',(0.0868265938642476,0.0868265938642476,-0.992432509138967));
#10524=DIRECTION('',(0.,-0.996194698091746,0.087155742747658));
#10525=DIRECTION('',(0.,-0.087155742747658,-0.996194698091746));
#10526=DIRECTION('',(-0.667901388763883,0.0648656423573214,0.741417684796396));
#10527=DIRECTION('',(1.,0.,0.));
#10528=DIRECTION('',(-0.498570974847158,-0.0755508581011304,-0.863550259614423));
#10529=DIRECTION('',(1.,0.,0.));
#10530=DIRECTION('',(0.,-0.996194698091746,-0.0871557427476582));
#10531=DIRECTION('',(0.,0.0871557427476582,-0.996194698091746));
#10532=DIRECTION('',(0.667901388763886,0.0648656423573213,-0.741417684796393));
#10533=DIRECTION('',(1.,0.,0.));
#10534=DIRECTION('',(0.498570974847158,-0.0755508581011306,0.863550259614423));
#10535=DIRECTION('',(1.,0.,0.));
#10536=DIRECTION('',(0.866025403784439,-6.12323399573676E-17,-0.5));
#10537=DIRECTION('',(-0.5,1.35748829496864E-17,-0.866025403784439));
#10538=DIRECTION('',(-7.07050159149938E-17,-1.,7.90078169524358E-49));
#10539=DIRECTION('',(0.,0.,1.));
#10540=DIRECTION('',(-1.,0.,0.));
#10541=DIRECTION('',(3.3199628154389E-16,1.,0.));
#10542=DIRECTION('',(0.,1.,0.));
#10543=DIRECTION('',(9.95874043042424E-17,1.,0.));
#10544=DIRECTION('',(0.742982400816408,0.,0.669310953202684));
#10545=DIRECTION('',(0.669310953202684,0.,-0.742982400816408));
#10546=DIRECTION('',(0.,-1.,0.));
#10547=DIRECTION('',(-0.656429074475711,-0.195249915862577,0.728682606172686));
#10548=DIRECTION('',(0.,0.,1.));
#10549=DIRECTION('',(-1.,0.,0.));
#10550=DIRECTION('',(1.,0.,0.));
#10551=DIRECTION('',(-3.50048063752275E-16,1.,0.));
#10552=DIRECTION('',(1.,0.,0.));
#10553=DIRECTION('',(0.,1.,0.));
#10554=DIRECTION('',(-6.2176947500746E-17,1.,0.));
#10555=DIRECTION('',(1.,0.,0.));
#10556=DIRECTION('',(0.,-1.,0.));
#10557=DIRECTION('',(-1.,0.,0.));
#10558=DIRECTION('',(-0.742982400816406,-2.600795508078E-16,-0.669310953202687));
#10559=DIRECTION('',(-0.669310953202687,0.,0.742982400816406));
#10560=DIRECTION('',(-0.656429074475714,0.195249915862577,0.728682606172684));
#10561=DIRECTION('',(-0.707106781186548,0.,0.707106781186547));
#10562=DIRECTION('',(-0.707106781186547,0.,-0.707106781186548));
#10563=DIRECTION('',(-0.694746590606866,-0.186156787897386,-0.694746590606866));
#10564=DIRECTION('',(0.694746590606866,-0.186156787897386,0.694746590606866));
#10565=DIRECTION('',(0.,1.,0.));
#10566=DIRECTION('',(0.,-0.965925826289068,-0.258819045102521));
#10567=DIRECTION('',(0.,0.258819045102521,-0.965925826289068));
#10568=DIRECTION('',(0.167900917937427,0.255144817820943,-0.952213423395663));
#10569=DIRECTION('',(-1.,0.,0.));
#10570=DIRECTION('',(0.984807753012208,0.,0.173648177666929));
#10571=DIRECTION('',(-0.173648177666929,0.,0.984807753012209));
#10572=DIRECTION('',(-0.167900917937427,0.255144817820943,0.952213423395663));
#10573=DIRECTION('',(0.,1.,0.));
#10574=DIRECTION('',(0.,0.965925826289068,-0.258819045102521));
#10575=DIRECTION('',(0.,0.258819045102521,0.965925826289068));
#10576=DIRECTION('',(1.,0.,0.));
#10577=DIRECTION('',(-0.984807753012208,-6.12323399573677E-17,0.17364817766693));
#10578=DIRECTION('',(-0.17364817766693,8.06139048850795E-18,-0.984807753012208));
#10579=DIRECTION('',(0.167900917937428,-0.255144817820942,0.952213423395663));
#10580=DIRECTION('',(6.31511558725276E-17,-1.,5.52501022740475E-18));
#10581=DIRECTION('',(-0.167900917937428,-0.255144817820942,-0.952213423395663));
#10582=DIRECTION('',(0.,-0.965925826289068,-0.25881904510252));
#10583=DIRECTION('',(0.,0.25881904510252,-0.965925826289068));
#10584=DIRECTION('',(-0.167900917937428,-0.255144817820942,0.952213423395663));
#10585=DIRECTION('',(1.,0.,0.));
#10586=DIRECTION('',(-0.984807753012208,0.,-0.17364817766693));
#10587=DIRECTION('',(-0.17364817766693,0.,0.984807753012208));
#10588=DIRECTION('',(0.167900917937428,-0.255144817820942,-0.952213423395662));
#10589=DIRECTION('',(0.,-1.,0.));
#10590=DIRECTION('',(0.,0.965925826289068,-0.258819045102521));
#10591=DIRECTION('',(0.,0.258819045102521,0.965925826289068));
#10592=DIRECTION('',(-1.,0.,0.));
#10593=DIRECTION('',(0.,0.,1.));
#10594=DIRECTION('',(-1.,0.,0.));
#10595=DIRECTION('',(0.,0.,-1.));
#10596=DIRECTION('',(-1.,0.,0.));
#10597=DIRECTION('',(0.,0.,1.));
#10598=DIRECTION('',(1.,0.,0.));
#10599=DIRECTION('',(0.,0.,1.));
#10600=DIRECTION('',(1.,0.,0.));
#10601=DIRECTION('',(0.,0.,1.));
#10602=DIRECTION('',(1.,0.,0.));
#10603=DIRECTION('',(1.,0.,0.));
#10604=DIRECTION('',(0.,1.,0.));
#10605=DIRECTION('',(1.,0.,0.));
#10606=DIRECTION('',(0.,1.,0.));
#10607=DIRECTION('',(-1.,0.,0.));
#10608=DIRECTION('',(0.,0.,1.));
#10609=DIRECTION('',(0.,0.,1.));
#10610=DIRECTION('',(0.,1.,0.));
#10611=DIRECTION('',(0.,0.,1.));
#10612=DIRECTION('',(0.,0.,-1.));
#10613=DIRECTION('',(-1.,0.,0.));
#10614=DIRECTION('',(-1.,0.,0.));
#10615=DIRECTION('',(0.,1.,0.));
#10616=DIRECTION('',(-1.,0.,0.));
#10617=DIRECTION('',(1.,0.,0.));
#10618=DIRECTION('',(0.,0.,-1.));
#10619=DIRECTION('',(0.,0.,-1.));
#10620=DIRECTION('',(0.,0.,-1.));
#10621=DIRECTION('',(0.,-1.,0.));
#10622=DIRECTION('',(0.,0.,-1.));
#10623=DIRECTION('',(0.,-1.,0.));
#10624=DIRECTION('',(0.,0.,-1.));
#10625=DIRECTION('',(5.96744875736021E-16,-1.,4.69057283905106E-16));
#10626=DIRECTION('',(1.,5.96744875736021E-16,2.57269886196865E-16));
#10627=DIRECTION('',(7.64191673170609E-16,-2.47766553815063E-13,-1.));
#10628=DIRECTION('',(-2.3735180487705E-13,1.,-2.47766553815063E-13));
#10629=CARTESIAN_POINT('',(0.,0.,0.));
#10630=CARTESIAN_POINT('',(28.1469089213712,62.6173500843454,21.5825926464901));
#10631=CARTESIAN_POINT('',(28.1469089213709,-36.9981105748644,18.1825926464701));
#10632=CARTESIAN_POINT('',(28.1469089213709,-38.5981105748644,18.1825926464704));
#10633=CARTESIAN_POINT('',(28.1469089213709,-36.9981105748643,19.7825926464701));
#10634=CARTESIAN_POINT('',(28.1469089213712,62.6173500843454,19.7825926464701));
#10635=CARTESIAN_POINT('',(28.1469089213711,5.50188942513689,19.7825926464701));
#10636=CARTESIAN_POINT('',(28.1469089213711,5.50188942513699,20.1825926464708));
#10637=CARTESIAN_POINT('',(28.1469089213709,5.50188942513542,7.56459528311873));
#10638=CARTESIAN_POINT('',(28.1469089213712,62.6173500843421,7.56459528310479));
#10639=CARTESIAN_POINT('',(28.146908921371,-21.4981105748661,7.56459528312554));
#10640=CARTESIAN_POINT('',(28.146908921371,-21.4981105748639,16.0825926464895));
#10641=CARTESIAN_POINT('',(28.146908921371,-21.498110574864,15.6825926464895));
#10642=CARTESIAN_POINT('',(28.146908921371,17.6096197547212,-23.4251376831136));
#10643=CARTESIAN_POINT('',(28.146908921371,-21.8981105748639,16.0825926464895));
#10644=CARTESIAN_POINT('',(28.1469089213707,-111.613571234082,16.0825926464895));
#10645=CARTESIAN_POINT('',(28.1469089213709,-38.5981105748648,16.0825926464912));
#10646=CARTESIAN_POINT('',(28.1469089213709,-38.5981105748637,21.5825926465099));
#10647=CARTESIAN_POINT('',(-0.0203794648898833,-62.4999989999936,3.55464135510846));
#10648=CARTESIAN_POINT('',(8.00029530323616,-62.4999989999936,4.75464135510785));
#10649=CARTESIAN_POINT('',(8.00029530323616,-62.4999989999936,4.35464135510787));
#10650=CARTESIAN_POINT('',(8.00029530323616,-62.4999989999936,2.76891384406247));
#10651=CARTESIAN_POINT('',(0.246908921366712,-62.4999989999936,2.76891384406247));
#10652=CARTESIAN_POINT('',(0.246908921366712,-62.4999989999936,2.76891384406247));
#10653=CARTESIAN_POINT('',(0.246908921366712,-62.4999989999936,-0.845358644888649));
#10654=CARTESIAN_POINT('',(0.246908921366712,-62.4999989999936,-0.64535864488865));
#10655=CARTESIAN_POINT('',(-0.0203794648898833,-62.4999989999936,-0.64535864488865));
#10656=CARTESIAN_POINT('',(29.2469089213774,-62.4999989999936,-0.64535864488865));
#10657=CARTESIAN_POINT('',(29.2469089213774,-62.4999989999936,3.55464135510846));
#10658=CARTESIAN_POINT('',(29.2469089213774,-62.4999989999936,4.35464135510787));
#10659=CARTESIAN_POINT('',(-0.0203794648898834,-62.4999989999936,4.35464135510787));
#10660=CARTESIAN_POINT('',(-0.0203794648898833,-56.2503615999959,-0.845358644888649));
#10661=CARTESIAN_POINT('',(-9.0937705557712,-26.294142356694,-0.845358644888649));
#10662=CARTESIAN_POINT('',(-11.3937705557712,-26.294142356694,-0.845358644888649));
#10663=CARTESIAN_POINT('',(9.10622944422879,-26.2941423566897,-0.845358644888649));
#10664=CARTESIAN_POINT('',(6.8062294442288,-26.2941423566897,-0.845358644888649));
#10665=CARTESIAN_POINT('',(19.1469089213774,-52.4999989999959,-0.845358644888649));
#10666=CARTESIAN_POINT('',(17.3469089213774,-52.4999989999959,-0.845358644888649));
#10667=CARTESIAN_POINT('',(-19.1530910786356,-52.4999989999959,-0.845358644888649));
#10668=CARTESIAN_POINT('',(-20.9530910786356,-52.4999989999959,-0.845358644888649));
#10669=CARTESIAN_POINT('',(-0.253091078633288,-61.4999989999936,-0.845358644888649));
#10670=CARTESIAN_POINT('',(-0.253091078633288,-61.4999989999936,-0.845358644888649));
#10671=CARTESIAN_POINT('',(-0.253091078633288,-62.2999989999936,-0.845358644888649));
#10672=CARTESIAN_POINT('',(-0.0203794648898833,-62.2999989999936,-0.845358644888649));
#10673=CARTESIAN_POINT('',(-29.4530910786355,-62.2999989999936,-0.845358644888651));
#10674=CARTESIAN_POINT('',(-29.4530910786354,-56.2503615999955,-0.845358644888649));
#10675=CARTESIAN_POINT('',(-29.453091078635,-27.3461091634993,-0.845358644888649));
#10676=CARTESIAN_POINT('',(-3.70979740231687,-12.0717624850312,-0.845358644888649));
#10677=CARTESIAN_POINT('',(-24.6530910786268,-24.4981105748681,-0.845358644882174));
#10678=CARTESIAN_POINT('',(-24.6530910786268,-24.4981105748681,-0.845358644882174));
#10679=CARTESIAN_POINT('',(-24.6530910786268,10.3018894251319,-0.845358644890806));
#10680=CARTESIAN_POINT('',(-15.793093760476,10.3018894251319,-0.845358644888649));
#10681=CARTESIAN_POINT('',(-15.593093760476,10.3018894251318,-0.845358644888649));
#10682=CARTESIAN_POINT('',(-15.593093760476,-56.2503615999959,-0.845358644888649));
#10683=CARTESIAN_POINT('',(-15.5930937604766,-19.4981105748681,-0.845358644888649));
#10684=CARTESIAN_POINT('',(-13.393093760476,-19.4981105748681,-0.845358644888649));
#10685=CARTESIAN_POINT('',(-13.393093760476,-21.6981105748681,-0.845358644888649));
#10686=CARTESIAN_POINT('',(-0.0203794648898854,-21.6981105748681,-0.845358644888649));
#10687=CARTESIAN_POINT('',(13.3869115100328,-21.6981105748682,-0.845358644888649));
#10688=CARTESIAN_POINT('',(13.3869115100328,-19.4981105748681,-0.845358644888649));
#10689=CARTESIAN_POINT('',(15.5869115100328,-19.4981105748681,-0.845358644888649));
#10690=CARTESIAN_POINT('',(15.5869115100328,-56.2503615999959,-0.845358644888649));
#10691=CARTESIAN_POINT('',(15.5869115100328,10.3018894251319,-0.845358644888649));
#10692=CARTESIAN_POINT('',(-0.0203794648898872,10.3018894251319,-0.845358644888649));
#10693=CARTESIAN_POINT('',(24.6469089213794,10.3018894251319,-0.845358644891422));
#10694=CARTESIAN_POINT('',(24.6469089213794,-24.4981105748681,-0.845358644882791));
#10695=CARTESIAN_POINT('',(24.6469089213794,-24.4981105748681,-0.845358644882791));
#10696=CARTESIAN_POINT('',(20.484597352066,-22.0284736009498,-0.845358644888649));
#10697=CARTESIAN_POINT('',(29.4469089213769,-27.3461091634958,-0.845358644888649));
#10698=CARTESIAN_POINT('',(29.4469089213773,-56.2503615999955,-0.845358644888649));
#10699=CARTESIAN_POINT('',(29.4469089213774,-62.2999989999936,-0.845358644888652));
#10700=CARTESIAN_POINT('',(-0.0203794648898833,-62.2999989999936,-0.845358644888649));
#10701=CARTESIAN_POINT('',(0.246908921366712,-62.2999989999936,-0.845358644888649));
#10702=CARTESIAN_POINT('',(0.246908921366712,-61.4999989999936,-0.845358644888649));
#10703=CARTESIAN_POINT('',(0.246908921366712,-61.4999989999936,-0.845358644888649));
#10704=CARTESIAN_POINT('',(-0.253091078633288,-61.4999989999936,-0.845358644888649));
#10705=CARTESIAN_POINT('',(-2.05577319662976E-16,10.5018894251321,-8.68552005400264E-13));
#10706=CARTESIAN_POINT('',(15.7869115100328,10.5018894251321,-8.61745343451399E-13));
#10707=CARTESIAN_POINT('',(15.7869115100328,10.5018894251319,-0.64535864488865));
#10708=CARTESIAN_POINT('',(15.7869115100328,10.5018894251325,1.64514938460408));
#10709=CARTESIAN_POINT('',(-6.09039583151285E-13,10.5018894251325,1.64514938459824));
#10710=CARTESIAN_POINT('',(16.9105483118286,10.5018894251325,1.6451493846045));
#10711=CARTESIAN_POINT('',(2.18629930688694,10.5018894251309,-4.91050864202636));
#10712=CARTESIAN_POINT('',(28.9843522390004,10.5018894251338,7.02075323377651));
#10713=CARTESIAN_POINT('',(28.9843522390002,10.5018894251321,-1.54628270869996E-12));
#10714=CARTESIAN_POINT('',(28.9843522390007,10.5018894251366,18.1825926464696));
#10715=CARTESIAN_POINT('',(29.446908921377,10.5018894251366,18.1825926464696));
#10716=CARTESIAN_POINT('',(29.2469089213764,10.5018894251366,18.1825926464696));
#10717=CARTESIAN_POINT('',(29.2469089213764,10.5018894251321,-8.68552005400167E-13));
#10718=CARTESIAN_POINT('',(29.2469089213764,10.501889425133,3.75464135511076));
#10719=CARTESIAN_POINT('',(29.6469089213765,10.5018894251331,4.15464135511135));
#10720=CARTESIAN_POINT('',(24.846908921382,10.5018894251319,-0.645358644888649));
#10721=CARTESIAN_POINT('',(-2.05577319662967E-16,10.5018894251319,-0.64535864488865));
#10722=CARTESIAN_POINT('',(29.6469089213766,-3.30859554347858,-21.1345988139018));
#10723=CARTESIAN_POINT('',(29.6469089213771,-38.5981105748718,-21.1345988138949));
#10724=CARTESIAN_POINT('',(29.6469089213771,-38.5981105748642,18.1825926464704));
#10725=CARTESIAN_POINT('',(29.6469089213771,-38.5981105748669,4.35464135510787));
#10726=CARTESIAN_POINT('',(29.6469089213766,-3.30859554347858,4.35464135510787));
#10727=CARTESIAN_POINT('',(29.6469089213774,-62.0999989999936,4.35464135510787));
#10728=CARTESIAN_POINT('',(29.6469089213774,-62.0999989999936,-21.1345988139018));
#10729=CARTESIAN_POINT('',(29.6469089213774,-62.0999989999936,-0.645358644888649));
#10730=CARTESIAN_POINT('',(29.6469089213766,-3.30859554347858,-0.645358644888648));
#10731=CARTESIAN_POINT('',(29.6469089213769,-27.3461091634959,-0.645358644888648));
#10732=CARTESIAN_POINT('',(29.646908921377,-30.0787703345828,-5.25096964259497));
#10733=CARTESIAN_POINT('',(29.6469089213765,-24.4981105748669,4.15464135512003));
#10734=CARTESIAN_POINT('',(29.6469089213765,-24.4981105748669,4.15464135512003));
#10735=CARTESIAN_POINT('',(29.6469089213764,10.1018894251331,4.15464135511132));
#10736=CARTESIAN_POINT('',(29.6469089213764,10.1018894251268,-21.1345988139051));
#10737=CARTESIAN_POINT('',(29.6469089213764,10.1018894251366,18.1825926464697));
#10738=CARTESIAN_POINT('',(29.6469089213764,8.50188942513661,18.1825926464701));
#10739=CARTESIAN_POINT('',(29.6469089213764,8.50188942513659,19.7825926464701));
#10740=CARTESIAN_POINT('',(29.6469089213766,-3.30859554347858,19.7825926464701));
#10741=CARTESIAN_POINT('',(29.646908921377,-36.9981105748642,19.7825926464702));
#10742=CARTESIAN_POINT('',(29.646908921377,-36.998110574864,18.1825926464701));
#10743=CARTESIAN_POINT('',(-29.6530910786347,-3.30859554347858,-21.1345988139018));
#10744=CARTESIAN_POINT('',(-29.6530910786347,-3.30859554347858,4.35464135510786));
#10745=CARTESIAN_POINT('',(-29.6530910786355,-62.0999989999936,4.35464135510786));
#10746=CARTESIAN_POINT('',(-29.6530910786352,-38.5981105748743,4.35464135510786));
#10747=CARTESIAN_POINT('',(-29.6530910786352,-38.5981105748793,-21.1345988138949));
#10748=CARTESIAN_POINT('',(-29.6530910786352,-38.5981105748714,18.1825926464531));
#10749=CARTESIAN_POINT('',(-29.6530910786352,-36.9981105748714,18.1825926464528));
#10750=CARTESIAN_POINT('',(-29.6530910786353,-36.9981105748716,19.7825926464527));
#10751=CARTESIAN_POINT('',(-29.6530910786347,-3.30859554347858,19.7825926464528));
#10752=CARTESIAN_POINT('',(-29.6530910786346,8.50188942513658,19.7825926464529));
#10753=CARTESIAN_POINT('',(-29.6530910786346,8.5018894251366,18.1825926464528));
#10754=CARTESIAN_POINT('',(-29.6530910786345,10.1018894251366,18.1825926464524));
#10755=CARTESIAN_POINT('',(-29.6530910786345,10.1018894251268,-21.1345988139051));
#10756=CARTESIAN_POINT('',(-29.6530910786345,10.1018894251331,4.15464135511137));
#10757=CARTESIAN_POINT('',(-29.6530910786346,-24.4981105748669,4.15464135512003));
#10758=CARTESIAN_POINT('',(-29.6530910786346,-24.4981105748669,4.15464135512003));
#10759=CARTESIAN_POINT('',(-29.653091078635,-24.6260222821159,3.93905971921403));
#10760=CARTESIAN_POINT('',(-29.653091078635,-27.3461091634991,-0.645358644888648));
#10761=CARTESIAN_POINT('',(-29.6530910786347,-3.30859554347858,-0.645358644888652));
#10762=CARTESIAN_POINT('',(-29.6530910786355,-62.0999989999936,-0.645358644888649));
#10763=CARTESIAN_POINT('',(-29.6530910786355,-62.0999989999936,-21.1345988139018));
#10764=CARTESIAN_POINT('',(-2.05577319662976E-16,10.5018894251321,-8.68552005400263E-13));
#10765=CARTESIAN_POINT('',(-28.9905343962586,10.501889425134,7.7805162472003));
#10766=CARTESIAN_POINT('',(-28.9896099381743,10.5018894251366,18.1825926464523));
#10767=CARTESIAN_POINT('',(-28.9905343962585,10.5018894251338,7.02075320992507));
#10768=CARTESIAN_POINT('',(-2.07585033545406,10.5018894251308,-4.96243619038793));
#10769=CARTESIAN_POINT('',(-16.9167305626759,10.5018894251325,1.64514940223464));
#10770=CARTESIAN_POINT('',(-5.02240493564144E-13,10.5018894251325,1.6451494022409));
#10771=CARTESIAN_POINT('',(-15.793093760476,10.5018894251325,1.64514940223505));
#10772=CARTESIAN_POINT('',(-15.793093760476,10.5018894251319,-0.845358644894851));
#10773=CARTESIAN_POINT('',(-15.793093760476,10.5018894251319,-0.64535864488865));
#10774=CARTESIAN_POINT('',(-24.4530910786268,10.5018894251319,-0.64535864488865));
#10775=CARTESIAN_POINT('',(-24.8530910786292,10.5018894251319,-0.64535864488865));
#10776=CARTESIAN_POINT('',(-29.6530910786346,10.5018894251331,4.15464135511135));
#10777=CARTESIAN_POINT('',(-29.2530910786345,10.501889425133,3.75464135511172));
#10778=CARTESIAN_POINT('',(-29.2530910786345,10.5018894251268,-21.1345988139052));
#10779=CARTESIAN_POINT('',(-29.2530910786345,10.5018894251366,18.1825926464523));
#10780=CARTESIAN_POINT('',(-27.9530910786289,10.5018894251366,18.1825926464523));
#10781=CARTESIAN_POINT('',(-15.393093760476,3.50188942513281,2.98259271986655));
#10782=CARTESIAN_POINT('',(-15.393093760476,3.43880733060463,2.26156108004375));
#10783=CARTESIAN_POINT('',(-15.393093760476,10.1018894251325,1.67861693262833));
#10784=CARTESIAN_POINT('',(-15.393093760476,5.4844250479693,2.08259271986606));
#10785=CARTESIAN_POINT('',(-15.393093760476,3.50188942513259,2.08259271986655));
#10786=CARTESIAN_POINT('',(-15.393093760476,-19.4981105748674,2.0825927198725));
#10787=CARTESIAN_POINT('',(-15.393093760476,-19.4981105748681,-0.845358644889146));
#10788=CARTESIAN_POINT('',(-15.393093760476,-19.4981105748681,-0.645358644888431));
#10789=CARTESIAN_POINT('',(-15.393093760476,3.50188942513281,-0.645358644888649));
#10790=CARTESIAN_POINT('',(-15.393093760476,10.1018894251319,-0.645358644888649));
#10791=CARTESIAN_POINT('',(-15.393093760476,10.1018894251327,2.3451494022353));
#10792=CARTESIAN_POINT('',(-9.99999999999975,-21.4981105748691,-4.53775727132805));
#10793=CARTESIAN_POINT('',(8.00029530323616,-21.4981105748672,2.76891384405446));
#10794=CARTESIAN_POINT('',(-8.40647746050274,-21.4981105748672,2.76891384405446));
#10795=CARTESIAN_POINT('',(8.40029530323616,-21.4981105748672,2.76891384405446));
#10796=CARTESIAN_POINT('',(8.40029530323616,-21.4981105748666,5.55464135510789));
#10797=CARTESIAN_POINT('',(8.40029530323616,-21.4981105748667,4.86182103208034));
#10798=CARTESIAN_POINT('',(2.64872981342057,-21.4981105748643,14.8238246835007));
#10799=CARTESIAN_POINT('',(2.53325975958252,-21.4981105748642,15.0238246835009));
#10800=CARTESIAN_POINT('',(-2.30850180917336,-21.4981105748642,15.0238246835009));
#10801=CARTESIAN_POINT('',(-2.53944191684908,-21.4981105748642,15.0238246835009));
#10802=CARTESIAN_POINT('',(-8.35288762201651,-21.4981105748667,4.95464135510785));
#10803=CARTESIAN_POINT('',(-8.40647746050274,-21.4981105748667,4.8618210320803));
#10804=CARTESIAN_POINT('',(-8.40647746050274,-21.4981105748691,-4.53775727132805));
#10805=CARTESIAN_POINT('',(13.6507867071131,-21.4981105748632,19.1130294357812));
#10806=CARTESIAN_POINT('',(12.9812234964243,-21.498110574863,19.7825926464701));
#10807=CARTESIAN_POINT('',(17.0812234964081,-21.498110574864,15.6825926464856));
#10808=CARTESIAN_POINT('',(-10.000000000007,-21.498110574864,15.6825926464759));
#10809=CARTESIAN_POINT('',(16.7325442396394,-21.4981105748672,2.48259270224198));
#10810=CARTESIAN_POINT('',(16.7325442396394,-21.4981105748672,2.48259270224198));
#10811=CARTESIAN_POINT('',(16.7325442396394,-21.4981105748672,2.48259270224198));
#10812=CARTESIAN_POINT('',(14.7135614261759,-21.4981105748673,2.48259270224124));
#10813=CARTESIAN_POINT('',(14.7135614261759,-21.4981105748673,2.48259270224124));
#10814=CARTESIAN_POINT('',(14.3039066299384,-21.4981105748674,2.2561474934596));
#10815=CARTESIAN_POINT('',(13.8581962725915,-21.4981105748674,2.08259270224071));
#10816=CARTESIAN_POINT('',(13.3869115100328,-21.4981105748674,2.08259270224071));
#10817=CARTESIAN_POINT('',(13.3869115100328,-21.4981105748674,2.08259270224071));
#10818=CARTESIAN_POINT('',(13.3869115100328,-21.4981105748681,-0.84535864488865));
#10819=CARTESIAN_POINT('',(13.3869115100328,-21.4981105748681,-0.645358644888629));
#10820=CARTESIAN_POINT('',(-9.99999999999975,-21.4981105748681,-0.645358644888648));
#10821=CARTESIAN_POINT('',(-13.393093760476,-21.4981105748681,-0.645358644888648));
#10822=CARTESIAN_POINT('',(-13.393093760476,-21.4981105748672,2.78259271987275));
#10823=CARTESIAN_POINT('',(-13.393093760476,-21.4981105748674,2.08259271987324));
#10824=CARTESIAN_POINT('',(-13.393093760476,-21.4981105748674,2.08259271987324));
#10825=CARTESIAN_POINT('',(-13.8640798247888,-21.4981105748674,2.08259271987324));
#10826=CARTESIAN_POINT('',(-14.3094749740694,-21.4981105748674,2.25580816160993));
#10827=CARTESIAN_POINT('',(-14.7197436766178,-21.4981105748673,2.482592719873));
#10828=CARTESIAN_POINT('',(-14.7197436766178,-21.4981105748673,2.482592719873));
#10829=CARTESIAN_POINT('',(-16.7387264900824,-21.4981105748672,2.48259271987225));
#10830=CARTESIAN_POINT('',(-16.7387264900824,-21.4981105748672,2.48259271987225));
#10831=CARTESIAN_POINT('',(-27.6530911370504,-21.498110574866,7.34198094261505));
#10832=CARTESIAN_POINT('',(-28.153091078629,-21.4981105748659,7.56459525926637));
#10833=CARTESIAN_POINT('',(-28.153091078629,-21.4981105748613,26.6688479663346));
#10834=CARTESIAN_POINT('',(-28.153091078629,-21.498110574864,15.6825926464695));
#10835=CARTESIAN_POINT('',(-10.000000000007,-21.498110574864,15.6825926464759));
#10836=CARTESIAN_POINT('',(-17.0874056536876,-21.498110574864,15.6825926464734));
#10837=CARTESIAN_POINT('',(-23.6538777857443,-21.4981105748657,9.11612051441685));
#10838=CARTESIAN_POINT('',(-12.9874056536893,-21.498110574863,19.7825926464716));
#10839=CARTESIAN_POINT('',(-9.99999999999832,-21.498110574863,19.7825926464714));
#10840=CARTESIAN_POINT('',(-11.239309005127,-21.4981105748631,19.7825926464715));
#10841=CARTESIAN_POINT('',(-11.2393090051272,-21.4981105748639,16.2825926464714));
#10842=CARTESIAN_POINT('',(-11.2393090051272,-21.4981105748642,14.7825926464724));
#10843=CARTESIAN_POINT('',(-5.31550731848397,-21.4981105748623,14.7825926464721));
#10844=CARTESIAN_POINT('',(-11.2176682619898,-21.4981105748623,14.7825926464724));
#10845=CARTESIAN_POINT('',(-11.2176682619898,-21.4981105748623,14.7825926464724));
#10846=CARTESIAN_POINT('',(-10.6610403731378,-21.4981105748624,14.2684192812061));
#10847=CARTESIAN_POINT('',(-10.1026651324673,-21.4981105748645,13.7562808354009));
#10848=CARTESIAN_POINT('',(-9.4940996191117,-21.4981105748646,13.3025926464724));
#10849=CARTESIAN_POINT('',(-9.49409961911179,-21.4981105748649,13.3025926464723));
#10850=CARTESIAN_POINT('',(-9.49409961911209,-21.4981105748659,8.28259264647132));
#10851=CARTESIAN_POINT('',(-9.49409961911205,-21.4981105748658,8.90259264647139));
#10852=CARTESIAN_POINT('',(-9.49409961911205,-21.4981105748658,8.90259264647139));
#10853=CARTESIAN_POINT('',(-9.14530145440051,-21.4981105748658,8.64256212522641));
#10854=CARTESIAN_POINT('',(-8.79029368317532,-21.4981105748658,8.39388845411474));
#10855=CARTESIAN_POINT('',(-8.36017155666515,-21.4981105748659,8.282592646471));
#10856=CARTESIAN_POINT('',(-8.3601715566649,-21.4981105748659,8.28259264647132));
#10857=CARTESIAN_POINT('',(-9.999999999999,-21.4981105748659,8.28259264647142));
#10858=CARTESIAN_POINT('',(-7.64601060059236,-21.4981105748659,8.28259264647128));
#10859=CARTESIAN_POINT('',(-7.64601060059235,-21.4981105748659,8.28259264647128));
#10860=CARTESIAN_POINT('',(-7.22273448142824,-21.4981105748658,8.39211702253826));
#10861=CARTESIAN_POINT('',(-6.86021925475353,-21.4981105748658,8.64305523761177));
#10862=CARTESIAN_POINT('',(-6.51208253814514,-21.4981105748657,8.90259264647123));
#10863=CARTESIAN_POINT('',(-6.51208253814514,-21.4981105748658,8.90259264647121));
#10864=CARTESIAN_POINT('',(-6.51208253814517,-21.4981105748659,8.28259264647114));
#10865=CARTESIAN_POINT('',(-6.51208253814487,-21.4981105748649,13.3025926464721));
#10866=CARTESIAN_POINT('',(-6.51208253814487,-21.4981105748649,13.3025926464721));
#10867=CARTESIAN_POINT('',(-5.90351702478925,-21.4981105748648,13.7562808354006));
#10868=CARTESIAN_POINT('',(-5.34514178411842,-21.4981105748644,14.2684192812053));
#10869=CARTESIAN_POINT('',(-4.78851389526639,-21.4981105748643,14.7825926464716));
#10870=CARTESIAN_POINT('',(-4.78851389526672,-21.4981105748623,14.782592646472));
#10871=CARTESIAN_POINT('',(-5.31550731848397,-21.4981105748623,14.7825926464721));
#10872=CARTESIAN_POINT('',(-4.76687315212924,-21.4981105748642,14.782592646472));
#10873=CARTESIAN_POINT('',(-4.76687315212915,-21.4981105748639,16.282592646471));
#10874=CARTESIAN_POINT('',(-4.76687315212895,-21.4981105748631,19.7825926464711));
#10875=CARTESIAN_POINT('',(-9.99999999999832,-21.498110574863,19.7825926464714));
#10876=CARTESIAN_POINT('',(4.76069099487307,-21.4981105748631,19.7825926464705));
#10877=CARTESIAN_POINT('',(4.76069099487286,-21.4981105748639,16.2825926464705));
#10878=CARTESIAN_POINT('',(4.76069099487277,-21.4981105748642,14.7825926464715));
#10879=CARTESIAN_POINT('',(10.684492681516,-21.4981105748623,14.7825926464711));
#10880=CARTESIAN_POINT('',(4.78233173801025,-21.4981105748623,14.7825926464715));
#10881=CARTESIAN_POINT('',(4.78233173801025,-21.4981105748623,14.7825926464715));
#10882=CARTESIAN_POINT('',(5.33895962686227,-21.4981105748624,14.2684192812052));
#10883=CARTESIAN_POINT('',(5.89733486753273,-21.4981105748645,13.7562808353999));
#10884=CARTESIAN_POINT('',(6.50590038088835,-21.4981105748646,13.3025926464715));
#10885=CARTESIAN_POINT('',(6.50590038088825,-21.4981105748649,13.3025926464714));
#10886=CARTESIAN_POINT('',(6.50590038088796,-21.4981105748659,8.28259264647037));
#10887=CARTESIAN_POINT('',(6.50590038088799,-21.4981105748658,8.90259264647044));
#10888=CARTESIAN_POINT('',(6.50590038088799,-21.4981105748658,8.90259264647044));
#10889=CARTESIAN_POINT('',(6.85469854559958,-21.4981105748658,8.64256212522544));
#10890=CARTESIAN_POINT('',(7.20970631682482,-21.4981105748658,8.39388845411375));
#10891=CARTESIAN_POINT('',(7.63982844333506,-21.4981105748659,8.28259264647005));
#10892=CARTESIAN_POINT('',(7.63982844333531,-21.4981105748659,8.28259264647038));
#10893=CARTESIAN_POINT('',(-9.999999999999,-21.4981105748659,8.28259264647142));
#10894=CARTESIAN_POINT('',(8.35398939940743,-21.4981105748659,8.28259264647033));
#10895=CARTESIAN_POINT('',(8.35398939940743,-21.4981105748659,8.28259264647033));
#10896=CARTESIAN_POINT('',(8.77726551857162,-21.4981105748658,8.39211702253727));
#10897=CARTESIAN_POINT('',(9.13978074524638,-21.4981105748658,8.6430552376108));
#10898=CARTESIAN_POINT('',(9.4879174618548,-21.4981105748657,8.90259264647028));
#10899=CARTESIAN_POINT('',(9.48791746185481,-21.4981105748658,8.90259264647027));
#10900=CARTESIAN_POINT('',(9.48791746185478,-21.4981105748659,8.2825926464702));
#10901=CARTESIAN_POINT('',(9.48791746185507,-21.4981105748649,13.3025926464712));
#10902=CARTESIAN_POINT('',(9.48791746185507,-21.4981105748649,13.3025926464712));
#10903=CARTESIAN_POINT('',(10.0964829752107,-21.4981105748648,13.7562808353996));
#10904=CARTESIAN_POINT('',(10.6548582158815,-21.4981105748644,14.2684192812044));
#10905=CARTESIAN_POINT('',(11.2114861047336,-21.4981105748643,14.7825926464706));
#10906=CARTESIAN_POINT('',(11.2114861047333,-21.4981105748623,14.7825926464711));
#10907=CARTESIAN_POINT('',(10.684492681516,-21.4981105748623,14.7825926464711));
#10908=CARTESIAN_POINT('',(11.2331268478707,-21.4981105748642,14.7825926464711));
#10909=CARTESIAN_POINT('',(11.2331268478708,-21.4981105748639,16.2825926464701));
#10910=CARTESIAN_POINT('',(11.233126847871,-21.4981105748631,19.7825926464702));
#10911=CARTESIAN_POINT('',(-9.99999999999832,-21.498110574863,19.7825926464714));
#10912=CARTESIAN_POINT('',(-32.6530910786347,62.6173500843459,20.1825926464528));
#10913=CARTESIAN_POINT('',(-28.5530910786288,62.6173500843459,20.1825926464528));
#10914=CARTESIAN_POINT('',(-28.5530910786289,-36.9981105748715,20.1825926464528));
#10915=CARTESIAN_POINT('',(-28.5530910786289,5.48442504797078,20.1825926464528));
#10916=CARTESIAN_POINT('',(-33.5447493436277,62.5393400944198,20.1825926464528));
#10917=CARTESIAN_POINT('',(-28.8170850042243,8.50188942513658,20.1825926464528));
#10918=CARTESIAN_POINT('',(-29.4530910786349,8.50188942513658,20.1825926464528));
#10919=CARTESIAN_POINT('',(-29.2530910786346,8.50188942513658,20.1825926464528));
#10920=CARTESIAN_POINT('',(-29.2530910786338,62.6173500843459,20.1825926464528));
#10921=CARTESIAN_POINT('',(-29.2530910786352,-36.9981105748716,20.1825926464528));
#10922=CARTESIAN_POINT('',(-27.9530910786293,-36.9981105748714,20.1825926464528));
#10923=CARTESIAN_POINT('',(-28.1530910786288,62.6173500843459,25.9688479663346));
#10924=CARTESIAN_POINT('',(-28.1530910786292,5.50188942513706,20.1825926464536));
#10925=CARTESIAN_POINT('',(-28.1530910786292,5.50188942513696,19.7825926464532));
#10926=CARTESIAN_POINT('',(-28.153091078629,5.50188942513406,7.56459525925963));
#10927=CARTESIAN_POINT('',(-28.1530910786288,62.6173500843459,19.7825926464532));
#10928=CARTESIAN_POINT('',(-28.1530910786291,-36.9981105748715,19.7825926464531));
#10929=CARTESIAN_POINT('',(-28.1530910786291,-36.9981105748714,18.1825926464528));
#10930=CARTESIAN_POINT('',(-28.1530910786291,-38.5981105748714,18.1825926464531));
#10931=CARTESIAN_POINT('',(-28.1530910786291,-38.5981105748719,15.6825926464728));
#10932=CARTESIAN_POINT('',(-28.1530910786291,-38.5981105748718,16.0825926464728));
#10933=CARTESIAN_POINT('',(-28.1530910786292,-111.613571234082,16.0825926464701));
#10934=CARTESIAN_POINT('',(-28.153091078629,-21.8981105748639,16.0825926464701));
#10935=CARTESIAN_POINT('',(-28.153091078629,-21.8981105748653,16.0825926464709));
#10936=CARTESIAN_POINT('',(-28.1530910786288,62.6173500843414,7.5645952592454));
#10937=CARTESIAN_POINT('',(9.10622944422879,-26.2941423566897,3.35464135511135));
#10938=CARTESIAN_POINT('',(9.10622944422879,-26.2941423566897,3.35464135511135));
#10939=CARTESIAN_POINT('',(11.3612294442288,-26.2941423566897,3.35464135511135));
#10940=CARTESIAN_POINT('',(9.10622944422879,-26.2941423566897,3.35464135511135));
#10941=CARTESIAN_POINT('',(9.10622944422825,-28.5941423566897,3.35464135511135));
#10942=CARTESIAN_POINT('',(-9.0937705557712,-26.294142356694,3.35464135511135));
#10943=CARTESIAN_POINT('',(-9.0937705557712,-26.294142356694,3.35464135511135));
#10944=CARTESIAN_POINT('',(-6.8387705557712,-26.294142356694,3.35464135511135));
#10945=CARTESIAN_POINT('',(-9.0937705557712,-26.294142356694,3.35464135511135));
#10946=CARTESIAN_POINT('',(-9.09377055577175,-28.594142356694,3.35464135511135));
#10947=CARTESIAN_POINT('',(9.10622944422879,-26.2941423566897,9.48379336161733));
#10948=CARTESIAN_POINT('',(8.00029530323616,-21.9321577538068,3.96177759958051));
#10949=CARTESIAN_POINT('',(8.00029530323616,-21.9321577538068,3.16891384405305));
#10950=CARTESIAN_POINT('',(8.00029530323616,-21.9321577538068,4.75464135510797));
#10951=CARTESIAN_POINT('',(9.10622944422879,-26.2941423566897,3.1689138440554));
#10952=CARTESIAN_POINT('',(8.00029530323616,-30.6561269595725,3.16891384406325));
#10953=CARTESIAN_POINT('',(8.00029530323616,-30.6561269595725,3.96180102072437));
#10954=CARTESIAN_POINT('',(8.00029530323616,-30.6561269595725,4.75464135510785));
#10955=CARTESIAN_POINT('',(9.10622944422879,-26.2941423566897,2.83910723308358));
#10956=CARTESIAN_POINT('',(-9.9796205351096,7.69140445652407,3.16891384404876));
#10957=CARTESIAN_POINT('',(0.246908921366712,-61.4999989999936,3.16891384406247));
#10958=CARTESIAN_POINT('',(0.246908921366713,-61.4999989999936,3.16891384406228));
#10959=CARTESIAN_POINT('',(0.246908921366712,-62.0999989999936,3.16891384406247));
#10960=CARTESIAN_POINT('',(8.00029530323616,-62.0999989999936,3.16891384406239));
#10961=CARTESIAN_POINT('',(8.00029530323616,-62.0999989999936,3.16891384406325));
#10962=CARTESIAN_POINT('',(8.00029530323616,37.0043881654971,3.16891384406325));
#10963=CARTESIAN_POINT('',(8.00029530323616,-23.4077293401293,3.16891384405341));
#10964=CARTESIAN_POINT('',(8.00029530323616,-21.8981105748671,3.16891384405304));
#10965=CARTESIAN_POINT('',(-8.00647746050274,-21.8981105748671,3.16891384405454));
#10966=CARTESIAN_POINT('',(-8.00647746050274,-21.8981105748671,3.16891384405303));
#10967=CARTESIAN_POINT('',(-8.00647746050274,-23.559422655869,3.16891384405345));
#10968=CARTESIAN_POINT('',(-8.00647746050274,-21.927473864012,3.16891384405304));
#10969=CARTESIAN_POINT('',(-9.0937705557712,-26.294142356694,3.1689138440554));
#10970=CARTESIAN_POINT('',(-8.00647746050274,-30.660810849376,3.16891384406325));
#10971=CARTESIAN_POINT('',(-8.00647746050274,37.0043881654971,3.16891384406325));
#10972=CARTESIAN_POINT('',(-8.00647746050274,-62.0999989999936,3.16891384406325));
#10973=CARTESIAN_POINT('',(-0.253091078633288,-62.0999989999936,3.16891384406239));
#10974=CARTESIAN_POINT('',(-0.253091078633288,-62.0999989999936,3.16891384406247));
#10975=CARTESIAN_POINT('',(-0.253091078633288,-61.4999989999936,3.16891384406247));
#10976=CARTESIAN_POINT('',(-0.253091078633288,-61.4999989999936,3.16891384406247));
#10977=CARTESIAN_POINT('',(0.246908921366712,-61.4999989999936,3.16891384406247));
#10978=CARTESIAN_POINT('',(-9.0937705557712,-26.294142356694,3.65464135511135));
#10979=CARTESIAN_POINT('',(19.1469089213774,-52.4999989999958,4.75464135510787));
#10980=CARTESIAN_POINT('',(19.1469089213774,-52.4999989999959,4.35464135510794));
#10981=CARTESIAN_POINT('',(19.1469089213774,-55.4999989999959,4.35464135510851));
#10982=CARTESIAN_POINT('',(19.1469089213774,-52.4999989999964,4.75464135510787));
#10983=CARTESIAN_POINT('',(22.5469089213773,-52.4999989999964,4.75464135510787));
#10984=CARTESIAN_POINT('',(-19.1530910786356,-52.4999989999958,4.75464135510786));
#10985=CARTESIAN_POINT('',(-19.1530910786356,-52.4999989999959,4.35464135510793));
#10986=CARTESIAN_POINT('',(-19.1530910786356,-55.4999989999959,4.3546413551085));
#10987=CARTESIAN_POINT('',(-19.1530910786356,-52.4999989999964,4.75464135510786));
#10988=CARTESIAN_POINT('',(-15.7530910786357,-52.4999989999964,4.75464135510786));
#10989=CARTESIAN_POINT('',(-19.1530910786356,-52.4999989999963,2.1546413551184));
#10990=CARTESIAN_POINT('',(-19.1530910786356,-52.4999989999963,2.1546413551184));
#10991=CARTESIAN_POINT('',(-19.1530910786357,-55.4999989999963,2.15464135511899));
#10992=CARTESIAN_POINT('',(19.1469089213774,-52.4999989999963,2.1546413551184));
#10993=CARTESIAN_POINT('',(19.1469089213774,-52.4999989999963,2.1546413551184));
#10994=CARTESIAN_POINT('',(19.1469089213773,-55.4999989999963,2.15464135511899));
#10995=CARTESIAN_POINT('',(21.5685719213777,-26.3990957748674,7.68259264648816));
#10996=CARTESIAN_POINT('',(21.5685719213777,-29.3990957748674,7.68259264648855));
#10997=CARTESIAN_POINT('',(20.7435719213777,-29.3990957748674,7.68259264648826));
#10998=CARTESIAN_POINT('',(7.99690892137143,-22.8311122748667,9.28259264647262));
#10999=CARTESIAN_POINT('',(7.99690892137143,-22.8311122748667,9.28259264647262));
#11000=CARTESIAN_POINT('',(7.99690892137143,-22.0061122748667,9.28259264647246));
#11001=CARTESIAN_POINT('',(-8.00309107862857,-22.8311122748666,9.28259264647357));
#11002=CARTESIAN_POINT('',(-8.00309107862857,-22.8311122748666,9.28259264647357));
#11003=CARTESIAN_POINT('',(-8.00309107862857,-22.0061122748666,9.28259264647341));
#11004=CARTESIAN_POINT('',(-21.574754078636,-26.3990957748731,7.68259264647273));
#11005=CARTESIAN_POINT('',(-21.574754078636,-29.3990957748731,7.68259264647312));
#11006=CARTESIAN_POINT('',(-22.399754078636,-29.3990957748731,7.68259264647282));
#11007=CARTESIAN_POINT('',(0.0141973076317132,-16.9503639622107,4.75464135510786));
#11008=CARTESIAN_POINT('',(0.0141973076317052,-60.7750934212497,4.75464135510787));
#11009=CARTESIAN_POINT('',(8.40029530323616,-60.7750934212497,4.75464135510787));
#11010=CARTESIAN_POINT('',(10.6002953032362,-60.7750934212497,4.75464135510787));
#11011=CARTESIAN_POINT('',(8.40029530323616,-62.0999989999936,4.75464135510787));
#11012=CARTESIAN_POINT('',(8.40029530323616,-62.0999989999936,4.75464135510787));
#11013=CARTESIAN_POINT('',(0.0141973076317132,-62.0999989999936,4.75464135510787));
#11014=CARTESIAN_POINT('',(29.2469089213774,-62.0999989999936,4.75464135510787));
#11015=CARTESIAN_POINT('',(29.2469089213768,-16.9503639622103,4.75464135510787));
#11016=CARTESIAN_POINT('',(29.2469089213771,-38.9981105748677,4.75464135511113));
#11017=CARTESIAN_POINT('',(-0.00309099999808509,-38.9981105748723,4.7546413551144));
#11018=CARTESIAN_POINT('',(11.0002953032362,-38.9981105748696,4.75464135510787));
#11019=CARTESIAN_POINT('',(11.0002953032362,-40.9981105748696,4.75464135510787));
#11020=CARTESIAN_POINT('',(11.0002953032362,-60.0076062471951,4.75464135510787));
#11021=CARTESIAN_POINT('',(18.4981242838638,-45.6213873074792,4.75464135510787));
#11022=CARTESIAN_POINT('',(11.0002953032362,-40.9981105748696,14.7546413551079));
#11023=CARTESIAN_POINT('',(11.0002953032362,-38.9981105748696,14.7546413551079));
#11024=CARTESIAN_POINT('',(11.0002953032362,-38.9981105748696,17.5846948343689));
#11025=CARTESIAN_POINT('',(11.0002953032362,-60.5666208820218,4.41326297209589));
#11026=CARTESIAN_POINT('',(12.3070888023588,-36.2282189773643,19.7448970364283));
#11027=CARTESIAN_POINT('',(10.6002953032362,-38.9981105748696,18.0533829762141));
#11028=CARTESIAN_POINT('',(10.6002953032362,-38.9981105748666,18.0533829762159));
#11029=CARTESIAN_POINT('',(12.3070888023593,-38.9981105748664,18.053382976216));
#11030=CARTESIAN_POINT('',(8.40029530323615,-38.9981105748669,18.0533829762157));
#11031=CARTESIAN_POINT('',(8.40029530323616,-60.7750934212497,4.75464135510786));
#11032=CARTESIAN_POINT('',(12.3070888023588,-36.2282189773643,19.7448970364283));
#11033=CARTESIAN_POINT('',(12.3070888023588,-60.7750934212497,4.75464135510787));
#11034=CARTESIAN_POINT('',(-8.40647746050274,-60.7750934212497,4.75464135510787));
#11035=CARTESIAN_POINT('',(-10.6064774605027,-60.7750934212497,4.75464135510787));
#11036=CARTESIAN_POINT('',(-8.40647746050274,-38.9981105748714,18.0533829762129));
#11037=CARTESIAN_POINT('',(-8.40647746050274,-38.998110574869,18.0533829762144));
#11038=CARTESIAN_POINT('',(12.3070888023593,-38.9981105748664,18.053382976216));
#11039=CARTESIAN_POINT('',(-10.6064774605027,-38.9981105748693,18.0533829762142));
#11040=CARTESIAN_POINT('',(-10.6064774605027,-60.7750934212497,4.75464135510786));
#11041=CARTESIAN_POINT('',(-11.0064774605027,-40.9981105748714,14.7546413551079));
#11042=CARTESIAN_POINT('',(-11.0064774605027,-40.9981105748714,4.75464135510786));
#11043=CARTESIAN_POINT('',(-11.0064774605027,-38.9981105748714,4.75464135510786));
#11044=CARTESIAN_POINT('',(-11.0064774605027,-60.0076062471951,4.75464135510787));
#11045=CARTESIAN_POINT('',(-11.0064774605027,-38.7896380356435,17.7120045932009));
#11046=CARTESIAN_POINT('',(-11.0064774605027,-38.9981105748714,17.5846948343677));
#11047=CARTESIAN_POINT('',(-11.0064774605027,-38.9981105748714,14.7546413551079));
#11048=CARTESIAN_POINT('',(0.0141973076317132,-16.9503639622107,4.75464135510786));
#11049=CARTESIAN_POINT('',(0.0141973076317132,-62.0999989999936,4.75464135510787));
#11050=CARTESIAN_POINT('',(-29.2530910786355,-62.0999989999936,4.75464135510786));
#11051=CARTESIAN_POINT('',(-8.40647746050274,-62.0999989999936,4.75464135510787));
#11052=CARTESIAN_POINT('',(-8.40647746050274,-60.7750934212497,4.75464135510787));
#11053=CARTESIAN_POINT('',(-18.5043064411299,-45.6213873074803,4.75464135510786));
#11054=CARTESIAN_POINT('',(-0.00309099999808509,-38.9981105748723,4.7546413551144));
#11055=CARTESIAN_POINT('',(-29.2530910786352,-38.9981105748751,4.75464135511113));
#11056=CARTESIAN_POINT('',(-29.2530910786349,-16.9503639622103,4.75464135510786));
#11057=CARTESIAN_POINT('',(-19.1530910786356,-52.4999989999963,2.1546413551184));
#11058=CARTESIAN_POINT('',(-19.1530910786356,-52.4999989999955,2.1546413551184));
#11059=CARTESIAN_POINT('',(-19.1530910786356,-50.4999989999956,2.15464135511801));
#11060=CARTESIAN_POINT('',(19.1469089213774,-52.4999989999963,2.1546413551184));
#11061=CARTESIAN_POINT('',(19.1469089213774,-52.4999989999955,2.1546413551184));
#11062=CARTESIAN_POINT('',(19.1469089213774,-50.4999989999956,2.15464135511801));
#11063=CARTESIAN_POINT('',(-29.6530910786347,-3.30859554347858,4.35464135510786));
#11064=CARTESIAN_POINT('',(-49.2502255641404,-42.5028645144877,-15.2424931303973));
#11065=CARTESIAN_POINT('',(-29.4530910786355,-62.2999989999936,4.55464135510786));
#11066=CARTESIAN_POINT('',(-9.92262325979685,-42.7695311811554,24.0851091739462));
#11067=CARTESIAN_POINT('',(-14.9030910786338,-53.3481105748712,19.1046413551094));
#11068=CARTESIAN_POINT('',(27.9469089213712,62.6173500843454,20.1825926464701));
#11069=CARTESIAN_POINT('',(27.9469089213711,8.50188942513658,20.1825926464701));
#11070=CARTESIAN_POINT('',(29.2469089213764,8.50188942513658,20.18259264647));
#11071=CARTESIAN_POINT('',(28.8118337229549,8.50188942513658,20.18259264647));
#11072=CARTESIAN_POINT('',(28.5453868006078,5.46702712803792,20.1825926464701));
#11073=CARTESIAN_POINT('',(28.5469089213711,5.48442504797361,20.1825926464701));
#11074=CARTESIAN_POINT('',(28.5469089213712,62.6173500843454,20.1825926464701));
#11075=CARTESIAN_POINT('',(28.546908921371,-36.9981105748643,20.1825926464701));
#11076=CARTESIAN_POINT('',(27.9469089213838,-36.9981105748644,20.1825926464701));
#11077=CARTESIAN_POINT('',(29.2469089213771,-36.9981105748642,20.18259264647));
#11078=CARTESIAN_POINT('',(29.2469089213766,-3.30859554347859,20.18259264647));
#11079=CARTESIAN_POINT('',(29.6469089213766,-3.30859554347858,4.35464135510787));
#11080=CARTESIAN_POINT('',(9.91644110253873,-42.7695311811554,24.0851091739462));
#11081=CARTESIAN_POINT('',(29.4469089213774,-62.2999989999936,4.55464135510788));
#11082=CARTESIAN_POINT('',(49.2440434068822,-42.5028645144879,-15.2424931303972));
#11083=CARTESIAN_POINT('',(14.8969089213781,-53.348110574865,19.104641355107));
#11084=CARTESIAN_POINT('',(21.5685719213777,-29.3990957748674,7.68259264648816));
#11085=CARTESIAN_POINT('',(21.5685719213748,-29.3990957748658,16.0825926464886));
#11086=CARTESIAN_POINT('',(22.3935719213748,-29.3990957748658,16.0825926464888));
#11087=CARTESIAN_POINT('',(7.99690892137143,-22.8311122748667,9.28259264647262));
#11088=CARTESIAN_POINT('',(7.99690892137205,-22.8311122748646,20.1825926464706));
#11089=CARTESIAN_POINT('',(7.99690892137205,-23.6561122748646,20.1825926464708));
#11090=CARTESIAN_POINT('',(-8.00309107862857,-22.8311122748666,9.28259264647357));
#11091=CARTESIAN_POINT('',(-8.00309107862795,-22.8311122748646,20.1825926464716));
#11092=CARTESIAN_POINT('',(-8.00309107862795,-23.6561122748646,20.1825926464717));
#11093=CARTESIAN_POINT('',(-21.574754078636,-29.3990957748731,7.68259264647273));
#11094=CARTESIAN_POINT('',(-21.5747540786389,-29.3990957748715,16.0825926464731));
#11095=CARTESIAN_POINT('',(-20.7497540786389,-29.3990957748715,16.0825926464734));
#11096=CARTESIAN_POINT('',(8.00029530323616,-66.4999989999936,14.7546413551079));
#11097=CARTESIAN_POINT('',(8.00029530323616,-60.7750934212497,4.35464135510787));
#11098=CARTESIAN_POINT('',(8.00029530323616,-60.6626150733481,4.35464135510787));
#11099=CARTESIAN_POINT('',(8.00029530323616,-38.7896380356417,17.7120045932021));
#11100=CARTESIAN_POINT('',(8.00029530323616,-38.9981105748696,17.5846948343689));
#11101=CARTESIAN_POINT('',(8.00029530323616,-38.9981105748696,14.7546413551079));
#11102=CARTESIAN_POINT('',(8.00029530323616,-38.9981105748696,4.75464135510789));
#11103=CARTESIAN_POINT('',(8.00029530323616,37.0043881654973,4.75464135510785));
#11104=CARTESIAN_POINT('',(8.00029530323616,-58.5071352444713,6.76177759958404));
#11105=CARTESIAN_POINT('',(-8.00647746050274,-66.4999989999936,14.7546413551079));
#11106=CARTESIAN_POINT('',(-8.00647746050274,-60.5666208820218,4.41326297209589));
#11107=CARTESIAN_POINT('',(-8.00647746050274,-38.9981105748714,17.5846948343677));
#11108=CARTESIAN_POINT('',(-8.00647746050274,-60.6626150733481,4.35464135510786));
#11109=CARTESIAN_POINT('',(-8.00647746050274,-62.0999989999936,4.35464135510786));
#11110=CARTESIAN_POINT('',(-8.00647746050274,-62.4999989999936,4.35464135510786));
#11111=CARTESIAN_POINT('',(-8.00647746050274,-62.4999989999936,4.15464135512236));
#11112=CARTESIAN_POINT('',(-8.00647746050274,-62.4999989999936,2.76891384406247));
#11113=CARTESIAN_POINT('',(-8.00647746050274,-58.5071352444713,6.76177759958404));
#11114=CARTESIAN_POINT('',(-8.00647746050273,-30.660810849376,3.96180102441599));
#11115=CARTESIAN_POINT('',(-8.00647746050274,-30.660810849376,4.75464135510785));
#11116=CARTESIAN_POINT('',(-8.00647746050274,37.0043881654973,4.75464135510785));
#11117=CARTESIAN_POINT('',(-8.00647746050274,-38.9981105748694,4.75464135510785));
#11118=CARTESIAN_POINT('',(-8.00647746050274,-38.9981105748714,14.7546413551079));
#11119=CARTESIAN_POINT('',(-0.00309099999808507,-38.9981105748621,47.8046413551114));
#11120=CARTESIAN_POINT('',(-0.00309099999814568,-38.9981105748679,18.1825926464705));
#11121=CARTESIAN_POINT('',(29.2469089213772,-38.9981105748642,18.1825926464704));
#11122=CARTESIAN_POINT('',(28.5469089213709,-38.9981105748643,18.1825926464704));
#11123=CARTESIAN_POINT('',(28.546908921371,-38.9981105748585,47.8046413551114));
#11124=CARTESIAN_POINT('',(28.5469089213709,-38.9981105748648,15.6825926464931));
#11125=CARTESIAN_POINT('',(16.6812234964107,-38.9981105748663,15.6825926464889));
#11126=CARTESIAN_POINT('',(17.0812234964103,-38.9981105748662,15.682592646489));
#11127=CARTESIAN_POINT('',(10.2427458653441,-38.9981105748658,22.5210702775563));
#11128=CARTESIAN_POINT('',(12.9812234964265,-38.9981105748659,19.7825926464735));
#11129=CARTESIAN_POINT('',(5.05738178560734E-12,-38.9981105748676,19.7825926464742));
#11130=CARTESIAN_POINT('',(-12.9874056536871,-38.9981105748692,19.782592646475));
#11131=CARTESIAN_POINT('',(-20.2489280226012,-38.9981105748715,12.521070277561));
#11132=CARTESIAN_POINT('',(-17.0874056536854,-38.9981105748705,15.6825926464768));
#11133=CARTESIAN_POINT('',(-28.3530910786289,-38.998110574872,15.6825926464728));
#11134=CARTESIAN_POINT('',(-28.5530910786291,-38.998110574872,15.6825926464727));
#11135=CARTESIAN_POINT('',(-28.5530910786291,-38.9981105748715,18.1825926464532));
#11136=CARTESIAN_POINT('',(-28.5530910786291,-38.9981105748715,18.1825926464532));
#11137=CARTESIAN_POINT('',(-29.4530910786352,-38.9981105748716,18.1825926464532));
#11138=CARTESIAN_POINT('',(-29.253091078635,-38.9981105748716,18.1825926464532));
#11139=CARTESIAN_POINT('',(-29.2530910786352,-38.9981105748658,47.8046413551114));
#11140=CARTESIAN_POINT('',(8.55277650154978,-38.9981105748625,40.502670822755));
#11141=CARTESIAN_POINT('',(-19.5558937031249,-38.9981105748678,31.1173809297482));
#11142=CARTESIAN_POINT('',(13.454352342976,-38.998110574863,41.9258889473215));
#11143=CARTESIAN_POINT('',(-2.30850180917323,-38.9981105748689,14.6238246835009));
#11144=CARTESIAN_POINT('',(-0.0030909999981215,-38.9981105748684,14.6238246835009));
#11145=CARTESIAN_POINT('',(2.30231965190666,-38.9981105748683,14.6238246835009));
#11146=CARTESIAN_POINT('',(11.2394654997423,-38.9981105748708,-0.855765999603629));
#11147=CARTESIAN_POINT('',(19.5497116121349,-38.9981105748629,31.1173810074088));
#11148=CARTESIAN_POINT('',(-8.55895859253961,-38.9981105748646,40.5026707450959));
#11149=CARTESIAN_POINT('',(29.2469089213771,-38.9981105748584,47.8046413551114));
#11150=CARTESIAN_POINT('',(-9.0937705557712,-26.294142356694,9.57405285383607));
#11151=CARTESIAN_POINT('',(-8.00647746050274,-21.927473864012,3.9617775995805));
#11152=CARTESIAN_POINT('',(-8.00647746050274,-21.927473864012,4.75464135510795));
#11153=CARTESIAN_POINT('',(-9.0937705557712,-26.294142356694,2.87139447138404));
#11154=CARTESIAN_POINT('',(-19.1530910786356,-52.4999989999959,2.1546413551184));
#11155=CARTESIAN_POINT('',(-19.1530910786356,-52.4999989999959,1.75464135511848));
#11156=CARTESIAN_POINT('',(-17.5530910786356,-52.4999989999959,1.75464135511848));
#11157=CARTESIAN_POINT('',(19.1469089213774,-52.4999989999959,2.1546413551184));
#11158=CARTESIAN_POINT('',(19.1469089213774,-52.4999989999959,1.75464135511848));
#11159=CARTESIAN_POINT('',(20.7469089213774,-52.4999989999959,1.75464135511848));
#11160=CARTESIAN_POINT('',(-29.2530910786355,-62.4999989999936,3.55464135510846));
#11161=CARTESIAN_POINT('',(-30.7864244119678,-60.9666656666612,0.487974688443722));
#11162=CARTESIAN_POINT('',(-19.5088538740543,-72.2442362045753,9.09887855969307));
#11163=CARTESIAN_POINT('',(-29.2530910786355,-62.4999989999936,-0.64535864488865));
#11164=CARTESIAN_POINT('',(-29.2530910786355,-62.4999989999936,3.55464135510846));
#11165=CARTESIAN_POINT('',(-29.2530910786355,-62.4999989999936,4.35464135510786));
#11166=CARTESIAN_POINT('',(-28.986424411969,-62.7666656666601,4.08797468844138));
#11167=CARTESIAN_POINT('',(-0.0203794648898833,-62.4999989999936,3.55464135510846));
#11168=CARTESIAN_POINT('',(-0.253091078633288,-62.4999989999936,3.16891384406247));
#11169=CARTESIAN_POINT('',(-0.253091078633288,-62.4999989999936,2.76891384406247));
#11170=CARTESIAN_POINT('',(-0.253091078633288,-62.4999989999936,-0.64535864488865));
#11171=CARTESIAN_POINT('',(-8.00647746050274,-62.4999989999936,2.76891384406247));
#11172=CARTESIAN_POINT('',(-0.0203794648898834,-62.4999989999936,4.35464135510787));
#11173=CARTESIAN_POINT('',(-0.0203794648898833,-62.4999989999936,-0.64535864488865));
#11174=CARTESIAN_POINT('',(29.6469089213774,-62.0999989999936,-21.1345988139018));
#11175=CARTESIAN_POINT('',(19.4911461259556,-72.2557617954159,9.11040415053365));
#11176=CARTESIAN_POINT('',(22.8171621983731,-68.9297457229981,-7.47510536789308));
#11177=CARTESIAN_POINT('',(21.0171621983743,-70.7297457229971,-3.87510536789567));
#11178=CARTESIAN_POINT('',(29.6469089213631,41.3090515367728,16.0825926464778));
#11179=CARTESIAN_POINT('',(29.6469089213631,-21.8981105748639,16.0825926464902));
#11180=CARTESIAN_POINT('',(17.2469089213574,-21.8981105748639,16.0825926464857));
#11181=CARTESIAN_POINT('',(17.2469089213543,2.34796475602535,16.082592646481));
#11182=CARTESIAN_POINT('',(17.2469089213595,-38.5981105748661,16.082592646489));
#11183=CARTESIAN_POINT('',(28.3469089213709,-38.5981105748647,16.082592646493));
#11184=CARTESIAN_POINT('',(10.5255885778136,2.34796475602582,22.8039129900228));
#11185=CARTESIAN_POINT('',(13.1469089213716,2.34796475602578,20.1825926464647));
#11186=CARTESIAN_POINT('',(13.1469089213746,-21.8981105748629,20.1825926464697));
#11187=CARTESIAN_POINT('',(13.1469089213767,-38.5981105748659,20.182592646473));
#11188=CARTESIAN_POINT('',(10.5255885778187,-38.5981105748657,22.8039129900308));
#11189=CARTESIAN_POINT('',(10.5255885778145,-21.8981105748623,22.8039129900297));
#11190=CARTESIAN_POINT('',(7.99690892137184,-22.8311122748648,14.7825926464715));
#11191=CARTESIAN_POINT('',(7.99690892137175,-22.8311122748656,14.7825926464715));
#11192=CARTESIAN_POINT('',(7.99690892137175,-22.8311122748656,14.7825926464715));
#11193=CARTESIAN_POINT('',(7.99690892137184,-22.8311122748653,16.2825926464706));
#11194=CARTESIAN_POINT('',(7.99690892137205,-22.8311122748646,19.7825926464706));
#11195=CARTESIAN_POINT('',(-8.00309107862816,-22.8311122748647,14.7825926464725));
#11196=CARTESIAN_POINT('',(-8.00309107862825,-22.8311122748655,14.7825926464725));
#11197=CARTESIAN_POINT('',(-8.00309107862824,-22.8311122748655,14.7825926464725));
#11198=CARTESIAN_POINT('',(-8.00309107862816,-22.8311122748652,16.2825926464716));
#11199=CARTESIAN_POINT('',(-8.00309107862795,-22.8311122748646,19.7825926464716));
#11200=CARTESIAN_POINT('',(1.45177402545124E-12,-10.1503615999952,20.1825926464686));
#11201=CARTESIAN_POINT('',(-13.1530910786413,2.34796475602072,20.1825926464671));
#11202=CARTESIAN_POINT('',(-13.1530910786382,-21.8981105748629,20.1825926464718));
#11203=CARTESIAN_POINT('',(-13.1530910786361,-38.5981105748692,20.1825926464751));
#11204=CARTESIAN_POINT('',(5.0306832335958E-12,-38.5981105748675,20.1825926464742));
#11205=CARTESIAN_POINT('',(1.45249336761016E-12,-21.8981105748629,20.1825926464709));
#11206=CARTESIAN_POINT('',(10.9531747801531,-21.8981105748629,20.1825926464703));
#11207=CARTESIAN_POINT('',(7.99690892137207,-22.8311122748645,20.1825926464706));
#11208=CARTESIAN_POINT('',(5.04064306259102,-21.8981105748629,20.1825926464706));
#11209=CARTESIAN_POINT('',(1.45249336761016E-12,-21.8981105748629,20.1825926464709));
#11210=CARTESIAN_POINT('',(-5.04682521984686,-21.8981105748629,20.1825926464712));
#11211=CARTESIAN_POINT('',(-8.00309107862793,-22.8311122748645,20.1825926464716));
#11212=CARTESIAN_POINT('',(-10.959356937409,-21.8981105748629,20.1825926464716));
#11213=CARTESIAN_POINT('',(1.45249336761016E-12,-21.8981105748629,20.1825926464709));
#11214=CARTESIAN_POINT('',(-20.5317707350811,2.34796475601766,12.8039129900276));
#11215=CARTESIAN_POINT('',(-17.2530910786399,2.34796475601872,16.0825926464687));
#11216=CARTESIAN_POINT('',(-17.2530910786369,-21.8981105748639,16.0825926464734));
#11217=CARTESIAN_POINT('',(-17.2530910786347,-38.5981105748705,16.0825926464767));
#11218=CARTESIAN_POINT('',(-20.5317707350759,-38.5981105748715,12.8039129900356));
#11219=CARTESIAN_POINT('',(-20.5317707350789,-21.8981105748648,12.8039129900314));
#11220=CARTESIAN_POINT('',(-20.6530910786456,41.309051536773,16.0825926464598));
#11221=CARTESIAN_POINT('',(-16.6874056536853,-38.5981105748704,16.0825926464769));
#11222=CARTESIAN_POINT('',(-20.6530910786456,-21.8981105748639,16.0825926464722));
#11223=CARTESIAN_POINT('',(3.85522124537631,92.3938644811253,14.6238246835009));
#11224=CARTESIAN_POINT('',(-2.30850180917323,92.3938644811253,14.6238246835009));
#11225=CARTESIAN_POINT('',(-2.30850180917323,-21.8981105748643,14.6238246835009));
#11226=CARTESIAN_POINT('',(2.30231965190679,-21.8981105748643,14.6238246835009));
#11227=CARTESIAN_POINT('',(2.30231965190666,-21.8981105748655,14.6238246835009));
#11228=CARTESIAN_POINT('',(2.30231965190666,92.3938644811253,14.6238246835009));
#11229=CARTESIAN_POINT('',(11.2394654997552,92.3938644811253,-0.855765999626032));
#11230=CARTESIAN_POINT('',(8.00029530323612,-21.8981105748667,4.75464135510794));
#11231=CARTESIAN_POINT('',(8.00029530323616,-21.8981105748667,4.75464135510796));
#11232=CARTESIAN_POINT('',(8.00029530323616,-23.407729340129,4.75464135510834));
#11233=CARTESIAN_POINT('',(3.05647842744488,92.3938644811253,23.9162430349264));
#11234=CARTESIAN_POINT('',(-8.00647746050274,-23.5594226558686,4.75464135510836));
#11235=CARTESIAN_POINT('',(-8.00647746050274,-21.8981105748667,4.75464135510795));
#11236=CARTESIAN_POINT('',(-2.30850180917332,-21.8981105748643,14.6238246835008));
#11237=CARTESIAN_POINT('',(-19.1530910786356,-52.4999989999959,37.9825613146317));
#11238=CARTESIAN_POINT('',(-19.1530910786356,-52.4999989999959,-0.645358644888648));
#11239=CARTESIAN_POINT('',(-20.7530910786356,-52.4999989999959,-0.645358644888648));
#11240=CARTESIAN_POINT('',(19.1469089213774,-52.4999989999959,37.9825613146317));
#11241=CARTESIAN_POINT('',(19.1469089213774,-52.4999989999959,-0.645358644888648));
#11242=CARTESIAN_POINT('',(17.5469089213774,-52.4999989999959,-0.645358644888648));
#11243=CARTESIAN_POINT('',(-19.1530910786356,-52.4999989999959,-0.645358644888648));
#11244=CARTESIAN_POINT('',(19.1469089213774,-52.4999989999959,-0.645358644888648));
#11245=CARTESIAN_POINT('',(9.10622944422879,-26.2941423566897,3.65464135511135));
#11246=CARTESIAN_POINT('',(-8.00647746050274,-23.5594226558686,4.75464135510836));
#11247=CARTESIAN_POINT('',(-8.00647746050274,-21.8981105748668,4.75464135510795));
#11248=CARTESIAN_POINT('',(8.00029530323616,-23.407729340129,4.75464135510834));
#11249=CARTESIAN_POINT('',(8.00029530323616,-21.8981105748672,2.76891384405456));
#11250=CARTESIAN_POINT('',(10.5255885778145,-21.8981105748623,22.8039129900297));
#11251=CARTESIAN_POINT('',(14.941574657715,-16.3325413297764,10.5170234013949));
#11252=CARTESIAN_POINT('',(12.1081904007816,-19.3904222349633,17.6749043065694));
#11253=CARTESIAN_POINT('',(1.45249336761016E-12,-21.8981105748629,20.1825926464709));
#11254=CARTESIAN_POINT('',(10.9531747801544,-21.8981105748634,20.1825926464707));
#11255=CARTESIAN_POINT('',(11.0500080953141,-21.7660084760295,20.0504905476368));
#11256=CARTESIAN_POINT('',(11.1430790723675,-21.6325888646363,19.9170709362435));
#11257=CARTESIAN_POINT('',(11.2331268478709,-21.498110574863,19.7825926464702));
#11258=CARTESIAN_POINT('',(7.99690892137205,-22.8311122748646,19.7825926464706));
#11259=CARTESIAN_POINT('',(5.04064306258973,-21.8981105748634,20.1825926464711));
#11260=CARTESIAN_POINT('',(4.94380974742998,-21.7660084760295,20.0504905476372));
#11261=CARTESIAN_POINT('',(4.85073877037656,-21.6325888646363,19.9170709362439));
#11262=CARTESIAN_POINT('',(4.76069099487316,-21.498110574863,19.7825926464706));
#11263=CARTESIAN_POINT('',(1.45249336761016E-12,-21.8981105748629,20.1825926464709));
#11264=CARTESIAN_POINT('',(-5.04682521984558,-21.8981105748634,20.1825926464717));
#11265=CARTESIAN_POINT('',(-4.94999190468584,-21.7660084760295,20.0504905476377));
#11266=CARTESIAN_POINT('',(-4.85692092763244,-21.6325888646363,19.9170709362445));
#11267=CARTESIAN_POINT('',(-4.76687315212904,-21.498110574863,19.7825926464711));
#11268=CARTESIAN_POINT('',(-8.00309107862795,-22.8311122748646,19.7825926464716));
#11269=CARTESIAN_POINT('',(-10.9593569374103,-21.8981105748634,20.182592646472));
#11270=CARTESIAN_POINT('',(-11.05619025257,-21.7660084760295,20.0504905476381));
#11271=CARTESIAN_POINT('',(-11.1492612296235,-21.6325888646363,19.9170709362448));
#11272=CARTESIAN_POINT('',(-11.2393090051269,-21.498110574863,19.7825926464715));
#11273=CARTESIAN_POINT('',(1.45249336761016E-12,-21.8981105748629,20.1825926464709));
#11274=CARTESIAN_POINT('',(-12.3286343347392,-19.9076959221513,18.1921779937591));
#11275=CARTESIAN_POINT('',(-20.5317707350789,-21.8981105748648,12.8039129900314));
#11276=CARTESIAN_POINT('',(-17.5217202287389,-22.5466387122889,16.7311207838986));
#11277=CARTESIAN_POINT('',(-20.5317707350759,-38.5981105748715,12.8039129900356));
#11278=CARTESIAN_POINT('',(-17.5217202287365,-37.9495824374466,16.7311207839002));
#11279=CARTESIAN_POINT('',(-12.1138841146174,-41.1069781215161,17.6737250998288));
#11280=CARTESIAN_POINT('',(5.0306832335958E-12,-38.5981105748675,20.1825926464742));
#11281=CARTESIAN_POINT('',(13.4398021401888,-37.8910037936797,20.8896994276592));
#11282=CARTESIAN_POINT('',(10.5255885778187,-38.5981105748657,22.8039129900308));
#11283=CARTESIAN_POINT('',(18.2266152334955,-36.2328903089629,18.4478129123915));
#11284=CARTESIAN_POINT('',(-8.00309107862863,-22.8311122748668,8.28259264647156));
#11285=CARTESIAN_POINT('',(-8.00309107862863,-22.8311122748668,8.28259264647156));
#11286=CARTESIAN_POINT('',(-8.00309107862863,-22.8311122748668,8.28259264647156));
#11287=CARTESIAN_POINT('',(-8.00309107862859,-22.8311122748667,8.90259264647156));
#11288=CARTESIAN_POINT('',(-8.00309107862833,-22.8311122748658,13.3025926464725));
#11289=CARTESIAN_POINT('',(7.99690892137137,-22.8311122748669,8.28259264647061));
#11290=CARTESIAN_POINT('',(7.99690892137137,-22.8311122748669,8.28259264647061));
#11291=CARTESIAN_POINT('',(7.99690892137137,-22.8311122748669,8.28259264647061));
#11292=CARTESIAN_POINT('',(7.9969089213714,-22.8311122748667,8.90259264647062));
#11293=CARTESIAN_POINT('',(7.99690892137166,-22.8311122748659,13.3025926464715));
#11294=CARTESIAN_POINT('',(-8.00309107862825,-22.8311122748655,14.7825926464725));
#11295=CARTESIAN_POINT('',(7.99690892137175,-22.8311122748656,14.7825926464715));
#11296=CARTESIAN_POINT('',(7.99690892137137,-22.8311122748669,8.28259264647061));
#11297=CARTESIAN_POINT('',(-8.00309107862863,-22.8311122748668,8.28259264647156));
#11298=CARTESIAN_POINT('',(-9.0937705557712,-26.294142356694,11.3546413551114));
#11299=CARTESIAN_POINT('',(-9.0937705557712,-26.294142356694,11.3546413551114));
#11300=CARTESIAN_POINT('',(-7.3937705557712,-26.294142356694,11.3546413551114));
#11301=CARTESIAN_POINT('',(-9.0937705557712,-26.294142356694,11.3546413551114));
#11302=CARTESIAN_POINT('',(-9.0937705557712,-26.294142356694,3.90964135511135));
#11303=CARTESIAN_POINT('',(-7.3937705557712,-26.294142356694,3.90964135511135));
#11304=CARTESIAN_POINT('',(9.10622944422879,-26.2941423566897,11.3546413551114));
#11305=CARTESIAN_POINT('',(9.10622944422879,-26.2941423566897,11.3546413551114));
#11306=CARTESIAN_POINT('',(10.8062294442288,-26.2941423566897,11.3546413551114));
#11307=CARTESIAN_POINT('',(9.10622944422879,-26.2941423566897,11.3546413551114));
#11308=CARTESIAN_POINT('',(9.10622944422879,-26.2941423566897,3.90964135511135));
#11309=CARTESIAN_POINT('',(10.8062294442288,-26.2941423566897,3.90964135511135));
#11310=CARTESIAN_POINT('',(9.10622944422879,-26.2941423566897,3.35464135511135));
#11311=CARTESIAN_POINT('',(-9.0937705557712,-26.294142356694,3.35464135511135));
#11312=CARTESIAN_POINT('',(-9.99999999999975,-21.4981105748672,2.76891384405446));
#11313=CARTESIAN_POINT('',(-10.8420344989635,-19.062553536407,0.333356805593149));
#11314=CARTESIAN_POINT('',(7.47171946621836,-22.4266864118848,3.69748968107245));
#11315=CARTESIAN_POINT('',(11.239465499743,-21.8981105748681,-0.855765999604775));
#11316=CARTESIAN_POINT('',(8.00029530323618,-21.8981105748667,4.75464135510784));
#11317=CARTESIAN_POINT('',(2.52416273668803,-21.5138670807151,15.0080681776501));
#11318=CARTESIAN_POINT('',(3.85522124537632,-21.8981105748643,14.6238246835009));
#11319=CARTESIAN_POINT('',(0.413573219246897,-26.6128828261034,9.90905243226308));
#11320=CARTESIAN_POINT('',(-12.8749948931833,-21.4981105748686,-2.87787819582972));
#11321=CARTESIAN_POINT('',(-7.19081313840379,-22.7137748969658,4.53608475870651));
#11322=CARTESIAN_POINT('',(-8.40647746050274,-21.4981105748691,-4.53775727132805));
#11323=CARTESIAN_POINT('',(8.00029530323616,-21.8981105748667,4.75464135510796));
#11324=CARTESIAN_POINT('',(0.0141973076317132,-62.0999989999936,4.75464135510787));
#11325=CARTESIAN_POINT('',(5.60492930470133,-64.8953649985284,1.95927535657304));
#11326=CARTESIAN_POINT('',(-0.0203794648898834,-62.4999989999936,4.35464135510787));
#11327=CARTESIAN_POINT('',(-5.34444479529845,-65.1620316651979,1.69260868990357));
#11328=CARTESIAN_POINT('',(-11.0064774605027,-41.7136586917606,15.9263671853567));
#11329=CARTESIAN_POINT('',(-8.00647746050274,-60.2884692257885,4.58312429006744));
#11330=CARTESIAN_POINT('',(-2.47915115828189,-59.1083537463807,-1.17268494711299));
#11331=CARTESIAN_POINT('',(-8.40647746050273,-16.9503639622107,4.75464135510786));
#11332=CARTESIAN_POINT('',(8.40029530323616,-16.9503639622107,4.75464135510787));
#11333=CARTESIAN_POINT('',(12.2903863662828,-61.8689709611456,8.64473241815446));
#11334=CARTESIAN_POINT('',(8.40029530323616,-36.2282189773643,19.7448970364283));
#11335=CARTESIAN_POINT('',(11.0002953032362,-41.7136586917593,15.9263671853575));
#11336=CARTESIAN_POINT('',(16.7325442396394,3.50188942513281,2.48259270223578));
#11337=CARTESIAN_POINT('',(16.7325442396394,5.50188942513274,2.48259270223528));
#11338=CARTESIAN_POINT('',(16.7325442396394,5.50188942513276,2.48259270223528));
#11339=CARTESIAN_POINT('',(16.7325442396394,3.50188942513281,2.48259270223578));
#11340=CARTESIAN_POINT('',(16.7325442396394,3.50188942513281,2.48259270223578));
#11341=CARTESIAN_POINT('',(15.7869115100328,3.50188942513281,2.48259270223543));
#11342=CARTESIAN_POINT('',(15.7869115100328,5.50188942513274,2.48259270223494));
#11343=CARTESIAN_POINT('',(15.7869115100333,-19.4981105748673,2.48259270224114));
#11344=CARTESIAN_POINT('',(13.3869115100336,-19.4981105748673,2.48259270224025));
#11345=CARTESIAN_POINT('',(15.3869115100328,5.50188942513273,2.48259270223479));
#11346=CARTESIAN_POINT('',(15.3869115100328,3.50188942513281,2.98259270223528));
#11347=CARTESIAN_POINT('',(15.3869115100328,-19.4981105748672,2.78259270224099));
#11348=CARTESIAN_POINT('',(15.3869115100328,-19.4981105748681,-0.645358644888629));
#11349=CARTESIAN_POINT('',(15.3869115100328,-19.4981105748674,2.0825927022406));
#11350=CARTESIAN_POINT('',(15.3869115100328,3.50188942513259,2.08259270223528));
#11351=CARTESIAN_POINT('',(15.3869115100328,5.48442504796922,2.08259270223479));
#11352=CARTESIAN_POINT('',(15.3869115100328,3.43880733060463,2.26156106241248));
#11353=CARTESIAN_POINT('',(15.3869115100328,10.1018894251325,1.67861691499706));
#11354=CARTESIAN_POINT('',(15.3869115100328,10.1018894251328,2.98259270223365));
#11355=CARTESIAN_POINT('',(15.3869115100328,10.1018894251319,-0.645358644889145));
#11356=CARTESIAN_POINT('',(15.3869115100328,3.50188942513281,-0.645358644889145));
#11357=CARTESIAN_POINT('',(-16.7387264900824,3.50188942513281,2.48259271986605));
#11358=CARTESIAN_POINT('',(-13.3930937604752,-19.4981105748673,2.48259271987299));
#11359=CARTESIAN_POINT('',(-15.793093760476,-19.4981105748673,2.48259271987211));
#11360=CARTESIAN_POINT('',(-15.793093760476,3.50188942513281,2.4825927198664));
#11361=CARTESIAN_POINT('',(-15.793093760476,5.50188942513278,2.48259271986591));
#11362=CARTESIAN_POINT('',(-16.7387264900823,5.50188942513275,2.48259271986556));
#11363=CARTESIAN_POINT('',(-16.7387264901484,5.50188942513281,2.48259271971728));
#11364=CARTESIAN_POINT('',(-16.7387264900824,3.50188942513281,2.48259271986605));
#11365=CARTESIAN_POINT('',(-27.6530911370504,3.50188942513401,7.34198094260885));
#11366=CARTESIAN_POINT('',(-27.9530910786296,5.50188942513403,7.47554952219505));
#11367=CARTESIAN_POINT('',(-9.89005152436892E-13,0.0209363503287415,2.96211396159337));
#11368=CARTESIAN_POINT('',(16.6362863661614,0.325702344573287,2.93545039207484));
#11369=CARTESIAN_POINT('',(16.8181154771571,10.1034115458959,2.08001168170362));
#11370=CARTESIAN_POINT('',(-6.63150172598287E-13,10.1034115458959,2.0800116816974));
#11371=CARTESIAN_POINT('',(15.7869115100328,10.1034115458959,2.08001168170324));
#11372=CARTESIAN_POINT('',(15.7869115100328,0.0209363503292492,2.96211396159917));
#11373=CARTESIAN_POINT('',(1.53916983196861,0.0209363503275804,-3.75703204388275));
#11374=CARTESIAN_POINT('',(28.3577887116504,7.91225645762538,7.42764834605872));
#11375=CARTESIAN_POINT('',(28.5494899419013,10.1034115458972,7.30315611150796));
#11376=CARTESIAN_POINT('',(1.89795315214221,10.1034115458942,-4.56287257485796));
#11377=CARTESIAN_POINT('',(-9.89005158941496E-13,0.0209363503297516,2.96211397923594));
#11378=CARTESIAN_POINT('',(-15.793093760476,0.0209363503292438,2.96211397923014));
#11379=CARTESIAN_POINT('',(-15.793093760476,10.1034115458959,2.08001169933422));
#11380=CARTESIAN_POINT('',(-6.63150179102854E-13,10.1034115458959,2.08001169934006));
#11381=CARTESIAN_POINT('',(-16.8242977280017,10.1034115458959,2.08001169933384));
#11382=CARTESIAN_POINT('',(-16.6424705546241,0.325806538667482,2.93544129390314));
#11383=CARTESIAN_POINT('',(-1.54019258434249,0.0209363503275791,-3.75932918320472));
#11384=CARTESIAN_POINT('',(-1.89897590452651,10.1034115458942,-4.5651697141753));
#11385=CARTESIAN_POINT('',(-28.5556720991595,10.1034115458972,7.30315608765253));
#11386=CARTESIAN_POINT('',(-27.5329049299316,-1.58687069192554,7.9673488534156));
#11387=CARTESIAN_POINT('',(-13.393093760476,-19.4981105748691,-4.53775727132855));
#11388=CARTESIAN_POINT('',(-13.393093760476,-19.4981105748674,2.08259271987274));
#11389=CARTESIAN_POINT('',(-13.393093760476,-19.4981105748681,-0.645358644888674));
#11390=CARTESIAN_POINT('',(13.3869115100328,-19.4981105748691,-4.53775727132854));
#11391=CARTESIAN_POINT('',(13.3869115100328,-19.4981105748674,2.08259270224021));
#11392=CARTESIAN_POINT('',(13.3869115100328,-19.4981105748681,-0.645358644888871));
#11393=CARTESIAN_POINT('',(-29.6530910786346,-24.4981105748669,4.15464135512003));
#11394=CARTESIAN_POINT('',(-41.1864244119765,-1.43144390820578,15.6879746884432));
#11395=CARTESIAN_POINT('',(-16.3864244119643,2.03522275847636,-9.11202531154189));
#11396=CARTESIAN_POINT('',(-29.6530910786346,-24.4981105748669,4.15464135512003));
#11397=CARTESIAN_POINT('',(-3.15935644664252,-12.9994724206302,-2.95935644664263));
#11398=CARTESIAN_POINT('',(-29.4530910786219,-27.3461091634993,-0.845358644901825));
#11399=CARTESIAN_POINT('',(29.6469089213765,-24.4981105748669,4.15464135512003));
#11400=CARTESIAN_POINT('',(41.1802422547011,-1.43144390818859,15.6879746884519));
#11401=CARTESIAN_POINT('',(29.6469089213765,-24.4981105748669,4.15464135512003));
#11402=CARTESIAN_POINT('',(16.3802422547165,2.03522275845717,-9.11202531156154));
#11403=CARTESIAN_POINT('',(3.15863327162828,-13.0022823315008,-2.95863327162171));
#11404=CARTESIAN_POINT('',(15.2461337831333,-27.3461091634899,-15.0461337831325));
#11405=CARTESIAN_POINT('',(-15.393093760476,10.1018894251328,2.98259271986491));
#11406=CARTESIAN_POINT('',(-15.0849785419273,9.79377420658389,2.41792155997431));
#11407=CARTESIAN_POINT('',(-15.5938548208577,10.3026504855142,1.86258055078471));
#11408=CARTESIAN_POINT('',(-15.8138738810568,10.5226695457133,2.06419087452301));
#11409=CARTESIAN_POINT('',(-14.1837766388916,8.89257230354779,0.563958476695764));
#11410=CARTESIAN_POINT('',(-16.735744215394,11.4445398800501,0.297291810029281));
#11411=CARTESIAN_POINT('',(15.3869115100328,10.1018894251328,2.98259270223365));
#11412=CARTESIAN_POINT('',(15.8076916306136,10.5226695457135,2.06419085689219));
#11413=CARTESIAN_POINT('',(15.5876725704144,10.3026504855142,1.86258053315359));
#11414=CARTESIAN_POINT('',(15.078796291484,9.79377420658394,2.41792154234275));
#11415=CARTESIAN_POINT('',(16.7295619590737,11.444539874173,0.297291804152268));
#11416=CARTESIAN_POINT('',(14.1775943943263,8.89257230942572,0.56395847081436));
#11417=CARTESIAN_POINT('',(29.6469089213766,-3.30859554347858,-0.645358644888648));
#11418=CARTESIAN_POINT('',(-29.4530910786354,-56.2503615999955,-0.845358644888649));
#11419=CARTESIAN_POINT('',(-0.0203794648898872,10.3018894251319,-0.845358644888649));
#11420=CARTESIAN_POINT('',(-0.0203794648898872,10.3018894251319,-0.845358644888649));
#11421=CARTESIAN_POINT('',(15.3869115100328,3.50188942513281,-0.645358644889145));
#11422=CARTESIAN_POINT('',(15.3869115100328,-19.4981105748681,-0.645358644889145));
#11423=CARTESIAN_POINT('',(13.3869115100328,-19.4981105748681,-0.845358644888649));
#11424=CARTESIAN_POINT('',(13.3869115100328,-21.4981105748681,-0.645358644888386));
#11425=CARTESIAN_POINT('',(-0.0203794648898854,-21.6981105748681,-0.845358644888649));
#11426=CARTESIAN_POINT('',(-13.393093760476,-21.4981105748681,-0.645358644888648));
#11427=CARTESIAN_POINT('',(-13.393093760476,-19.4981105748681,-0.845358644888649));
#11428=CARTESIAN_POINT('',(-15.393093760476,-19.4981105748681,-0.645358644888674));
#11429=CARTESIAN_POINT('',(-15.593093760476,-56.2503615999959,-0.845358644888649));
#11430=CARTESIAN_POINT('',(-15.793093760476,0.0209363503292438,2.96211397923014));
#11431=CARTESIAN_POINT('',(-19.254478683637,6.64202662273596,5.85745049145228));
#11432=CARTESIAN_POINT('',(-15.3498552854301,5.48253721537886,2.03935424482018));
#11433=CARTESIAN_POINT('',(-15.393093760476,3.50188942513259,2.08259271986655));
#11434=CARTESIAN_POINT('',(-15.393093760476,-19.4981105748674,2.08259271987274));
#11435=CARTESIAN_POINT('',(-13.393093760476,-19.4981105748673,2.48259271987299));
#11436=CARTESIAN_POINT('',(15.7869115100328,0.0209363503292491,2.96211396159917));
#11437=CARTESIAN_POINT('',(19.2482964331921,6.64202662273748,5.85745047382221));
#11438=CARTESIAN_POINT('',(15.7432921424432,5.49998496241469,2.43897333464539));
#11439=CARTESIAN_POINT('',(15.7869115100328,3.50188942513281,2.48259270223543));
#11440=CARTESIAN_POINT('',(15.3869115100328,-19.4981105748674,2.08259270224099));
#11441=CARTESIAN_POINT('',(13.3869115100328,-19.4981105748673,2.48259270224025));
#11442=CARTESIAN_POINT('',(-32.6530910786347,8.50188942513658,18.1825926464528));
#11443=CARTESIAN_POINT('',(-28.8170850042242,8.50188942513651,20.1825926464528));
#11444=CARTESIAN_POINT('',(-28.8749014682357,9.16273463284262,20.1825926464529));
#11445=CARTESIAN_POINT('',(-28.961626164253,10.2755525435602,19.512242633752));
#11446=CARTESIAN_POINT('',(-28.9905343962588,10.5018894251367,18.568944989943));
#11447=CARTESIAN_POINT('',(-28.9905343962588,10.5018894251366,18.1825926464523));
#11448=CARTESIAN_POINT('',(-29.2530910786346,8.50188942513658,18.1825926464528));
#11449=CARTESIAN_POINT('',(27.9469089213712,8.50188942513658,18.1825926464701));
#11450=CARTESIAN_POINT('',(28.9843522390007,10.5018894251366,18.1825926464695));
#11451=CARTESIAN_POINT('',(28.9843522390007,10.5018894251367,18.5689449900664));
#11452=CARTESIAN_POINT('',(28.9554440069949,10.2755525434124,19.5122426339633));
#11453=CARTESIAN_POINT('',(28.8687193109777,9.16273463273651,20.18259264647));
#11454=CARTESIAN_POINT('',(28.8109028469662,8.50188942513659,20.18259264647));
#11455=CARTESIAN_POINT('',(29.2469089213764,8.50188942513658,18.1825926464701));
#11456=CARTESIAN_POINT('',(-0.00309099999839729,-36.9981105748679,18.1825926464701));
#11457=CARTESIAN_POINT('',(28.5469089213709,-36.9981105748643,18.1825926464701));
#11458=CARTESIAN_POINT('',(29.2469089213771,-36.9981105748642,18.1825926464701));
#11459=CARTESIAN_POINT('',(-32.6530910786222,-36.998110574872,18.1825926464528));
#11460=CARTESIAN_POINT('',(-28.553091078629,-36.9981105748715,18.1825926464528));
#11461=CARTESIAN_POINT('',(-29.2530910786352,-36.9981105748716,18.1825926464528));
#11462=CARTESIAN_POINT('',(-29.6530910786345,10.1018894251268,-21.1345988139051));
#11463=CARTESIAN_POINT('',(-29.2530910786346,10.5018894251366,18.1825926464523));
#11464=CARTESIAN_POINT('',(-29.6530910786346,8.50188942513658,18.1825926464528));
#11465=CARTESIAN_POINT('',(-29.2530910786346,8.50188942513658,20.1825926464528));
#11466=CARTESIAN_POINT('',(-29.2530910786338,62.6173500843459,20.1825926464528));
#11467=CARTESIAN_POINT('',(-29.2530910786352,-36.9981105748716,20.1825926464528));
#11468=CARTESIAN_POINT('',(-29.6530910786352,-36.9981105748716,18.1825926464528));
#11469=CARTESIAN_POINT('',(-29.2530910786352,-38.9981105748716,18.1825926464532));
#11470=CARTESIAN_POINT('',(-29.2530910786352,-38.9981105748658,47.8046413551114));
#11471=CARTESIAN_POINT('',(-20.6530910786456,-21.8981105748639,16.0825926464722));
#11472=CARTESIAN_POINT('',(-20.6530910786355,-38.5981105748709,16.0825926464754));
#11473=CARTESIAN_POINT('',(-24.8576726386684,-35.3026921349101,19.3780110864339));
#11474=CARTESIAN_POINT('',(29.6469089213764,10.1018894251268,-21.1345988139051));
#11475=CARTESIAN_POINT('',(29.2469089213764,10.5018894251366,18.1825926464696));
#11476=CARTESIAN_POINT('',(29.6469089213764,8.50188942513658,18.1825926464701));
#11477=CARTESIAN_POINT('',(29.2469089213764,8.50188942513658,20.1825926464701));
#11478=CARTESIAN_POINT('',(29.6469089213766,-3.30859554347858,19.7825926464701));
#11479=CARTESIAN_POINT('',(29.246908921377,-36.9981105748642,20.18259264647));
#11480=CARTESIAN_POINT('',(29.646908921377,-36.9981105748642,18.1825926464701));
#11481=CARTESIAN_POINT('',(29.2469089213774,-38.9981105748642,18.1825926464704));
#11482=CARTESIAN_POINT('',(29.2469089213771,-38.9981105748584,47.8046413551114));
#11483=CARTESIAN_POINT('',(29.6469089213732,-38.5981105748646,16.0825926464934));
#11484=CARTESIAN_POINT('',(17.8395593518319,-28.2907610053251,26.3899422160261));
#11485=CARTESIAN_POINT('',(-10.000000000007,-21.498110574864,15.6825926464759));
#11486=CARTESIAN_POINT('',(0.246908921366712,-61.4999989999936,-0.845358644888649));
#11487=CARTESIAN_POINT('',(0.246908921366712,-62.4999989999936,2.76891384406247));
#11488=CARTESIAN_POINT('',(0.246908921366712,-61.4999989999936,-0.845358644888649));
#11489=CARTESIAN_POINT('',(0.246908921366712,-62.4999989999936,-0.64535864488865));
#11490=CARTESIAN_POINT('',(-0.253091078633288,-61.4999989999936,3.16891384406247));
#11491=CARTESIAN_POINT('',(-0.253091078633288,-62.4999989999936,2.76891384406247));
#11492=CARTESIAN_POINT('',(-0.253091078633288,-62.4999989999936,-0.64535864488865));
#11493=CARTESIAN_POINT('',(-0.253091078633288,-61.4999989999936,3.16891384406247));
#11494=CARTESIAN_POINT('',(0.,-61.4999989999936,0.));
#11495=CARTESIAN_POINT('',(-0.0203794648898833,-62.4999989999936,-0.64535864488865));
#11496=CARTESIAN_POINT('',(-0.0203794648898833,-62.4999989999936,-0.64535864488865));
#11497=CARTESIAN_POINT('',(-0.0203794648898833,-62.4999989999936,2.76891384406247));
#11498=CARTESIAN_POINT('',(-0.0203794648898833,-62.4999989999936,2.76891384406247));
#11499=CARTESIAN_POINT('',(-28.4145583068721,8.49047351941181,18.1825926464528));
#11500=CARTESIAN_POINT('',(-28.5556720991597,10.1034115458999,18.1825926464524));
#11501=CARTESIAN_POINT('',(-28.5556720991597,10.1034115458999,18.1825926464525));
#11502=CARTESIAN_POINT('',(-28.5556720991597,10.1034115458999,18.1825926464525));
#11503=CARTESIAN_POINT('',(-28.5556720991549,10.1034115458448,18.4001134623474));
#11504=CARTESIAN_POINT('',(-28.5492833526103,10.0303878386906,18.8009918365718));
#11505=CARTESIAN_POINT('',(-28.5180486353969,9.67337338728058,19.328902046356));
#11506=CARTESIAN_POINT('',(-28.4726183941613,9.15410335383018,19.6961576411542));
#11507=CARTESIAN_POINT('',(-28.4376561340421,8.75448289204475,19.7778575044861));
#11508=CARTESIAN_POINT('',(-28.4186071249875,8.53675172223559,19.7825926464528));
#11509=CARTESIAN_POINT('',(-28.4186071249875,8.53675172223559,19.7825926464532));
#11510=CARTESIAN_POINT('',(-28.4145583068721,8.49047351941181,19.7825926464532));
#11511=CARTESIAN_POINT('',(-28.153091078629,-38.5981105748699,25.9688479663544));
#11512=CARTESIAN_POINT('',(-28.5530910786291,-38.9981105748715,18.1825926464532));
#11513=CARTESIAN_POINT('',(-28.553091078629,-36.9981105748715,18.1825926464528));
#11514=CARTESIAN_POINT('',(-28.553091078629,-36.9981105748715,20.1825926464528));
#11515=CARTESIAN_POINT('',(-28.5530910786288,62.6173500843459,20.1825926464528));
#11516=CARTESIAN_POINT('',(-27.3070400493113,5.53882881082304,18.9365416171364));
#11517=CARTESIAN_POINT('',(-28.4145583068721,8.49047351941181,19.7825926464532));
#11518=CARTESIAN_POINT('',(-28.4186071249874,8.53675172223559,19.782592646453));
#11519=CARTESIAN_POINT('',(-28.551433084733,8.5251309565359,19.9159259797863));
#11520=CARTESIAN_POINT('',(-28.6842590444786,8.5135101908362,20.0492593131196));
#11521=CARTESIAN_POINT('',(-28.8170850042242,8.50188942513651,20.1825926464528));
#11522=CARTESIAN_POINT('',(-28.5556720991597,10.1034115458999,18.1825926464525));
#11523=CARTESIAN_POINT('',(-28.5556720991506,10.1034115457963,18.592064081835));
#11524=CARTESIAN_POINT('',(-28.5410119883449,9.93584571252227,19.0065903110192));
#11525=CARTESIAN_POINT('',(-28.4903534411082,9.35681586802544,19.5976622433642));
#11526=CARTESIAN_POINT('',(-28.4544850437364,8.94683821004866,19.7736742277435));
#11527=CARTESIAN_POINT('',(-28.4186071249875,8.53675172223559,19.7825926464528));
#11528=CARTESIAN_POINT('',(-28.9905343962588,10.5018894251366,18.1825926464523));
#11529=CARTESIAN_POINT('',(-28.9905343962463,10.5018894251367,18.7069580737118));
#11530=CARTESIAN_POINT('',(-28.9716251781035,10.2815028785364,19.2354174399062));
#11531=CARTESIAN_POINT('',(-28.9071353401939,9.53521528752025,19.9735984396765));
#11532=CARTESIAN_POINT('',(-28.8618030636512,9.01301918333707,20.1825926464528));
#11533=CARTESIAN_POINT('',(-28.8170850042242,8.50188942513651,20.1825926464528));
#11534=CARTESIAN_POINT('',(-28.9905343962588,10.5018894251366,18.1825926464523));
#11535=CARTESIAN_POINT('',(-28.8455802972257,10.369063465391,18.1825926464524));
#11536=CARTESIAN_POINT('',(-28.7006261981927,10.2362375056454,18.1825926464524));
#11537=CARTESIAN_POINT('',(-28.5556720991597,10.1034115458999,18.1825926464524));
#11538=CARTESIAN_POINT('',(-28.5556720991597,10.1034115458999,18.1825926464524));
#11539=CARTESIAN_POINT('',(-20.17618434811,2.42502569731462,12.744859060213));
#11540=CARTESIAN_POINT('',(28.408376149614,8.49047351941182,18.1825926464701));
#11541=CARTESIAN_POINT('',(28.4124249677295,8.53675172223565,19.78259264647));
#11542=CARTESIAN_POINT('',(28.4314461203013,8.75416449099054,19.7778644308912));
#11543=CARTESIAN_POINT('',(28.4663715700567,9.15336420839187,19.6962305667425));
#11544=CARTESIAN_POINT('',(28.5118544237091,9.6732356045185,19.3290424738664));
#11545=CARTESIAN_POINT('',(28.5430962208281,10.0303309796198,18.8017320773768));
#11546=CARTESIAN_POINT('',(28.5494899418312,10.1034115450955,18.4004318025203));
#11547=CARTESIAN_POINT('',(28.5494899419016,10.1034115458999,18.1825926464697));
#11548=CARTESIAN_POINT('',(28.4124249677295,8.53675172223565,19.7825926464701));
#11549=CARTESIAN_POINT('',(28.5494899419016,10.1034115458999,18.1825926464697));
#11550=CARTESIAN_POINT('',(28.5494899419016,10.1034115458999,18.1825926464697));
#11551=CARTESIAN_POINT('',(28.4093749119488,8.50188942513658,19.7825926464701));
#11552=CARTESIAN_POINT('',(28.546908921371,-38.9981105748585,47.8046413551114));
#11553=CARTESIAN_POINT('',(28.1469089213709,-38.5981105748644,18.1825926464704));
#11554=CARTESIAN_POINT('',(28.1469089213709,-36.9981105748644,18.1825926464701));
#11555=CARTESIAN_POINT('',(28.1469089213709,-36.9981105748643,19.7825926464701));
#11556=CARTESIAN_POINT('',(28.1469089213712,62.6173500843454,19.7825926464701));
#11557=CARTESIAN_POINT('',(26.9012387846069,5.5562765578608,18.5369225097059));
#11558=CARTESIAN_POINT('',(28.408376149614,8.49047351941182,19.7825926464701));
#11559=CARTESIAN_POINT('',(28.8109028469662,8.50188942513658,20.1825926464701));
#11560=CARTESIAN_POINT('',(28.6780768872206,8.51351019083627,20.0492593131367));
#11561=CARTESIAN_POINT('',(28.545250927475,8.52513095653596,19.9159259798034));
#11562=CARTESIAN_POINT('',(28.4124249677295,8.53675172223565,19.7825926464701));
#11563=CARTESIAN_POINT('',(28.4124249677295,8.53675172223565,19.78259264647));
#11564=CARTESIAN_POINT('',(28.4482196464885,8.94588677261215,19.7736949228905));
#11565=CARTESIAN_POINT('',(28.4841235411712,9.3562701667076,19.5981006682168));
#11566=CARTESIAN_POINT('',(28.5348382874026,9.9359423686543,19.0066101783115));
#11567=CARTESIAN_POINT('',(28.5494899417698,10.1034115443928,18.5907006641701));
#11568=CARTESIAN_POINT('',(28.5494899419016,10.1034115458999,18.1825926464697));
#11569=CARTESIAN_POINT('',(28.8109028469662,8.50188942513659,20.18259264647));
#11570=CARTESIAN_POINT('',(28.855516358014,9.01182418981387,20.18259264647));
#11571=CARTESIAN_POINT('',(28.9008925530097,9.53451462701832,19.9741410731311));
#11572=CARTESIAN_POINT('',(28.9654536381767,10.2816247853617,19.2354471569307));
#11573=CARTESIAN_POINT('',(28.9843522388267,10.5018894251367,18.7052201375631));
#11574=CARTESIAN_POINT('',(28.9843522390007,10.5018894251366,18.1825926464695));
#11575=CARTESIAN_POINT('',(28.5494899419016,10.1034115458999,18.1825926464697));
#11576=CARTESIAN_POINT('',(28.6944440409346,10.2362375056455,18.1825926464696));
#11577=CARTESIAN_POINT('',(28.8393981399676,10.369063465391,18.1825926464696));
#11578=CARTESIAN_POINT('',(28.9843522390007,10.5018894251366,18.1825926464696));
#11579=CARTESIAN_POINT('',(28.5494899419016,10.1034115458999,18.1825926464697));
#11580=CARTESIAN_POINT('',(20.1716240410963,2.42651184925327,12.7438058422815));
#11581=CARTESIAN_POINT('',(-6.63150179102854E-13,10.1034115458959,2.08001169934006));
#11582=CARTESIAN_POINT('',(-16.4210139334151,8.36485541739786,3.97731278195092));
#11583=CARTESIAN_POINT('',(-1.89897590452651,10.1034115458942,-4.5651697141753));
#11584=CARTESIAN_POINT('',(1.89795315214221,10.1034115458942,-4.56287257485796));
#11585=CARTESIAN_POINT('',(17.2096023564228,11.7911111815638,0.238210722046988));
#11586=CARTESIAN_POINT('',(-6.63150172598287E-13,10.1034115458959,2.0800116816974));
#11587=CARTESIAN_POINT('',(0.,0.,0.));
#11588=CARTESIAN_POINT('',(-29.65,-20.,0.2));
#11589=CARTESIAN_POINT('',(-29.65,-20.,0.));
#11590=CARTESIAN_POINT('',(-29.65,-20.,0.));
#11591=CARTESIAN_POINT('',(29.65,-20.,0.));
#11592=CARTESIAN_POINT('',(29.65,-20.,0.2));
#11593=CARTESIAN_POINT('',(29.65,-20.,0.2));
#11594=CARTESIAN_POINT('',(-29.65,-20.,0.2));
#11595=CARTESIAN_POINT('',(-29.65,-20.,0.2));
#11596=CARTESIAN_POINT('',(-29.65,-20.,0.2));
#11597=CARTESIAN_POINT('',(29.65,-20.,0.2));
#11598=CARTESIAN_POINT('',(29.65,-20.,0.));
#11599=CARTESIAN_POINT('',(29.65,20.,0.));
#11600=CARTESIAN_POINT('',(29.65,20.,0.2));
#11601=CARTESIAN_POINT('',(29.65,20.,0.2));
#11602=CARTESIAN_POINT('',(29.65,-20.,0.2));
#11603=CARTESIAN_POINT('',(29.65,20.,0.2));
#11604=CARTESIAN_POINT('',(29.65,20.,0.));
#11605=CARTESIAN_POINT('',(-29.65,20.,0.));
#11606=CARTESIAN_POINT('',(-29.65,20.,0.2));
#11607=CARTESIAN_POINT('',(-29.65,20.,0.2));
#11608=CARTESIAN_POINT('',(29.65,20.,0.2));
#11609=CARTESIAN_POINT('',(-29.65,20.,0.2));
#11610=CARTESIAN_POINT('',(-29.65,20.,0.));
#11611=CARTESIAN_POINT('',(-29.65,20.,0.2));
#11612=CARTESIAN_POINT('',(0.,0.,0.2));
#11613=CARTESIAN_POINT('',(0.,0.,0.));
#11614=CARTESIAN_POINT('',(-0.00309107862377089,5.50188942512712,-0.84535864488741));
#11615=CARTESIAN_POINT('',(0.,0.,0.));
#11616=CARTESIAN_POINT('',(0.,0.,3.));
#11617=CARTESIAN_POINT('',(0.,0.,0.200000000000001));
#11618=CARTESIAN_POINT('',(-3.,0.,0.200000000000001));
#11619=CARTESIAN_POINT('',(0.,0.,2.8));
#11620=CARTESIAN_POINT('',(-3.,0.,2.8));
#11621=CARTESIAN_POINT('',(0.,0.,3.));
#11622=CARTESIAN_POINT('',(0.,0.,3.));
#11623=CARTESIAN_POINT('',(-2.5,0.,3.));
#11624=CARTESIAN_POINT('',(0.,0.,3.));
#11625=CARTESIAN_POINT('',(-2.8,0.,3.));
#11626=CARTESIAN_POINT('',(0.,0.,0.));
#11627=CARTESIAN_POINT('',(0.,0.,0.));
#11628=CARTESIAN_POINT('',(-1.1,0.,0.));
#11629=CARTESIAN_POINT('',(0.,0.,0.));
#11630=CARTESIAN_POINT('',(-2.8,0.,0.));
#11631=CARTESIAN_POINT('',(0.,0.,2.8));
#11632=CARTESIAN_POINT('',(0.,0.,0.200000000000001));
#11633=CARTESIAN_POINT('',(0.,0.,-6.44860426372548));
#11634=CARTESIAN_POINT('',(0.,0.,1.6));
#11635=CARTESIAN_POINT('',(-1.1,0.,1.6));
#11636=CARTESIAN_POINT('',(0.,0.,3.));
#11637=CARTESIAN_POINT('',(-21.5747540786391,-29.3990957748714,16.0825926464736));
#11638=CARTESIAN_POINT('',(-8.00309107862792,-22.8311122748645,20.1825926464717));
#11639=CARTESIAN_POINT('',(7.99690892137207,-22.8311122748645,20.1825926464707));
#11640=CARTESIAN_POINT('',(21.5685719213747,-29.3990957748658,16.0825926464887));
#11641=CARTESIAN_POINT('',(0.,0.182419732532174,0.322580048224723));
#11642=CARTESIAN_POINT('',(0.,0.182419732532174,0.622580048224723));
#11643=CARTESIAN_POINT('',(-1.97537668119028,0.495288662612635,0.622580048224723));
#11644=CARTESIAN_POINT('',(-2.,0.182419732532174,0.622580048224723));
#11645=CARTESIAN_POINT('',(0.,0.182419732532174,0.622580048224723));
#11646=CARTESIAN_POINT('',(-1.4142135623731,1.59663329490526,0.622580048224723));
#11647=CARTESIAN_POINT('',(0.,0.182419732532174,0.622580048224723));
#11648=CARTESIAN_POINT('',(-0.312868930080462,2.15779641372245,0.622580048224724));
#11649=CARTESIAN_POINT('',(0.,0.182419732532174,0.622580048224723));
#11650=CARTESIAN_POINT('',(0.907980999479093,1.96443278090891,0.622580048224723));
#11651=CARTESIAN_POINT('',(0.,0.182419732532174,0.622580048224723));
#11652=CARTESIAN_POINT('',(1.78201304837674,1.09040073201127,0.622580048224723));
#11653=CARTESIAN_POINT('',(0.,0.182419732532174,0.622580048224723));
#11654=CARTESIAN_POINT('',(1.97537668119028,-0.130449197548287,0.622580048224723));
#11655=CARTESIAN_POINT('',(0.,0.182419732532174,0.622580048224723));
#11656=CARTESIAN_POINT('',(1.4142135623731,-1.23179382984092,0.622580048224722));
#11657=CARTESIAN_POINT('',(0.,0.182419732532174,0.622580048224723));
#11658=CARTESIAN_POINT('',(0.312868930080463,-1.79295694865811,0.622580048224722));
#11659=CARTESIAN_POINT('',(0.,0.182419732532174,0.622580048224723));
#11660=CARTESIAN_POINT('',(-0.907980999479093,-1.59959331584457,0.622580048224722));
#11661=CARTESIAN_POINT('',(0.,0.182419732532174,0.622580048224723));
#11662=CARTESIAN_POINT('',(-1.78201304837674,-0.725561266946921,0.622580048224723));
#11663=CARTESIAN_POINT('',(0.,0.182419732532174,0.622580048224723));
#11664=CARTESIAN_POINT('',(-2.,0.182419732532174,0.322580048224723));
#11665=CARTESIAN_POINT('',(-2.,0.182419732532174,0.0225800482247229));
#11666=CARTESIAN_POINT('',(0.,0.182419732532174,0.0225800482247229));
#11667=CARTESIAN_POINT('',(-1.90211303259031,-0.435614256217721,0.0225800482247229));
#11668=CARTESIAN_POINT('',(0.,0.182419732532174,0.0225800482247229));
#11669=CARTESIAN_POINT('',(-1.17557050458495,-1.43561425621772,0.0225800482247224));
#11670=CARTESIAN_POINT('',(0.,0.182419732532174,0.0225800482247229));
#11671=CARTESIAN_POINT('',(-2.77555756156289E-16,-1.81758026746783,0.0225800482247224));
#11672=CARTESIAN_POINT('',(0.,0.182419732532174,0.0225800482247229));
#11673=CARTESIAN_POINT('',(1.17557050458495,-1.43561425621773,0.0225800482247224));
#11674=CARTESIAN_POINT('',(0.,0.182419732532174,0.0225800482247229));
#11675=CARTESIAN_POINT('',(1.90211303259031,-0.435614256217721,0.0225800482247229));
#11676=CARTESIAN_POINT('',(0.,0.182419732532174,0.0225800482247229));
#11677=CARTESIAN_POINT('',(1.90211303259031,0.800453721282068,0.0225800482247232));
#11678=CARTESIAN_POINT('',(0.,0.182419732532174,0.0225800482247229));
#11679=CARTESIAN_POINT('',(1.17557050458495,1.80045372128206,0.0225800482247238));
#11680=CARTESIAN_POINT('',(0.,0.182419732532174,0.0225800482247229));
#11681=CARTESIAN_POINT('',(0.,2.18241973253217,0.0225800482247238));
#11682=CARTESIAN_POINT('',(0.,0.182419732532174,0.0225800482247229));
#11683=CARTESIAN_POINT('',(-1.17557050458495,1.80045372128207,0.0225800482247238));
#11684=CARTESIAN_POINT('',(0.,0.182419732532174,0.0225800482247229));
#11685=CARTESIAN_POINT('',(-1.90211303259031,0.800453721282069,0.0225800482247232));
#11686=CARTESIAN_POINT('',(0.,0.182419732532174,0.0225800482247229));
#11687=CARTESIAN_POINT('',(0.,0.182419732532175,-1.57741995177528));
#11688=CARTESIAN_POINT('',(0.,0.182419732532175,-1.37741995177528));
#11689=CARTESIAN_POINT('',(-1.78201304837674,1.09040073201127,-1.37741995177528));
#11690=CARTESIAN_POINT('',(-2.,0.182419732532175,-1.37741995177528));
#11691=CARTESIAN_POINT('',(0.,0.182419732532175,-1.37741995177528));
#11692=CARTESIAN_POINT('',(-0.907980999479093,1.96443278090892,-1.37741995177528));
#11693=CARTESIAN_POINT('',(0.,0.182419732532175,-1.37741995177528));
#11694=CARTESIAN_POINT('',(0.312868930080462,2.15779641372245,-1.37741995177528));
#11695=CARTESIAN_POINT('',(0.,0.182419732532175,-1.37741995177528));
#11696=CARTESIAN_POINT('',(1.4142135623731,1.59663329490528,-1.37741995177528));
#11697=CARTESIAN_POINT('',(0.,0.182419732532175,-1.37741995177528));
#11698=CARTESIAN_POINT('',(1.97537668119028,0.495288662612636,-1.37741995177528));
#11699=CARTESIAN_POINT('',(0.,0.182419732532175,-1.37741995177528));
#11700=CARTESIAN_POINT('',(1.78201304837674,-0.725561266946919,-1.37741995177528));
#11701=CARTESIAN_POINT('',(0.,0.182419732532175,-1.37741995177528));
#11702=CARTESIAN_POINT('',(0.907980999479093,-1.59959331584457,-1.37741995177528));
#11703=CARTESIAN_POINT('',(0.,0.182419732532175,-1.37741995177528));
#11704=CARTESIAN_POINT('',(-0.312868930080462,-1.7929569486581,-1.37741995177528));
#11705=CARTESIAN_POINT('',(0.,0.182419732532175,-1.37741995177528));
#11706=CARTESIAN_POINT('',(-1.4142135623731,-1.23179382984091,-1.37741995177528));
#11707=CARTESIAN_POINT('',(0.,0.182419732532175,-1.37741995177528));
#11708=CARTESIAN_POINT('',(-1.97537668119028,-0.130449197548287,-1.37741995177528));
#11709=CARTESIAN_POINT('',(0.,0.182419732532175,-1.37741995177528));
#11710=CARTESIAN_POINT('',(-2.,0.182419732532175,-1.57741995177528));
#11711=CARTESIAN_POINT('',(-2.,0.182419732532175,-1.77741995177528));
#11712=CARTESIAN_POINT('',(0.,0.182419732532175,-1.77741995177528));
#11713=CARTESIAN_POINT('',(2.,0.182419732532175,-1.77741995177528));
#11714=CARTESIAN_POINT('',(0.,0.182419732532175,-1.77741995177528));
#11715=CARTESIAN_POINT('',(-2.125,0.182419732532175,-1.77741995177528));
#11716=CARTESIAN_POINT('',(0.,0.182419732532175,-2.02741995177528));
#11717=CARTESIAN_POINT('',(-2.125,0.182419732532175,-2.02741995177528));
#11718=CARTESIAN_POINT('',(-2.125,0.182419732532175,-2.17741995177528));
#11719=CARTESIAN_POINT('',(0.,0.182419732532175,-2.17741995177528));
#11720=CARTESIAN_POINT('',(2.125,0.182419732532175,-2.17741995177528));
#11721=CARTESIAN_POINT('',(0.,0.182419732532175,-2.17741995177528));
#11722=CARTESIAN_POINT('',(0.,0.182419732532175,-2.22741995177528));
#11723=CARTESIAN_POINT('',(2.075,0.182419732532175,-2.22741995177528));
#11724=CARTESIAN_POINT('',(2.025,0.182419732532175,-2.27741995177528));
#11725=CARTESIAN_POINT('',(0.,0.182419732532175,-2.27741995177528));
#11726=CARTESIAN_POINT('',(-0.399005862894083,1.67490957581341,-2.27632007112966));
#11727=CARTESIAN_POINT('',(-0.889800868912423,1.54369924579875,-2.25015156767074));
#11728=CARTESIAN_POINT('',(-1.72391467883864,0.762120555159129,-2.19781456075289));
#11729=CARTESIAN_POINT('',(-1.43388911059272,-0.939069725558858,-2.11930905037611));
#11730=CARTESIAN_POINT('',(0.144303338367379,-1.63056063113174,-2.04080353999933));
#11731=CARTESIAN_POINT('',(1.59194990475214,-0.698090834373959,-1.96229802962255));
#11732=CARTESIAN_POINT('',(1.6124884235776,1.02506236145815,-1.88379251924577));
#11733=CARTESIAN_POINT('',(0.186599061838689,1.99197841589695,-1.80528700886899));
#11734=CARTESIAN_POINT('',(-1.40647389938689,1.33632042800434,-1.72678149849221));
#11735=CARTESIAN_POINT('',(-1.73827324938791,-0.354330950411289,-1.64827598811543));
#11736=CARTESIAN_POINT('',(-0.511102814283466,-1.56353385024314,-1.56977047773865));
#11737=CARTESIAN_POINT('',(1.1744131132808,-1.20696491984339,-1.49126496736187));
#11738=CARTESIAN_POINT('',(1.8066998802385,0.395658673063868,-1.41275945698509));
#11739=CARTESIAN_POINT('',(0.818688703204835,1.80703322471149,-1.33425394660831));
#11740=CARTESIAN_POINT('',(-0.903538528150676,1.76142170883917,-1.25574843623153));
#11741=CARTESIAN_POINT('',(-1.81545273441635,0.299720561767842,-1.17724292585475));
#11742=CARTESIAN_POINT('',(-1.09922481839245,-1.26717711729249,-1.09873741547798));
#11743=CARTESIAN_POINT('',(0.602813547836979,-1.53404274158176,-1.0202319051012));
#11744=CARTESIAN_POINT('',(1.76423465588887,-0.26154355918163,-0.941726394724415));
#11745=CARTESIAN_POINT('',(1.34344804421263,1.40911221952115,-0.863220884347634));
#11746=CARTESIAN_POINT('',(-0.282174639588461,1.97964113824204,-0.784715373970854));
#11747=CARTESIAN_POINT('',(-1.65473643644182,0.938379107956965,-0.706209863594074));
#11748=CARTESIAN_POINT('',(-1.54329123792917,-0.780845227477915,-0.627704353217295));
#11749=CARTESIAN_POINT('',(-0.047785778138377,-1.63619066468388,-0.549198842840515));
#11750=CARTESIAN_POINT('',(1.49057510907455,-0.860563053075365,-0.470693332463736));
#11751=CARTESIAN_POINT('',(1.69215279915575,0.850436311066961,-0.392187822086954));
#11752=CARTESIAN_POINT('',(0.376167631865116,1.96234252916151,-0.313682311710174));
#11753=CARTESIAN_POINT('',(-1.27717361137825,1.47797166637334,-0.235176801333394));
#11754=CARTESIAN_POINT('',(-1.78511519641702,-0.168280969493876,-0.156671290956625));
#11755=CARTESIAN_POINT('',(-0.692123034909172,-1.50001687957893,-0.0781657805798353));
#11756=CARTESIAN_POINT('',(1.02158151882356,-1.32290363647733,0.00033972979693514));
#11757=CARTESIAN_POINT('',(1.81910747947886,0.204219387812057,0.078845240173725));
#11758=CARTESIAN_POINT('',(0.985214606192279,1.71179196884355,0.157350750550495));
#11759=CARTESIAN_POINT('',(-0.73224214889364,1.84778715854836,0.235856260927286));
#11760=CARTESIAN_POINT('',(-1.79300673523652,0.490241269753486,0.314361771304055));
#11761=CARTESIAN_POINT('',(-1.24576025806907,-1.14336633157632,0.392867281680834));
#11762=CARTESIAN_POINT('',(0.418713640384761,-1.58797739593638,0.471372792057614));
#11763=CARTESIAN_POINT('',(1.70767518115482,-0.444854371107175,0.549878302434395));
#11764=CARTESIAN_POINT('',(1.46515304204868,1.26082325713355,0.628383812811176));
#11765=CARTESIAN_POINT('',(-0.0913532156799043,1.99936244444591,0.706889323187955));
#11766=CARTESIAN_POINT('',(-1.56593166456713,1.1084252062445,0.785394833564735));
#11767=CARTESIAN_POINT('',(-1.63614550805631,-0.612977645827394,0.863900343941515));
#11768=CARTESIAN_POINT('',(-0.239024897851466,-1.62104562336834,0.942405854318284));
#11769=CARTESIAN_POINT('',(1.37245841928064,-1.01172983530201,1.02091136469507));
#11770=CARTESIAN_POINT('',(1.7530893562912,0.66854068637099,1.09941687507186));
#11771=CARTESIAN_POINT('',(0.561506257791306,1.91282162875041,1.17792238544864));
#11772=CARTESIAN_POINT('',(-1.13364553314329,1.60528409372834,1.2564278958254));
#11773=CARTESIAN_POINT('',(-1.81212365711314,0.0215984155414906,1.33493340620219));
#11774=CARTESIAN_POINT('',(-0.865433652882718,-1.4176885234549,1.41343891657897));
#11775=CARTESIAN_POINT('',(0.857373941109515,-1.42228442754264,1.49194442695574));
#11776=CARTESIAN_POINT('',(1.81131371173225,0.0128732923913721,1.57044993733253));
#11777=CARTESIAN_POINT('',(1.14073705507698,1.59890842774622,1.64895544770931));
#11778=CARTESIAN_POINT('',(-0.552708113981082,1.91686210021844,1.7274609580861));
#11779=CARTESIAN_POINT('',(-1.75084585559354,0.674835871200103,1.80596646846287));
#11780=CARTESIAN_POINT('',(-1.50212077622568,-0.440846400983624,1.85830347538072));
#11781=CARTESIAN_POINT('',(-1.17058005695768,-0.825783590798213,1.88447197883965));
#11782=CARTESIAN_POINT('',(-0.374735719120249,1.58412659128609,-2.3305743802012));
#11783=CARTESIAN_POINT('',(-0.83567736590936,1.46089733090026,-2.30440587674228));
#11784=CARTESIAN_POINT('',(-1.61905492363162,0.726859363233483,-2.25206886982442));
#11785=CARTESIAN_POINT('',(-1.34667060553767,-0.87085340865743,-2.17356335944764));
#11786=CARTESIAN_POINT('',(0.135525866417926,-1.52028331899875,-2.09505784907087));
#11787=CARTESIAN_POINT('',(1.4951171093921,-0.644532428243809,-2.01655233869409));
#11788=CARTESIAN_POINT('',(1.51440634129939,0.973807330753443,-1.93804682831731));
#11789=CARTESIAN_POINT('',(0.17524888761809,1.88190923271777,-1.85954131794053));
#11790=CARTESIAN_POINT('',(-1.32092296661444,1.2661326478632,-1.78103580756375));
#11791=CARTESIAN_POINT('',(-1.63254011209801,-0.321682266626911,-1.70253029718697));
#11792=CARTESIAN_POINT('',(-0.48001420145984,-1.45733354489163,-1.62402478681019));
#11793=CARTESIAN_POINT('',(1.10297763385585,-1.12245346673909,-1.54551927643341));
#11794=CARTESIAN_POINT('',(1.69680458814551,0.3826880873503,-1.46701376605663));
#11795=CARTESIAN_POINT('',(0.768890706782738,1.70821361653303,-1.38850825567985));
#11796=CARTESIAN_POINT('',(-0.848579410947838,1.6653764910918,-1.31000274530307));
#11797=CARTESIAN_POINT('',(-1.70502503653918,0.292585558864148,-1.23149723492629));
#11798=CARTESIAN_POINT('',(-1.03236278235957,-1.17900316489951,-1.15299172454951));
#11799=CARTESIAN_POINT('',(0.566146488940397,-1.42963627816046,-1.07448621417273));
#11800=CARTESIAN_POINT('',(1.65692237621801,-0.234538810825189,-0.995980703795953));
#11801=CARTESIAN_POINT('',(1.26173075577677,1.33449676698229,-0.917475193419172));
#11802=CARTESIAN_POINT('',(-0.265010934217143,1.87032238890434,-0.838969683042392));
#11803=CARTESIAN_POINT('',(-1.55408455396332,0.892396719137761,-0.760464172665613));
#11804=CARTESIAN_POINT('',(-1.4494181806318,-0.722253158423662,-0.681958662288833));
#11805=CARTESIAN_POINT('',(-0.0448791348691506,-1.52557089712238,-0.603453151912054));
#11806=CARTESIAN_POINT('',(1.39990859119298,-0.797122024974356,-0.524947641535273));
#11807=CARTESIAN_POINT('',(1.5892250090102,0.809803177792305,-0.446442131158493));
#11808=CARTESIAN_POINT('',(0.35328665853252,1.85407599426103,-0.367936620781713));
#11809=CARTESIAN_POINT('',(-1.19948756699918,1.39916773233405,-0.289431110404943));
#11810=CARTESIAN_POINT('',(-1.67653282583315,-0.146949061240643,-0.210925600028153));
#11811=CARTESIAN_POINT('',(-0.650023589440906,-1.39768009141716,-0.132420089651373));
#11812=CARTESIAN_POINT('',(0.959442255608978,-1.23134003305811,-0.0539145792746035));
#11813=CARTESIAN_POINT('',(1.70845747612609,0.20289339033416,0.0245909311021769));
#11814=CARTESIAN_POINT('',(0.92528741623338,1.61876555617442,0.103096441478968));
#11815=CARTESIAN_POINT('',(-0.687702396765669,1.74648862981872,0.181601951855738));
#11816=CARTESIAN_POINT('',(-1.68394434969659,0.471517552485635,0.260107462232517));
#11817=CARTESIAN_POINT('',(-1.16998497910007,-1.06272336017767,0.338612972609297));
#11818=CARTESIAN_POINT('',(0.393244740808964,-1.48029027441626,0.417118482986077));
#11819=CARTESIAN_POINT('',(1.6038032183094,-0.406699461376006,0.495623993362857));
#11820=CARTESIAN_POINT('',(1.37603286039703,1.19522770823998,0.574129503739638));
#11821=CARTESIAN_POINT('',(-0.0857965161801227,1.8888441164015,0.652635014116418));
#11822=CARTESIAN_POINT('',(-1.47068146858408,1.05209950260861,0.731140524493198));
#11823=CARTESIAN_POINT('',(-1.53662444731946,-0.564596379973056,0.809646034869977));
#11824=CARTESIAN_POINT('',(-0.224485841722556,-1.51134707618069,0.888151545246757));
#11825=CARTESIAN_POINT('',(1.28897653027292,-0.939093855748778,0.966657055623537));
#11826=CARTESIAN_POINT('',(1.64645500656772,0.63897163353661,1.04516256600032));
#11827=CARTESIAN_POINT('',(0.527351778186278,1.80756727859345,1.12366807637709));
#11828=CARTESIAN_POINT('',(-1.0646898043267,1.51873618596974,1.20217358675388));
#11829=CARTESIAN_POINT('',(-1.70189845547048,0.0313806188829413,1.28067909713065));
#11830=CARTESIAN_POINT('',(-0.812792323179367,-1.32035948386428,1.35918460750744));
#11831=CARTESIAN_POINT('',(0.805222855740152,-1.32467583503475,1.43769011788421));
#11832=CARTESIAN_POINT('',(1.70113777626002,0.0231862147347006,1.516195628261));
#11833=CARTESIAN_POINT('',(1.0713499735588,1.51274832965268,1.59470113863777));
#11834=CARTESIAN_POINT('',(-0.51908879497161,1.81136198218547,1.67320664901455));
#11835=CARTESIAN_POINT('',(-1.64434797024202,0.644883904090289,1.75171215939133));
#11836=CARTESIAN_POINT('',(-1.41075197542604,-0.402935282184335,1.80404916630919));
#11837=CARTESIAN_POINT('',(-1.09937772906435,-0.76445807684961,1.83021766976811));
#11838=CARTESIAN_POINT('',(-0.350465575346414,1.49334360675877,-2.38482868927274));
#11839=CARTESIAN_POINT('',(-0.781553862906298,1.37809541600177,-2.35866018581382));
#11840=CARTESIAN_POINT('',(-1.51419516842461,0.691598171307837,-2.30632317889596));
#11841=CARTESIAN_POINT('',(-1.25945210048262,-0.802637091756007,-2.22781766851918));
#11842=CARTESIAN_POINT('',(0.126748394468472,-1.41000600686577,-2.1493121581424));
#11843=CARTESIAN_POINT('',(1.39828431403206,-0.590974022113658,-2.07080664776563));
#11844=CARTESIAN_POINT('',(1.41632425902115,0.922552300048735,-1.99230113738884));
#11845=CARTESIAN_POINT('',(0.163898713397493,1.7718400495386,-1.91379562701207));
#11846=CARTESIAN_POINT('',(-1.23537203384199,1.19594486772206,-1.83529011663529));
#11847=CARTESIAN_POINT('',(-1.52680697480812,-0.289033582842535,-1.75678460625851));
#11848=CARTESIAN_POINT('',(-0.448925588636212,-1.3511332395401,-1.67827909588173));
#11849=CARTESIAN_POINT('',(1.0315421544309,-1.03794201363479,-1.59977358550495));
#11850=CARTESIAN_POINT('',(1.58690929605253,0.36971750163673,-1.52126807512817));
#11851=CARTESIAN_POINT('',(0.71909271036064,1.60939400835456,-1.44276256475139));
#11852=CARTESIAN_POINT('',(-0.793620293744998,1.56933127334444,-1.36425705437461));
#11853=CARTESIAN_POINT('',(-1.59459733866201,0.285450555960456,-1.28575154399783));
#11854=CARTESIAN_POINT('',(-0.965500746326703,-1.09082921250653,-1.20724603362105));
#11855=CARTESIAN_POINT('',(0.529479430043814,-1.32522981473915,-1.12874052324427));
#11856=CARTESIAN_POINT('',(1.54961009654714,-0.207534062468749,-1.05023501286749));
#11857=CARTESIAN_POINT('',(1.1800134673409,1.25988131444341,-0.971729502490711));
#11858=CARTESIAN_POINT('',(-0.247847228845828,1.76100363956663,-0.893223992113931));
#11859=CARTESIAN_POINT('',(-1.45343267148483,0.846414330318558,-0.814718481737151));
#11860=CARTESIAN_POINT('',(-1.35554512333444,-0.663661089369411,-0.736212971360372));
#11861=CARTESIAN_POINT('',(-0.0419724915999244,-1.41495112956086,-0.657707460983592));
#11862=CARTESIAN_POINT('',(1.30924207331141,-0.733680996873352,-0.579201950606812));
#11863=CARTESIAN_POINT('',(1.48629721886465,0.76917004451765,-0.500696440230031));
#11864=CARTESIAN_POINT('',(0.330405685199923,1.74580945936053,-0.422190929853251));
#11865=CARTESIAN_POINT('',(-1.12180152262012,1.32036379829476,-0.34368541947647));
#11866=CARTESIAN_POINT('',(-1.5679504552493,-0.125617152987416,-0.265179909099691));
#11867=CARTESIAN_POINT('',(-0.607924143972638,-1.29534330325537,-0.186674398722912));
#11868=CARTESIAN_POINT('',(0.897302992394385,-1.13977642963891,-0.108168888346142));
#11869=CARTESIAN_POINT('',(1.5978074727733,0.201567392856266,-0.0296633779693611));
#11870=CARTESIAN_POINT('',(0.865360226274479,1.52573914350528,0.048842132407419));
#11871=CARTESIAN_POINT('',(-0.643162644637695,1.64519010108907,0.127347642784199));
#11872=CARTESIAN_POINT('',(-1.57488196415667,0.452793835217783,0.205853153160979));
#11873=CARTESIAN_POINT('',(-1.09420970013108,-0.982080388779024,0.284358663537758));
#11874=CARTESIAN_POINT('',(0.367775841233167,-1.37260315289614,0.362864173914538));
#11875=CARTESIAN_POINT('',(1.49993125546398,-0.368544551644839,0.441369684291318));
#11876=CARTESIAN_POINT('',(1.28691267874539,1.12963215934643,0.519875194668099));
#11877=CARTESIAN_POINT('',(-0.0802398166803421,1.7783257883571,0.598380705044879));
#11878=CARTESIAN_POINT('',(-1.37543127260104,0.995773798972719,0.676886215421659));
#11879=CARTESIAN_POINT('',(-1.43710338658261,-0.516215114118719,0.755391725798439));
#11880=CARTESIAN_POINT('',(-0.209946785593646,-1.40164852899304,0.833897236175218));
#11881=CARTESIAN_POINT('',(1.20549464126521,-0.866457876195531,0.912402746551998));
#11882=CARTESIAN_POINT('',(1.53982065684424,0.609402580702233,0.990908256928779));
#11883=CARTESIAN_POINT('',(0.49319729858125,1.70231292843649,1.06941376730556));
#11884=CARTESIAN_POINT('',(-0.99573407551011,1.43218827821114,1.14791927768234));
#11885=CARTESIAN_POINT('',(-1.59167325382783,0.0411628222243932,1.22642478805911));
#11886=CARTESIAN_POINT('',(-0.760150993476013,-1.22303044427367,1.3049302984359));
#11887=CARTESIAN_POINT('',(0.753071770370783,-1.22706724252686,1.38343580881267));
#11888=CARTESIAN_POINT('',(1.59096184078779,0.033499137078028,1.46194131918946));
#11889=CARTESIAN_POINT('',(1.00196289204063,1.42658823155912,1.54044682956623));
#11890=CARTESIAN_POINT('',(-0.485469475962138,1.70586186415249,1.61895233994302));
#11891=CARTESIAN_POINT('',(-1.5378500848905,0.614931936980473,1.69745785031979));
#11892=CARTESIAN_POINT('',(-1.31938317462639,-0.365024163385046,1.74979485723765));
#11893=CARTESIAN_POINT('',(-1.02817540117101,-0.703132562901005,1.77596336069657));
#11894=CARTESIAN_POINT('',(-0.326195431572579,1.40256062223145,-2.43908299834428));
#11895=CARTESIAN_POINT('',(-0.727430359903235,1.29529350110327,-2.41291449488535));
#11896=CARTESIAN_POINT('',(-1.40933541321759,0.65633697938219,-2.3605774879675));
#11897=CARTESIAN_POINT('',(-1.17223359542758,-0.734420774854582,-2.28207197759072));
#11898=CARTESIAN_POINT('',(0.117970922519017,-1.29972869473278,-2.20356646721394));
#11899=CARTESIAN_POINT('',(1.30145151867203,-0.537415615983508,-2.12506095683716));
#11900=CARTESIAN_POINT('',(1.31824217674292,0.871297269344024,-2.04655544646038));
#11901=CARTESIAN_POINT('',(0.152548539176896,1.66177086635941,-1.9680499360836));
#11902=CARTESIAN_POINT('',(-1.14982110106954,1.12575708758092,-1.88954442570682));
#11903=CARTESIAN_POINT('',(-1.42107383751821,-0.256384899058156,-1.81103891533005));
#11904=CARTESIAN_POINT('',(-0.417836975812586,-1.24493293418858,-1.73253340495327));
#11905=CARTESIAN_POINT('',(0.960106675005964,-0.953430560530489,-1.65402789457649));
#11906=CARTESIAN_POINT('',(1.47701400395955,0.356746915923161,-1.57552238419971));
#11907=CARTESIAN_POINT('',(0.669294713938542,1.51057440017609,-1.49701687382293));
#11908=CARTESIAN_POINT('',(-0.738661176542158,1.47328605559707,-1.41851136344615));
#11909=CARTESIAN_POINT('',(-1.48416964078485,0.278315553056765,-1.34000585306937));
#11910=CARTESIAN_POINT('',(-0.898638710293829,-1.00265526011355,-1.26150034269259));
#11911=CARTESIAN_POINT('',(0.492812371147232,-1.22082335131785,-1.18299483231581));
#11912=CARTESIAN_POINT('',(1.44229781687627,-0.18052931411231,-1.10448932193903));
#11913=CARTESIAN_POINT('',(1.09829617890504,1.18526586190454,-1.02598381156225));
#11914=CARTESIAN_POINT('',(-0.230683523474511,1.65168489022893,-0.94747830118547));
#11915=CARTESIAN_POINT('',(-1.35278078900634,0.800431941499353,-0.86897279080869));
#11916=CARTESIAN_POINT('',(-1.26167206603707,-0.605069020315157,-0.790467280431911));
#11917=CARTESIAN_POINT('',(-0.039065848330697,-1.30433136199935,-0.711961770055131));
#11918=CARTESIAN_POINT('',(1.21857555542983,-0.670239968772345,-0.633456259678351));
#11919=CARTESIAN_POINT('',(1.3833694287191,0.728536911242993,-0.55495074930157));
#11920=CARTESIAN_POINT('',(0.307524711867326,1.63754292446005,-0.4764452389248));
#11921=CARTESIAN_POINT('',(-1.04411547824105,1.24155986425547,-0.39793972854801));
#11922=CARTESIAN_POINT('',(-1.45936808466544,-0.104285244734188,-0.31943421817124));
#11923=CARTESIAN_POINT('',(-0.565824698504371,-1.19300651509359,-0.240928707794451));
#11924=CARTESIAN_POINT('',(0.835163729179796,-1.0482128262197,-0.162423197417681));
#11925=CARTESIAN_POINT('',(1.48715746942052,0.200241395378371,-0.0839176870409003));
#11926=CARTESIAN_POINT('',(0.805433036315581,1.43271273083615,-0.00541217666411992));
#11927=CARTESIAN_POINT('',(-0.598622892509724,1.54389157235943,0.0730933337126602));
#11928=CARTESIAN_POINT('',(-1.46581957861675,0.434070117949932,0.15159884408944));
#11929=CARTESIAN_POINT('',(-1.01843442116208,-0.901437417380386,0.23010435446622));
#11930=CARTESIAN_POINT('',(0.342306941657369,-1.26491603137602,0.308609864843));
#11931=CARTESIAN_POINT('',(1.39605929261857,-0.330389641913674,0.38711537521978));
#11932=CARTESIAN_POINT('',(1.19779249709374,1.06403661045287,0.465620885596561));
#11933=CARTESIAN_POINT('',(-0.0746831171805609,1.6678074603127,0.544126395973341));
#11934=CARTESIAN_POINT('',(-1.28018107661799,0.939448095336824,0.622631906350121));
#11935=CARTESIAN_POINT('',(-1.33758232584577,-0.467833848264382,0.7011374167269));
#11936=CARTESIAN_POINT('',(-0.195407729464735,-1.2919499818054,0.77964292710368));
#11937=CARTESIAN_POINT('',(1.1220127522575,-0.793821896642289,0.85814843748046));
#11938=CARTESIAN_POINT('',(1.43318630712076,0.579833527867856,0.936653947857241));
#11939=CARTESIAN_POINT('',(0.459042818976221,1.59705857827953,1.01515945823401));
#11940=CARTESIAN_POINT('',(-0.926778346693523,1.34564037045254,1.0936649686108));
#11941=CARTESIAN_POINT('',(-1.48144805218516,0.050945025565845,1.17217047898757));
#11942=CARTESIAN_POINT('',(-0.707509663772659,-1.12570140468305,1.25067598936436));
#11943=CARTESIAN_POINT('',(0.700920685001415,-1.12945865001898,1.32918149974113));
#11944=CARTESIAN_POINT('',(1.48078590531556,0.0438120594213554,1.40768701011792));
#11945=CARTESIAN_POINT('',(0.932575810522468,1.34042813346557,1.48619252049469));
#11946=CARTESIAN_POINT('',(-0.451850156952665,1.60036174611951,1.56469803087147));
#11947=CARTESIAN_POINT('',(-1.43135219953898,0.584979969870655,1.64320354124825));
#11948=CARTESIAN_POINT('',(-1.22801437382674,-0.327113044585757,1.69554054816611));
#11949=CARTESIAN_POINT('',(-0.956973073277683,-0.6418070489524,1.72170905162503));
#11950=CARTESIAN_POINT('',(-0.781463550268195,1.51158173704006,-2.2547879469763));
#11951=CARTESIAN_POINT('',(-0.869838835082558,1.45526923824335,-2.25103511601379));
#11952=CARTESIAN_POINT('',(-1.01101456845584,1.34827042970211,-2.24518686699561));
#11953=CARTESIAN_POINT('',(-1.17275619108222,1.16081427548194,-2.23769503705402));
#11954=CARTESIAN_POINT('',(-1.25437338307866,1.04542294651482,-2.23354930572748));
#11955=CARTESIAN_POINT('',(-1.32360500015552,0.92508867648156,-2.22961000705731));
#11956=CARTESIAN_POINT('',(-1.33947897783613,0.891806970496489,-2.22851294283555));
#11957=CARTESIAN_POINT('',(-1.38315474068006,0.798554613579132,-2.22527452263517));
#11958=CARTESIAN_POINT('',(-1.45231637926178,0.611269935171749,-2.21851723541274));
#11959=CARTESIAN_POINT('',(-1.49661075731088,0.370916437328969,-2.20974355181756));
#11960=CARTESIAN_POINT('',(-1.48977198266968,0.184109531866275,-2.20269289278654));
#11961=CARTESIAN_POINT('',(-0.781785248296226,1.51204889713124,-2.25535370727894));
#11962=CARTESIAN_POINT('',(-1.48977198266968,0.184109531866276,-2.20269289278654));
#11963=CARTESIAN_POINT('',(-1.54299900743781,0.184169888508345,-2.17320822822617));
#11964=CARTESIAN_POINT('',(-1.54239338667514,0.718106433824101,-2.200778337081));
#11965=CARTESIAN_POINT('',(-1.24236356099478,1.24188676057627,-2.22834844593584));
#11966=CARTESIAN_POINT('',(-0.782097315810661,1.51252228068467,-2.25591855479067));
#11967=CARTESIAN_POINT('',(-1.54299900743781,0.184169888508346,-2.17320822822617));
#11968=CARTESIAN_POINT('',(1.09578704909582,-0.903904226070359,-1.98540435951524));
#11969=CARTESIAN_POINT('',(0.668198100619064,-1.33521795009065,-2.01670500429379));
#11970=CARTESIAN_POINT('',(-0.738649518611003,-1.60894541956702,-2.0793062938509));
#11971=CARTESIAN_POINT('',(-1.54368788760007,-0.423171336642844,-2.141907583408));
#11972=CARTESIAN_POINT('',(-1.54299900743868,0.184169887737515,-2.17320822818655));
#11973=CARTESIAN_POINT('',(1.09578704909582,-0.90390422607036,-1.98540435951524));
#11974=CARTESIAN_POINT('',(-1.54299950798647,0.181187517647119,-1.67320822818655));
#11975=CARTESIAN_POINT('',(-1.54340238606081,0.685677990880704,-1.69922457246394));
#11976=CARTESIAN_POINT('',(-1.00864046917022,1.68493938681902,-1.75125726101872));
#11977=CARTESIAN_POINT('',(0.688927234144249,1.85779136335812,-1.82930629385089));
#11978=CARTESIAN_POINT('',(1.77384159691434,0.540758813044728,-1.90735532668307));
#11979=CARTESIAN_POINT('',(1.45096544359546,-0.545631832527618,-1.95938801523785));
#11980=CARTESIAN_POINT('',(1.09578704909582,-0.903904226070359,-1.98540435951524));
#11981=CARTESIAN_POINT('',(-1.54299950798606,0.181187517143619,-1.67320822816064));
#11982=CARTESIAN_POINT('',(1.09578704909582,-0.903904226070358,-1.48533198303501));
#11983=CARTESIAN_POINT('',(0.66854804889942,-1.33486495337137,-1.51664469055595));
#11984=CARTESIAN_POINT('',(-0.736653266327773,-1.60901472319279,-1.57927010559782));
#11985=CARTESIAN_POINT('',(-1.54251489152661,-0.425656842566119,-1.64189552063969));
#11986=CARTESIAN_POINT('',(-1.54299950798606,0.181187517143618,-1.67320822816063));
#11987=CARTESIAN_POINT('',(1.09578704909582,-0.903904226070359,-1.48533198303501));
#11988=CARTESIAN_POINT('',(-1.5429998962626,0.182985536032551,-1.17320822818655));
#11989=CARTESIAN_POINT('',(-1.54281495926352,0.687326301347376,-1.19921854109059));
#11990=CARTESIAN_POINT('',(-1.00723179546688,1.68567998730804,-1.25123916689866));
#11991=CARTESIAN_POINT('',(0.689837618996815,1.85723034065121,-1.32927010561078));
#11992=CARTESIAN_POINT('',(1.77377952713058,0.540209436856723,-1.40730104432289));
#11993=CARTESIAN_POINT('',(1.45085995479625,-0.54573824025165,-1.45932167013097));
#11994=CARTESIAN_POINT('',(1.09578704909582,-0.903904226070358,-1.48533198303501));
#11995=CARTESIAN_POINT('',(-1.54406740946598,0.182980446612061,-1.17320794441786));
#11996=CARTESIAN_POINT('',(1.09578323516484,-0.903908073211413,-0.985346437561912));
#11997=CARTESIAN_POINT('',(0.668333589814759,-1.33507825294474,-1.01665664684698));
#11998=CARTESIAN_POINT('',(-0.737852429929294,-1.60897090055386,-1.07927706541712));
#11999=CARTESIAN_POINT('',(-1.54321847340539,-0.424166342597738,-1.14189748398725));
#12000=CARTESIAN_POINT('',(-1.54299990001138,0.182975218676775,-1.17320769327232));
#12001=CARTESIAN_POINT('',(1.09495421056399,-0.903082388119243,-0.985346437561912));
#12002=CARTESIAN_POINT('',(-1.54299991539811,0.182930693821021,-0.673208228186547));
#12003=CARTESIAN_POINT('',(-1.54283290231781,0.687276471863909,-0.699219744857215));
#12004=CARTESIAN_POINT('',(-1.00727377120547,1.68565867953677,-0.751242778198552));
#12005=CARTESIAN_POINT('',(0.689812889197441,1.85724675265353,-0.829277328210557));
#12006=CARTESIAN_POINT('',(1.77378281686754,0.54022177352052,-0.907311878222561));
#12007=CARTESIAN_POINT('',(1.45086100885246,-0.545739607663823,-0.959334911563898));
#12008=CARTESIAN_POINT('',(1.09578336314217,-0.903907944120149,-0.985346428234567));
#12009=CARTESIAN_POINT('',(-1.540761184518,0.182929952469836,-0.673208228186547));
#12010=CARTESIAN_POINT('',(1.09578200157435,-0.903909317537701,-0.485425981708615));
#12011=CARTESIAN_POINT('',(0.668337296728137,-1.3350735345018,-0.51672302278827));
#12012=CARTESIAN_POINT('',(-0.737823487453294,-1.60897114032988,-0.579317104947581));
#12013=CARTESIAN_POINT('',(-1.54320096654121,-0.424203160670532,-0.641911187106892));
#12014=CARTESIAN_POINT('',(-1.54299991539811,0.182930693821021,-0.673208228186547));
#12015=CARTESIAN_POINT('',(1.09609316085121,-0.904212744822902,-0.485425981708615));
#12016=CARTESIAN_POINT('',(-1.54299947410785,0.181145800465388,-0.173208479002479));
#12017=CARTESIAN_POINT('',(-1.54341599519605,0.685640378172119,-0.199226606381867));
#12018=CARTESIAN_POINT('',(-1.00867168652934,1.68492404033731,-0.251262861140642));
#12019=CARTESIAN_POINT('',(0.688910550251548,1.85780334284643,-0.329317243278807));
#12020=CARTESIAN_POINT('',(1.77384508144888,0.540765087181214,-0.407371625416972));
#12021=CARTESIAN_POINT('',(1.45096472232737,-0.545636121772126,-0.459407880175749));
#12022=CARTESIAN_POINT('',(1.09578164955217,-0.903909672622971,-0.485426007555137));
#12023=CARTESIAN_POINT('',(-1.54326711630338,0.181143306855133,-0.173208361612409));
#12024=CARTESIAN_POINT('',(1.09578704909581,-0.903904226070366,0.0146813108297915));
#12025=CARTESIAN_POINT('',(0.668553210462527,-1.3348597468453,-0.0166336345849374));
#12026=CARTESIAN_POINT('',(-0.736623828768039,-1.60901573392851,-0.079263525414395));
#12027=CARTESIAN_POINT('',(-1.5424975616617,-0.425693485567404,-0.141893416243852));
#12028=CARTESIAN_POINT('',(-1.54299947223053,0.181143528667477,-0.17320836165858));
#12029=CARTESIAN_POINT('',(1.09578704909581,-0.903904226070364,0.0146813108297916));
#12030=CARTESIAN_POINT('',(-1.54299952800526,0.183626619243071,0.326791771813454));
#12031=CARTESIAN_POINT('',(-1.5426050900713,0.687913840596568,0.300782566731482));
#12032=CARTESIAN_POINT('',(-1.00672941484613,1.68594374310944,0.248764156567539));
#12033=CARTESIAN_POINT('',(0.690162121228016,1.85703020392088,0.170736541321623));
#12034=CARTESIAN_POINT('',(1.7737573701996,0.540013575825664,0.0927089260757075));
#12035=CARTESIAN_POINT('',(1.45082234277578,-0.545776179914677,0.0406905159117635));
#12036=CARTESIAN_POINT('',(1.09578704909581,-0.903904226070366,0.0146813108297915));
#12037=CARTESIAN_POINT('',(-1.54299952800591,0.183626618423177,0.326791771855838));
#12038=CARTESIAN_POINT('',(1.09578704909582,-0.903904226070361,0.514622075603614));
#12039=CARTESIAN_POINT('',(0.668261847297193,-1.33515364810802,0.483317024978984));
#12040=CARTESIAN_POINT('',(-0.73828581933401,-1.60895815802356,0.420706923729726));
#12041=CARTESIAN_POINT('',(-1.54347450062343,-0.423624265958052,0.358096822480467));
#12042=CARTESIAN_POINT('',(-1.54299952800591,0.183626618423178,0.326791771855838));
#12043=CARTESIAN_POINT('',(1.09578704909582,-0.903904226070362,0.514622075603614));
#12044=CARTESIAN_POINT('',(-1.54299996535924,0.182092774738505,0.826791771813453));
#12045=CARTESIAN_POINT('',(-1.54310684966227,0.686507959412162,0.800777630462634));
#12046=CARTESIAN_POINT('',(-1.00793129840972,1.68531241833098,0.748749347760994));
#12047=CARTESIAN_POINT('',(0.689385639375829,1.85750895633464,0.670706923708534));
#12048=CARTESIAN_POINT('',(1.77381035975194,0.540482206100865,0.592664499656075));
#12049=CARTESIAN_POINT('',(1.45091233263161,-0.545685406147066,0.540636216954434));
#12050=CARTESIAN_POINT('',(1.09578704909582,-0.90390422607036,0.514622075603614));
#12051=CARTESIAN_POINT('',(-1.54182942992986,0.182090550810224,0.82679189884746));
#12052=CARTESIAN_POINT('',(1.09577943073269,-0.903911910744015,1.01460679992432));
#12053=CARTESIAN_POINT('',(0.66843296879815,-1.33497498957693,0.983304332668933));
#12054=CARTESIAN_POINT('',(-0.737261505439679,-1.6089890301655,0.920699398158159));
#12055=CARTESIAN_POINT('',(-1.54286962242935,-0.424904484542682,0.858094463647387));
#12056=CARTESIAN_POINT('',(-1.54299996442561,0.18208839801184,0.826791996392001));
#12057=CARTESIAN_POINT('',(1.09653909876976,-0.904657410263365,1.01460679992432));
#12058=CARTESIAN_POINT('',(-1.54299980972729,0.181653454807718,1.32679177181345));
#12059=CARTESIAN_POINT('',(-1.54325032876916,0.686106111597694,1.30077635690596));
#12060=CARTESIAN_POINT('',(-1.00827338631191,1.68513407126245,1.24874552709098));
#12061=CARTESIAN_POINT('',(0.689169535475429,1.85764454617828,1.1706992823685));
#12062=CARTESIAN_POINT('',(1.77382844389504,0.540607193227491,1.09265303764603));
#12063=CARTESIAN_POINT('',(1.45093358035451,-0.545669060886521,1.04062220783104));
#12064=CARTESIAN_POINT('',(1.09577933566484,-0.903912006638655,1.01460679292355));
#12065=CARTESIAN_POINT('',(-1.54491927955079,0.181652501569124,1.32679177181345));
#12066=CARTESIAN_POINT('',(1.09577997894215,-0.903911357766515,1.51469932942462));
#12067=CARTESIAN_POINT('',(0.668484679287815,-1.33492326439304,1.48338140315609));
#12068=CARTESIAN_POINT('',(-0.73697002602955,-1.60899943195828,1.42074555061903));
#12069=CARTESIAN_POINT('',(-1.54269840357882,-0.425267006138243,1.35810969808198));
#12070=CARTESIAN_POINT('',(-1.54299980972729,0.181653454807718,1.32679177181345));
#12071=CARTESIAN_POINT('',(1.09542390994472,-0.903551288702851,1.51469932942462));
#12072=CARTESIAN_POINT('',(0.0126573363946197,1.7253678171531,1.70107984810517));
#12073=CARTESIAN_POINT('',(0.615348488882839,1.72042373333386,1.67001643380528));
#12074=CARTESIAN_POINT('',(1.78564326042577,0.918009852570759,1.60788960520551));
#12075=CARTESIAN_POINT('',(1.52011218034475,-0.475887967878443,1.54576277660574));
#12076=CARTESIAN_POINT('',(1.09578042877606,-0.903910904019767,1.51469936230585));
#12077=CARTESIAN_POINT('',(0.0126556427192993,1.72492797671802,1.70107984882033));
#12078=CARTESIAN_POINT('',(1.26058781499359,0.285908013959253,1.42290867839683));
#12079=CARTESIAN_POINT('',(1.2811827669065,0.600790694617413,1.46919827961837));
#12080=CARTESIAN_POINT('',(1.07356294495689,1.28363174282442,1.56177748206145));
#12081=CARTESIAN_POINT('',(0.392894571616802,1.67553647219427,1.65435668450453));
#12082=CARTESIAN_POINT('',(0.0126018777636391,1.72493449413283,1.70064628572608));
#12083=CARTESIAN_POINT('',(1.26026028667812,0.285881125437807,1.42258004822472));
#12084=CARTESIAN_POINT('',(-1.2644998440701,0.18179176222594,1.16599972184414));
#12085=CARTESIAN_POINT('',(-1.26433118131391,-0.157832622515267,1.18738141570919));
#12086=CARTESIAN_POINT('',(-0.975242838938882,-0.833931315832275,1.23014480343928));
#12087=CARTESIAN_POINT('',(0.0580439340558307,-1.22547638685955,1.29428988503443));
#12088=CARTESIAN_POINT('',(1.05559410063187,-0.75020513477744,1.35843496662958));
#12089=CARTESIAN_POINT('',(1.2880483580447,-0.052604582159567,1.40119835435967));
#12090=CARTESIAN_POINT('',(1.26026028667812,0.285881125437806,1.42258004822472));
#12091=CARTESIAN_POINT('',(-1.2644998440704,0.181791762839459,1.16599972180535));
#12092=CARTESIAN_POINT('',(-0.991165101061762,0.967627980347508,1.11272213665977));
#12093=CARTESIAN_POINT('',(-1.1666507237675,0.746113209650747,1.1304813317083));
#12094=CARTESIAN_POINT('',(-1.26464018856229,0.464393917319363,1.14824052675682));
#12095=CARTESIAN_POINT('',(-1.2644998440704,0.181791762839459,1.16599972180535));
#12096=CARTESIAN_POINT('',(-0.991165101061762,0.967627980347508,1.11272213665977));
#12097=CARTESIAN_POINT('',(-1.26449997161147,0.182151787390848,0.665999721893772));
#12098=CARTESIAN_POINT('',(-1.26443730591702,-0.11358325919971,0.684613155842355));
#12099=CARTESIAN_POINT('',(-1.04817301215436,-0.703545228629561,0.721840023739521));
#12100=CARTESIAN_POINT('',(-0.228606874316403,-1.17103060591626,0.777680325585271));
#12101=CARTESIAN_POINT('',(0.698954831910101,-0.998841194924373,0.833520627431021));
#12102=CARTESIAN_POINT('',(1.29632557780396,-0.26868367095299,0.889360929276771));
#12103=CARTESIAN_POINT('',(1.28128400378099,0.674584885139451,0.945201231122521));
#12104=CARTESIAN_POINT('',(0.66099715143378,1.38540422429727,1.00104153296827));
#12105=CARTESIAN_POINT('',(-0.271732686490797,1.5276936536752,1.05688183481402));
#12106=CARTESIAN_POINT('',(-0.807524450239897,1.19943680907202,1.09410870271119));
#12107=CARTESIAN_POINT('',(-0.991165101061761,0.967627980347508,1.11272213665977));
#12108=CARTESIAN_POINT('',(-1.26449997161147,0.182151787390848,0.665999721893772));
#12109=CARTESIAN_POINT('',(-0.991165101061759,0.967627980347512,0.612645142099989));
#12110=CARTESIAN_POINT('',(-1.16657620290596,0.746207277023911,0.630430002014707));
#12111=CARTESIAN_POINT('',(-1.26455982887061,0.464633962714234,0.648214861929425));
#12112=CARTESIAN_POINT('',(-1.26449997161164,0.182151788183478,0.665999721844143));
#12113=CARTESIAN_POINT('',(-0.991165101061759,0.967627980347512,0.612645142099989));
#12114=CARTESIAN_POINT('',(-1.26449961319742,0.183408784385631,0.165999721894677));
#12115=CARTESIAN_POINT('',(-1.26473096875614,-0.112378553243856,0.184609947736565));
#12116=CARTESIAN_POINT('',(-1.04897365350975,-0.702658698688929,0.221830399420341));
#12117=CARTESIAN_POINT('',(-0.229622552526451,-1.17089911313718,0.277661076946005));
#12118=CARTESIAN_POINT('',(0.698241058855036,-0.999309506041124,0.333491754471668));
#12119=CARTESIAN_POINT('',(1.29613881899588,-0.269341042484042,0.389322431997333));
#12120=CARTESIAN_POINT('',(1.28150456994075,0.67412147829986,0.445153109522997));
#12121=CARTESIAN_POINT('',(0.661315303254456,1.38527487108962,0.500983787048661));
#12122=CARTESIAN_POINT('',(-0.271573492020956,1.52776630260323,0.556814464574325));
#12123=CARTESIAN_POINT('',(-0.807491927355732,1.19947786257325,0.594034916258101));
#12124=CARTESIAN_POINT('',(-0.991165101061759,0.967627980347512,0.612645142099989));
#12125=CARTESIAN_POINT('',(-1.26449961319742,0.183408784385635,0.165999721894677));
#12126=CARTESIAN_POINT('',(-0.991165101061757,0.967627980347514,0.11268667286581));
#12127=CARTESIAN_POINT('',(-1.16631601983091,0.746535705035963,0.130457689191921));
#12128=CARTESIAN_POINT('',(-1.26427899213017,0.465471880742432,0.148228705518032));
#12129=CARTESIAN_POINT('',(-1.2644996131968,0.183408785186733,0.165999721844143));
#12130=CARTESIAN_POINT('',(-0.991165101061757,0.967627980347514,0.11268667286581));
#12131=CARTESIAN_POINT('',(-1.26449956573573,0.181371756312581,-0.334000278155857));
#12132=CARTESIAN_POINT('',(-1.26425449713747,-0.11433069406507,-0.315388321863288));
#12133=CARTESIAN_POINT('',(-1.04767579978391,-0.704095004953331,-0.278164409278149));
#12134=CARTESIAN_POINT('',(-0.227976560121818,-1.17111182474269,-0.222328540400441));
#12135=CARTESIAN_POINT('',(0.699397609757054,-0.998550370772135,-0.166492671522732));
#12136=CARTESIAN_POINT('',(1.29644130753637,-0.268275702294592,-0.110656802645024));
#12137=CARTESIAN_POINT('',(1.28114705081882,0.67487240600518,-0.0548209337673152));
#12138=CARTESIAN_POINT('',(0.660799712090573,1.38548445606326,0.0010149351103935));
#12139=CARTESIAN_POINT('',(-0.271831468693695,1.52764856580169,0.0568508039881018));
#12140=CARTESIAN_POINT('',(-0.80754463235828,1.19941133326804,0.0940747165732406));
#12141=CARTESIAN_POINT('',(-0.991165101061757,0.967627980347514,0.11268667286581));
#12142=CARTESIAN_POINT('',(-1.26449956573655,0.18137175730912,-0.334000278218667));
#12143=CARTESIAN_POINT('',(-0.99116510106176,0.96762798034751,-0.387279875390783));
#12144=CARTESIAN_POINT('',(-1.16673765981086,0.746003470645279,-0.369520009666744));
#12145=CARTESIAN_POINT('',(-1.26473389298914,0.464113851411146,-0.351760143942706));
#12146=CARTESIAN_POINT('',(-1.26449956573655,0.18137175730912,-0.334000278218667));
#12147=CARTESIAN_POINT('',(-0.991165101061761,0.96762798034751,-0.387279875390783));
#12148=CARTESIAN_POINT('',(-1.26449993066812,0.182838469116604,-0.834000278155857));
#12149=CARTESIAN_POINT('',(-1.26459787219984,-0.112925179635731,-0.815386928040646));
#12150=CARTESIAN_POINT('',(-1.04861048452079,-0.703061017395213,-0.778160227810223));
#12151=CARTESIAN_POINT('',(-0.229161734917874,-1.17095886651878,-0.722320177464589));
#12152=CARTESIAN_POINT('',(0.698564944830388,-0.999097079934652,-0.666480127118955));
#12153=CARTESIAN_POINT('',(1.29622359415493,-0.269042793622602,-0.61064007677332));
#12154=CARTESIAN_POINT('',(1.28140451610905,0.674331743346093,-0.554800026427686));
#12155=CARTESIAN_POINT('',(0.661170956199293,1.38533356976167,-0.498959976082051));
#12156=CARTESIAN_POINT('',(-0.271645722062146,1.52773334222481,-0.443119925736417));
#12157=CARTESIAN_POINT('',(-0.807506683396536,1.1994592360844,-0.405893225505994));
#12158=CARTESIAN_POINT('',(-0.99116510106176,0.967627980347511,-0.387279875390783));
#12159=CARTESIAN_POINT('',(-1.26449993066791,0.182838469737946,-0.83400027819477));
#12160=CARTESIAN_POINT('',(-0.991165101061758,0.967627980347514,-0.887358617995784));
#12161=CARTESIAN_POINT('',(-1.16643406819454,0.746386693078191,-0.869572504728779));
#12162=CARTESIAN_POINT('',(-1.26440646293147,0.465091741279946,-0.851786391461775));
#12163=CARTESIAN_POINT('',(-1.26449993066791,0.182838469737946,-0.83400027819477));
#12164=CARTESIAN_POINT('',(-0.991165101061759,0.967627980347512,-0.887358617995783));
#12165=CARTESIAN_POINT('',(-1.26449991498663,0.182883412181961,-1.33400027812197));
#12166=CARTESIAN_POINT('',(-1.26460836928547,-0.11288210553022,-1.31539020895005));
#12167=CARTESIAN_POINT('',(-1.04863910919969,-0.703029318478518,-1.2781700706062));
#12168=CARTESIAN_POINT('',(-0.229198049641167,-1.17095416335464,-1.22233986309042));
#12169=CARTESIAN_POINT('',(0.698539423657773,-0.999113823104993,-1.16650965557465));
#12170=CARTESIAN_POINT('',(1.29621691597512,-0.269066297326626,-1.11067944805888));
#12171=CARTESIAN_POINT('',(1.28141240193408,0.67431517433893,-1.0548492405431));
#12172=CARTESIAN_POINT('',(0.661182331454411,1.38532894465073,-0.999019033027331));
#12173=CARTESIAN_POINT('',(-0.271640030145195,1.52773593971232,-0.943188825511557));
#12174=CARTESIAN_POINT('',(-0.807505520563142,1.19946070392415,-0.905968687167708));
#12175=CARTESIAN_POINT('',(-0.991165101061757,0.967627980347514,-0.887358617995784));
#12176=CARTESIAN_POINT('',(-1.26449991498663,0.182883412181961,-1.33400027812197));
#12177=CARTESIAN_POINT('',(-0.991165101061761,0.96762798034751,-1.3872899443289));
#12178=CARTESIAN_POINT('',(-1.16642476554514,0.746398435773791,-1.36952672227122));
#12179=CARTESIAN_POINT('',(-1.2643964208701,0.465121699766217,-1.35176350021354));
#12180=CARTESIAN_POINT('',(-1.26449991498643,0.182883412717688,-1.33400027815586));
#12181=CARTESIAN_POINT('',(-0.991165101061761,0.96762798034751,-1.3872899443289));
#12182=CARTESIAN_POINT('',(-1.26449959679069,0.181409922558005,-1.83400027811239));
#12183=CARTESIAN_POINT('',(-1.26426345207563,-0.114294125342075,-1.81538734753808));
#12184=CARTESIAN_POINT('',(-1.04770013460864,-0.70406811130452,-1.77816148638945));
#12185=CARTESIAN_POINT('',(-0.228007401454055,-1.17110785753221,-1.72232269466652));
#12186=CARTESIAN_POINT('',(0.699375947778843,-0.998564604344652,-1.66648390294358));
#12187=CARTESIAN_POINT('',(1.29643564789672,-0.268295664490328,-1.61064511122065));
#12188=CARTESIAN_POINT('',(1.2811537532414,0.67485833869078,-1.55480631949771));
#12189=CARTESIAN_POINT('',(0.660809372803258,1.3854805310784,-1.49896752777477));
#12190=CARTESIAN_POINT('',(-0.271826635474455,1.52765077201046,-1.44312873605184));
#12191=CARTESIAN_POINT('',(-0.807543644864524,1.1994125797773,-1.40590287490321));
#12192=CARTESIAN_POINT('',(-0.99116510106176,0.967627980347511,-1.3872899443289));
#12193=CARTESIAN_POINT('',(-1.26449959679069,0.181409922558006,-1.83400027811239));
#12194=CARTESIAN_POINT('',(-0.991165101061761,0.96762798034751,-1.88730659712168));
#12195=CARTESIAN_POINT('',(-1.16672975992378,0.746013442639833,-1.86953782413307));
#12196=CARTESIAN_POINT('',(-1.2647253799801,0.464139302315517,-1.85176905114447));
#12197=CARTESIAN_POINT('',(-1.26449959679124,0.181409923250167,-1.83400027815586));
#12198=CARTESIAN_POINT('',(-0.991165101061761,0.96762798034751,-1.88730659712168));
#12199=CARTESIAN_POINT('',(0.289277692379628,1.41338629044166,-1.977420236053));
#12200=CARTESIAN_POINT('',(-0.175058279955139,1.5225054518866,-1.94738235640922));
#12201=CARTESIAN_POINT('',(-0.694974735131915,1.34150784571721,-1.91734447676545));
#12202=CARTESIAN_POINT('',(-0.991165101061761,0.96762798034751,-1.88730659712168));
#12203=CARTESIAN_POINT('',(0.289327057106901,1.41367772749906,-1.97771495337228));
#12204=CARTESIAN_POINT('',(-1.48970917931815,0.182419732532175,-2.20262913109343));
#12205=CARTESIAN_POINT('',(-1.48466155506481,0.0486140627991503,-2.19758150684009));
#12206=CARTESIAN_POINT('',(-1.44523766261181,-0.198761526201214,-2.1889767531575));
#12207=CARTESIAN_POINT('',(-1.29938912991828,-0.513101967596862,-2.17923082628851));
#12208=CARTESIAN_POINT('',(-1.17520645448227,-0.690935948045776,-2.17274570635028));
#12209=CARTESIAN_POINT('',(-1.02145210648298,-0.855649246632528,-2.16433728439717));
#12210=CARTESIAN_POINT('',(-0.878490255282526,-0.969824976099381,-2.15717107207689));
#12211=CARTESIAN_POINT('',(-0.697632393906172,-1.07604932253614,-2.1488462758631));
#12212=CARTESIAN_POINT('',(-0.573598277948799,-1.13372620850252,-2.14376952002455));
#12213=CARTESIAN_POINT('',(-0.331472882840857,-1.20679293952492,-2.13552909615526));
#12214=CARTESIAN_POINT('',(-0.161637783581703,-1.23061044286021,-2.13016337272059));
#12215=CARTESIAN_POINT('',(0.0635426296542199,-1.22870691708186,-2.123122621531));
#12216=CARTESIAN_POINT('',(0.146625075770223,-1.2219105273457,-2.12011187037828));
#12217=CARTESIAN_POINT('',(0.433090722103467,-1.15366300349254,-2.10831667025714));
#12218=CARTESIAN_POINT('',(0.614960029226366,-1.06503565229967,-2.10015793905467));
#12219=CARTESIAN_POINT('',(0.764558228971646,-0.970138011423872,-2.0935109510222));
#12220=CARTESIAN_POINT('',(0.873278308144422,-0.886589153912701,-2.08881782586955));
#12221=CARTESIAN_POINT('',(1.04758059061846,-0.709725853016078,-2.08085471577348));
#12222=CARTESIAN_POINT('',(1.16724534297774,-0.523389669928718,-2.07353328283231));
#12223=CARTESIAN_POINT('',(1.23303517377221,-0.388917207787408,-2.06787753160281));
#12224=CARTESIAN_POINT('',(1.29856803722875,-0.189990740138607,-2.0591799224887));
#12225=CARTESIAN_POINT('',(1.33749981987228,0.0360948974302196,-2.04915996100298));
#12226=CARTESIAN_POINT('',(1.33134309971552,0.321124808870157,-2.03887528168598));
#12227=CARTESIAN_POINT('',(1.27146628719247,0.538925370046759,-2.03129379125447));
#12228=CARTESIAN_POINT('',(1.22858467410264,0.653519394141898,-2.02709356172545));
#12229=CARTESIAN_POINT('',(1.17835635627237,0.7569896006108,-2.02319797635234));
#12230=CARTESIAN_POINT('',(1.16663403533121,0.777478340687783,-2.022255197614));
#12231=CARTESIAN_POINT('',(1.12111634205645,0.853884750203692,-2.01865107760808));
#12232=CARTESIAN_POINT('',(1.06079721313247,0.940645099811273,-2.01419330194438));
#12233=CARTESIAN_POINT('',(0.919224155086526,1.09944410315978,-2.00495593413329));
#12234=CARTESIAN_POINT('',(0.805907603038692,1.18773077552617,-1.99888033022681));
#12235=CARTESIAN_POINT('',(0.604342798839059,1.31983038057407,-1.98936923969513));
#12236=CARTESIAN_POINT('',(0.414668119690515,1.38894936755992,-1.98231243142804));
#12237=CARTESIAN_POINT('',(0.28937387985155,1.41396953798449,-1.97800973738339));
#12238=CARTESIAN_POINT('',(-1.48974550363139,0.182416096426271,-2.20269197944991));
#12239=CARTESIAN_POINT('',(-1.48977133036979,0.184091716603255,-2.20269222038632));
#12240=CARTESIAN_POINT('',(-1.48975092611284,0.183534365211677,-2.20267119062203));
#12241=CARTESIAN_POINT('',(-1.48973020908245,0.18297703707098,-2.20265016085773));
#12242=CARTESIAN_POINT('',(-1.48970917931815,0.182419732532175,-2.20262913109343));
#12243=CARTESIAN_POINT('',(0.,0.182419732532174,1.57258004822472));
#12244=CARTESIAN_POINT('',(0.781656248080306,1.51181801909165,1.70024939510925));
#12245=CARTESIAN_POINT('',(0.870285165868514,1.4554469758628,1.69657780032512));
#12246=CARTESIAN_POINT('',(1.05595411182659,1.31200934379854,1.68879001223426));
#12247=CARTESIAN_POINT('',(1.27651898770883,1.03549702371763,1.67828825429235));
#12248=CARTESIAN_POINT('',(1.40430466681294,0.74876381573791,1.66880658198106));
#12249=CARTESIAN_POINT('',(1.46249365115423,0.567027990692575,1.66250949724617));
#12250=CARTESIAN_POINT('',(1.49864386728108,0.249899847413154,1.6504186843218));
#12251=CARTESIAN_POINT('',(1.48424686230275,0.0767580404255447,1.64419494817014));
#12252=CARTESIAN_POINT('',(1.45781359630471,-0.0952594150212968,1.63835844667355));
#12253=CARTESIAN_POINT('',(1.40368031543724,-0.288959345814329,1.63187919976957));
#12254=CARTESIAN_POINT('',(1.25186996254898,-0.603053783593334,1.62110901510918));
#12255=CARTESIAN_POINT('',(1.07399485273632,-0.821354613192915,1.611891882206));
#12256=CARTESIAN_POINT('',(0.782475948863336,-1.03467832936125,1.59778443881471));
#12257=CARTESIAN_POINT('',(0.603835630344551,-1.12136500737524,1.59039458959195));
#12258=CARTESIAN_POINT('',(0.374559900855464,-1.19731348633422,1.58228277634172));
#12259=CARTESIAN_POINT('',(0.200378003117294,-1.22651041380498,1.57654582121495));
#12260=CARTESIAN_POINT('',(-0.0154170524070115,-1.23220006451516,1.56961237546683));
#12261=CARTESIAN_POINT('',(-0.131061386939661,-1.22228733374431,1.56560481945968));
#12262=CARTESIAN_POINT('',(-0.359584956779112,-1.17624547418327,1.55660333167443));
#12263=CARTESIAN_POINT('',(-0.543346824183349,-1.10015660071716,1.54870155169417));
#12264=CARTESIAN_POINT('',(-0.628162936210869,-1.0548253044177,1.54495568211014));
#12265=CARTESIAN_POINT('',(-0.711479764709357,-1.00578715382739,1.54142110999404));
#12266=CARTESIAN_POINT('',(-0.858165515005589,-0.902198082013503,1.53506560204243));
#12267=CARTESIAN_POINT('',(-1.0384897981328,-0.730082116795896,1.52693233421999));
#12268=CARTESIAN_POINT('',(-1.18642303143257,-0.487467815165131,1.51695567807073));
#12269=CARTESIAN_POINT('',(-1.25362250803875,-0.343989469710975,1.51077992276634));
#12270=CARTESIAN_POINT('',(-1.31182492267126,-0.121497881031022,1.50141317106186));
#12271=CARTESIAN_POINT('',(-1.33300690415383,0.0450708911451587,1.49468086946071));
#12272=CARTESIAN_POINT('',(-1.33294450595015,0.138496806248916,1.4910245578856));
#12273=CARTESIAN_POINT('',(-1.33130057974897,0.182419620060077,1.4893806279737));
#12274=CARTESIAN_POINT('',(-1.3313005797489,0.182419620061884,1.48938062797363));
#12275=CARTESIAN_POINT('',(0.781518617341262,1.51154759055966,1.70107939067633));
#12276=CARTESIAN_POINT('',(-1.4145,0.182419732532174,1.57258004822472));
#12277=CARTESIAN_POINT('',(-1.5645,0.182419732532174,1.72258004822472));
#12278=CARTESIAN_POINT('',(0.,0.182419732532174,1.72258004822472));
#12279=CARTESIAN_POINT('',(-1.33130057974897,0.182419620060076,1.4893806279737));
#12280=CARTESIAN_POINT('',(-1.33046528241168,0.204737294294142,1.48854532875094));
#12281=CARTESIAN_POINT('',(-1.32651056516488,0.280572102072164,1.48583519647391));
#12282=CARTESIAN_POINT('',(-1.30117405639598,0.438754257605741,1.48019925486157));
#12283=CARTESIAN_POINT('',(-1.23991137254637,0.629278912990482,1.47317721274515));
#12284=CARTESIAN_POINT('',(-1.20832997505149,0.69630769195907,1.470495564531));
#12285=CARTESIAN_POINT('',(-1.1387362096214,0.831092032119316,1.46473496885192));
#12286=CARTESIAN_POINT('',(-1.04066681721413,0.975046513813341,1.45762006334377));
#12287=CARTESIAN_POINT('',(-0.866347173409324,1.14250974504208,1.44744197077624));
#12288=CARTESIAN_POINT('',(-0.764995160938235,1.21544524668333,1.44236266535349));
#12289=CARTESIAN_POINT('',(-0.681555427985013,1.26691202755998,1.43848743115532));
#12290=CARTESIAN_POINT('',(-0.673620898826495,1.2712415209223,1.43820085885065));
#12291=CARTESIAN_POINT('',(-0.565016246053996,1.32985979974941,1.43362887616708));
#12292=CARTESIAN_POINT('',(-0.421925293895517,1.3877964303006,1.42801042081795));
#12293=CARTESIAN_POINT('',(-0.289340093406655,1.41381454867514,1.42301122535505));
#12294=CARTESIAN_POINT('',(-0.289306324893999,1.41360103789328,1.42279560190487));
#12295=CARTESIAN_POINT('',(0.,0.182419732532174,1.42258004822472));
#12296=CARTESIAN_POINT('',(0.,0.182419732532174,1.70108004822472));
#12297=CARTESIAN_POINT('',(2.125,0.182419732532175,-2.27741995177528));
#12298=CARTESIAN_POINT('',(0.,0.182419732532175,-2.27741995177528));
#12299=CARTESIAN_POINT('',(-1.5645,0.182419732532175,-2.27741995177528));
#12300=CARTESIAN_POINT('',(0.9569707625251,-0.641805058735274,-2.27654719444262));
#12301=CARTESIAN_POINT('',(1.22801140860496,-0.327111814243708,-2.25037869098369));
#12302=CARTESIAN_POINT('',(1.43134977801735,0.584977918468671,-2.19804168406584));
#12303=CARTESIAN_POINT('',(0.45184839200832,1.6003589220194,-2.11953617368906));
#12304=CARTESIAN_POINT('',(-0.932573154087434,1.34042482142917,-2.04103066331228));
#12305=CARTESIAN_POINT('',(-1.48078243127201,0.0438126928065563,-1.9625251529355));
#12306=CARTESIAN_POINT('',(-0.700918850341128,-1.12945558879465,-1.88401964255872));
#12307=CARTESIAN_POINT('',(0.707507859596959,-1.1256980568554,-1.80551413218194));
#12308=CARTESIAN_POINT('',(1.48144441755782,0.0509452829067658,-1.72700862180516));
#12309=CARTESIAN_POINT('',(0.926776038917886,1.34563753380302,-1.64850311142839));
#12310=CARTESIAN_POINT('',(-0.459041675256937,1.59705505614351,-1.5699976010516));
#12311=CARTESIAN_POINT('',(-1.43318276714688,0.579832558610368,-1.49149209067483));
#12312=CARTESIAN_POINT('',(-1.12200997491118,-0.793819490054009,-1.41298658029805));
#12313=CARTESIAN_POINT('',(0.195407244887654,-1.29194633099768,-1.33448106992127));
#12314=CARTESIAN_POINT('',(1.3375790184879,-0.467832242606654,-1.25597555954449));
#12315=CARTESIAN_POINT('',(1.28017791015025,0.939446224506668,-1.17747004916771));
#12316=CARTESIAN_POINT('',(0.0746829326776347,1.66780378591185,-1.09896453879093));
#12317=CARTESIAN_POINT('',(-1.19778953486773,1.06403443051876,-1.02045902841415));
#12318=CARTESIAN_POINT('',(-1.39605583988209,-0.330388373902153,-0.94195351803737));
#12319=CARTESIAN_POINT('',(-0.342306095108023,-1.2649124517441,-0.86344800766059));
#12320=CARTESIAN_POINT('',(1.01843190242653,-0.901434736903808,-0.78494249728381));
#12321=CARTESIAN_POINT('',(1.46581595340052,0.434069495620287,-0.70643698690703));
#12322=CARTESIAN_POINT('',(0.598621412023797,1.54388820519748,-0.627931476530249));
#12323=CARTESIAN_POINT('',(-0.805431044352776,1.43270963867343,-0.54942596615347));
#12324=CARTESIAN_POINT('',(-1.48715379143969,0.20024135129542,-0.47092045577669));
#12325=CARTESIAN_POINT('',(-0.835161663686446,-1.04820978266358,-0.39241494539991));
#12326=CARTESIAN_POINT('',(0.565823299129487,-1.19300311344582,-0.313909435023131));
#12327=CARTESIAN_POINT('',(1.45936447541314,-0.10428453566496,-0.23540392464636));
#12328=CARTESIAN_POINT('',(1.04411289597623,1.24155724483002,-0.15689841426957));
#12329=CARTESIAN_POINT('',(-0.307523951310224,1.63753932570881,-0.0783929038927997));
#12330=CARTESIAN_POINT('',(-1.38336600742257,0.728535560603661,0.000112606483990141));
#12331=CARTESIAN_POINT('',(-1.21857254169948,-0.670237860001219,0.0786181168607594));
#12332=CARTESIAN_POINT('',(0.0390657517197168,-1.30432768503695,0.15712362723754));
#12333=CARTESIAN_POINT('',(1.26166894571006,-0.605067072707012,0.23562913761432));
#12334=CARTESIAN_POINT('',(1.3527774433785,0.800430413016022,0.314134647991101));
#12335=CARTESIAN_POINT('',(0.23068295292763,1.65168125657242,0.392640158367881));
#12336=CARTESIAN_POINT('',(-1.09829346258975,1.18526338157356,0.471145668744661));
#12337=CARTESIAN_POINT('',(-1.44229424993448,-0.180528416243338,0.54965117912144));
#12338=CARTESIAN_POINT('',(-0.492811152180322,-1.22081988130124,0.628156689498219));
#12339=CARTESIAN_POINT('',(0.898636487531687,-1.00265232846018,0.706662199875009));
#12340=CARTESIAN_POINT('',(1.48416597068724,0.278315314504852,0.78516771025177));
#12341=CARTESIAN_POINT('',(0.738659348869073,1.4732828655557,0.863673220628571));
#12342=CARTESIAN_POINT('',(-0.669293057231272,1.51057111102227,0.94217873100533));
#12343=CARTESIAN_POINT('',(-1.47701035346316,0.356746492607974,1.02068424138212));
#12344=CARTESIAN_POINT('',(-0.960104296578224,-0.953427765184963,1.09918975175889));
#12345=CARTESIAN_POINT('',(0.417835936156374,-1.2449293799445,1.17769526213568));
#12346=CARTESIAN_POINT('',(1.42107033264099,-0.256383855868505,1.25620077251246));
#12347=CARTESIAN_POINT('',(1.14981824331555,1.12575482705389,1.33470628288923));
#12348=CARTESIAN_POINT('',(-0.15254814337139,1.66176708398742,1.41321179326602));
#12349=CARTESIAN_POINT('',(-1.31823893619431,0.871295774045581,1.49171730364279));
#12350=CARTESIAN_POINT('',(-1.30144829170647,-0.537414181811716,1.57022281401958));
#12351=CARTESIAN_POINT('',(-0.117970594062811,-1.29972446172572,1.64872832439635));
#12352=CARTESIAN_POINT('',(1.17223054608211,-0.734419436175316,1.72723383477314));
#12353=CARTESIAN_POINT('',(1.40933225681532,0.656337309748528,1.80573934514991));
#12354=CARTESIAN_POINT('',(0.727428603415363,1.29529081390546,1.85807635206776));
#12355=CARTESIAN_POINT('',(0.32619464392561,1.40255767602135,1.88424485552669));
#12356=CARTESIAN_POINT('',(1.02815228000759,-0.703112648984218,-2.33078564652612));
#12357=CARTESIAN_POINT('',(1.31935350490857,-0.365011852703616,-2.30461714306719));
#12358=CARTESIAN_POINT('',(1.53781661403505,0.614921051187115,-2.25228013614934));
#12359=CARTESIAN_POINT('',(0.485457834924118,1.70582824998432,-2.17377462577256));
#12360=CARTESIAN_POINT('',(-1.00193992564503,1.42655969901168,-2.09526911539578));
#12361=CARTESIAN_POINT('',(-1.59092617301102,0.0335028068541454,-2.016763605019));
#12362=CARTESIAN_POINT('',(-0.753054682858849,-1.22703566101491,-1.93825809464222));
#12363=CARTESIAN_POINT('',(0.760133796615156,-1.22299863587075,-1.85975258426544));
#12364=CARTESIAN_POINT('',(1.59163739924253,0.0411659341523496,-1.78124707388866));
#12365=CARTESIAN_POINT('',(0.995711608738763,1.4321601440013,-1.70274156351188));
#12366=CARTESIAN_POINT('',(-0.493186169855993,1.70227863554868,-1.62423605313511));
#12367=CARTESIAN_POINT('',(-1.53978594478847,0.609392968536172,-1.54573054275832));
#12368=CARTESIAN_POINT('',(-1.20546745947836,-0.866434236513188,-1.46722503238155));
#12369=CARTESIAN_POINT('',(0.209942050717536,-1.40161280967862,-1.38871952200476));
#12370=CARTESIAN_POINT('',(1.43707098628584,-0.516199365353681,-1.31021401162799));
#12371=CARTESIAN_POINT('',(1.37540026161647,0.99575546255591,-1.23170850125121));
#12372=CARTESIAN_POINT('',(0.0802380078024058,1.77828980607496,-1.15320299087443));
#12373=CARTESIAN_POINT('',(-1.28688366402541,1.12961080389924,-1.07469748049765));
#12374=CARTESIAN_POINT('',(-1.4998974378332,-0.368532129827362,-0.99619197012087));
#12375=CARTESIAN_POINT('',(-0.367767549362907,-1.37256809307863,-0.91768645974409));
#12376=CARTESIAN_POINT('',(1.09418503001008,-0.982054133948987,-0.83918094936731));
#12377=CARTESIAN_POINT('',(1.57484645673355,0.452787739387168,-0.760675438990529));
#12378=CARTESIAN_POINT('',(0.643148143846754,1.64515712132734,-0.682169928613749));
#12379=CARTESIAN_POINT('',(-0.865340715796927,1.52570885693308,-0.603664418236969));
#12380=CARTESIAN_POINT('',(-1.59777144847781,0.201566961143954,-0.525158907860189));
#12381=CARTESIAN_POINT('',(-0.8972827617308,-1.13974661929508,-0.44665339748342));
#12382=CARTESIAN_POINT('',(0.607910437667253,-1.29530998549536,-0.36814788710663));
#12383=CARTESIAN_POINT('',(1.56791510411348,-0.125610207961501,-0.289642376729859));
#12384=CARTESIAN_POINT('',(1.12177623039463,1.3203381421158,-0.211136866353069));
#12385=CARTESIAN_POINT('',(-0.330398235848147,1.74577421105423,-0.132631355976299));
#12386=CARTESIAN_POINT('',(-1.48626370868797,0.769156815594527,-0.0541258455995092));
#12387=CARTESIAN_POINT('',(-1.30921255503885,-0.733660342386518,0.0243796647772598));
#12388=CARTESIAN_POINT('',(0.0419715452903231,-1.41491511512364,0.10288517515404));
#12389=CARTESIAN_POINT('',(1.35551456109669,-0.663642013540583,0.18139068553082));
#12390=CARTESIAN_POINT('',(1.45339990229426,0.846399359800929,0.259896195907601));
#12391=CARTESIAN_POINT('',(0.247841640830909,1.76096804876643,0.338401706284381));
#12392=CARTESIAN_POINT('',(-1.17998686260748,1.25985702176806,0.416907216661161));
#12393=CARTESIAN_POINT('',(-1.54957515901441,-0.207525270284243,0.49541272703794));
#12394=CARTESIAN_POINT('',(-0.529467492183785,-1.32519582361388,0.573918237414721));
#12395=CARTESIAN_POINT('',(0.965478977764994,-1.09080050490494,0.6524237477915));
#12396=CARTESIAN_POINT('',(1.59456138727304,0.285448231530102,0.730929258168281));
#12397=CARTESIAN_POINT('',(0.793602399810771,1.56930000658974,0.809434768545061));
#12398=CARTESIAN_POINT('',(-0.71907649609884,1.60936183093719,0.887940278921842));
#12399=CARTESIAN_POINT('',(-1.58687352004458,0.369713287212293,0.966445789298621));
#12400=CARTESIAN_POINT('',(-1.03151889297777,-1.03791451408298,1.04495129967539));
#12401=CARTESIAN_POINT('',(0.44891546037909,-1.35109863796373,1.12345681005218));
#12402=CARTESIAN_POINT('',(1.52677256168279,-0.289022998590801,1.20196232042895));
#12403=CARTESIAN_POINT('',(1.23534416593861,1.19592209459439,1.28046783080574));
#12404=CARTESIAN_POINT('',(-0.163894998217467,1.77180408144222,1.35897334118251));
#12405=CARTESIAN_POINT('',(-1.41629234760181,0.922535836869306,1.4374788515593));
#12406=CARTESIAN_POINT('',(-1.39825277932134,-0.590956956956861,1.51598436193607));
#12407=CARTESIAN_POINT('',(-0.126745497364499,-1.40996949428739,1.59448987231286));
#12408=CARTESIAN_POINT('',(1.25942354337837,-0.802615880488601,1.67299538268963));
#12409=CARTESIAN_POINT('',(1.51416138285094,0.691588305524903,1.75150089306641));
#12410=CARTESIAN_POINT('',(0.781536287661272,1.37806852816446,1.80383789998426));
#12411=CARTESIAN_POINT('',(0.350457694228233,1.49331412727004,1.83000640344319));
#12412=CARTESIAN_POINT('',(1.09933379749008,-0.764420239233159,-2.38502409860962));
#12413=CARTESIAN_POINT('',(1.41069560121219,-0.402911891163522,-2.35885559515069));
#12414=CARTESIAN_POINT('',(1.64428345005276,0.644864183905557,-2.30651858823284));
#12415=CARTESIAN_POINT('',(0.519067277839919,1.81129757794924,-2.22801307785606));
#12416=CARTESIAN_POINT('',(-1.07130669720263,1.51269457659419,-2.14950756747928));
#12417=CARTESIAN_POINT('',(-1.70106991475004,0.0231929209017345,-2.0710020571025));
#12418=CARTESIAN_POINT('',(-0.80519051537657,-1.32461573323516,-1.99249654672572));
#12419=CARTESIAN_POINT('',(0.812759733633351,-1.3202992148861,-1.91399103634894));
#12420=CARTESIAN_POINT('',(1.70183038092725,0.0313865853979356,-1.83548552597216));
#12421=CARTESIAN_POINT('',(1.06464717855964,1.51868275419957,-1.75698001559539));
#12422=CARTESIAN_POINT('',(-0.52733066445505,1.80750221495386,-1.6784745052186));
#12423=CARTESIAN_POINT('',(-1.64638912243006,0.638953378461975,-1.59996899484183));
#12424=CARTESIAN_POINT('',(-1.28892494404552,-0.939048982972377,-1.52146348446504));
#12425=CARTESIAN_POINT('',(0.224476856547417,-1.51127928835956,-1.44295797408827));
#12426=CARTESIAN_POINT('',(1.53656295408377,-0.564566488100708,-1.36445246371149));
#12427=CARTESIAN_POINT('',(1.47062261308269,1.05206470060515,-1.28594695333471));
#12428=CARTESIAN_POINT('',(0.085793082927178,1.88877582623808,-1.20744144295793));
#12429=CARTESIAN_POINT('',(-1.37597779318309,1.19518717727972,-1.12893593258115));
#12430=CARTESIAN_POINT('',(-1.60373903578431,-0.406675885752571,-1.05043042220437));
#12431=CARTESIAN_POINT('',(-0.393229003617792,-1.48022373441316,-0.97192491182759));
#12432=CARTESIAN_POINT('',(1.16993815759364,-1.06267353099416,-0.89341940145081));
#12433=CARTESIAN_POINT('',(1.68387696006656,0.471505983154047,-0.814913891074029));
#12434=CARTESIAN_POINT('',(0.687674875669711,1.74642603745721,-0.736408380697249));
#12435=CARTESIAN_POINT('',(-0.925250387241079,1.61870807519273,-0.657902870320479));
#12436=CARTESIAN_POINT('',(-1.70838910551594,0.202892570992488,-0.579397359943689));
#12437=CARTESIAN_POINT('',(-0.959403859775156,-1.23128345592656,-0.50089184956692));
#12438=CARTESIAN_POINT('',(0.649997576205019,-1.39761685754489,-0.42238633919013));
#12439=CARTESIAN_POINT('',(1.67646573281383,-0.14693588025804,-0.343880828813359));
#12440=CARTESIAN_POINT('',(1.19943956481305,1.39911903940158,-0.26537531843658));
#12441=CARTESIAN_POINT('',(-0.353272520386072,1.85400909639963,-0.186869808059789));
#12442=CARTESIAN_POINT('',(-1.58916140995337,0.809778070585394,-0.108364297683019));
#12443=CARTESIAN_POINT('',(-1.39985256837822,-0.797082824771819,-0.02985878730623));
#12444=CARTESIAN_POINT('',(0.0448773388609298,-1.52550254521032,0.0486467230705398));
#12445=CARTESIAN_POINT('',(1.44936017648331,-0.722216954374153,0.12715223344732));
#12446=CARTESIAN_POINT('',(1.55402236121003,0.892368306585836,0.205657743824101));
#12447=CARTESIAN_POINT('',(0.265000328734188,1.87025484096043,0.28416325420088));
#12448=CARTESIAN_POINT('',(-1.26168026262522,1.33445066196255,0.362668764577662));
#12449=CARTESIAN_POINT('',(-1.65685606809434,-0.234522124325146,0.44117427495444));
#12450=CARTESIAN_POINT('',(-0.566123832187245,-1.42957176592653,0.519679785331221));
#12451=CARTESIAN_POINT('',(1.0323214679983,-1.1789486813497,0.598185295708));
#12452=CARTESIAN_POINT('',(1.70495680385885,0.292581148555352,0.67669080608478));
#12453=CARTESIAN_POINT('',(0.848545450752465,1.66531714762377,0.755196316461562));
#12454=CARTESIAN_POINT('',(-0.768859934966408,1.70815255085211,0.833701826838331));
#12455=CARTESIAN_POINT('',(-1.69673668662602,0.382680081816612,0.912207337215121));
#12456=CARTESIAN_POINT('',(-1.10293348937732,-1.12240126298098,0.99071284759189));
#12457=CARTESIAN_POINT('',(0.479994984601803,-1.45726789598295,1.06921835796868));
#12458=CARTESIAN_POINT('',(1.63247479072459,-0.321662141313099,1.14772386834545));
#12459=CARTESIAN_POINT('',(1.32087008856167,1.26608936213491,1.22622937872224));
#12460=CARTESIAN_POINT('',(-0.175241853063545,1.88184107889702,1.30473488909901));
#12461=CARTESIAN_POINT('',(-1.5143457590093,0.973775899693033,1.38324039947579));
#12462=CARTESIAN_POINT('',(-1.49505726693623,-0.644499732102006,1.46174590985258));
#12463=CARTESIAN_POINT('',(-0.135520400666189,-1.52021452684906,1.54025142022935));
#12464=CARTESIAN_POINT('',(1.34661654067464,-0.870812324801887,1.61875693060613));
#12465=CARTESIAN_POINT('',(1.61899050888654,0.726839301301277,1.69726244098291));
#12466=CARTESIAN_POINT('',(0.835643971907182,1.46084624242347,1.74959944790076));
#12467=CARTESIAN_POINT('',(0.374720744530855,1.58407057851871,1.77576795135969));
#12468=CARTESIAN_POINT('',(1.17051531497257,-0.825727829482102,-2.43926255069312));
#12469=CARTESIAN_POINT('',(1.50203769751581,-0.44081192962343,-2.41309404723419));
#12470=CARTESIAN_POINT('',(1.75075028607048,0.674807316624001,-2.36075704031634));
#12471=CARTESIAN_POINT('',(0.552676720755716,1.91676690591416,-2.28225152993956));
#12472=CARTESIAN_POINT('',(-1.14067346876022,1.59882945417669,-2.20374601956278));
#12473=CARTESIAN_POINT('',(-1.81121365648906,0.0128830349493247,-2.125240509186));
#12474=CARTESIAN_POINT('',(-0.85732634789429,-1.42219580545542,-2.04673499880922));
#12475=CARTESIAN_POINT('',(0.865385670651546,-1.41759979390144,-1.96822948843244));
#12476=CARTESIAN_POINT('',(1.81202336261196,0.0216072366435194,-1.88972397805566));
#12477=CARTESIAN_POINT('',(1.13358274838052,1.60520536439784,-1.81121846767888));
#12478=CARTESIAN_POINT('',(-0.561475159054106,1.91272579435903,-1.7327129573021));
#12479=CARTESIAN_POINT('',(-1.75299230007166,0.668513788387779,-1.65420744692533));
#12480=CARTESIAN_POINT('',(-1.37238242861269,-1.01166372943156,-1.57570193654855));
#12481=CARTESIAN_POINT('',(0.239011662377299,-1.62094576704051,-1.49719642617177));
#12482=CARTESIAN_POINT('',(1.6360549218817,-0.612933610847738,-1.41869091579499));
#12483=CARTESIAN_POINT('',(1.5658449645489,1.1083739386544,-1.34018540541821));
#12484=CARTESIAN_POINT('',(0.0913481580519496,1.99926184640119,-1.26167989504143));
#12485=CARTESIAN_POINT('',(-1.46507192234076,1.26076355066021,-1.18317438466465));
#12486=CARTESIAN_POINT('',(-1.70758063373542,-0.444819641677781,-1.10466887428787));
#12487=CARTESIAN_POINT('',(-0.418690457872678,-1.58787937574769,-1.02616336391109));
#12488=CARTESIAN_POINT('',(1.2456912851772,-1.14329292803933,-0.94765785353431));
#12489=CARTESIAN_POINT('',(1.79290746339958,0.49022422692093,-0.869152343157529));
#12490=CARTESIAN_POINT('',(0.732201607492667,1.84769495358707,-0.790646832780749));
#12491=CARTESIAN_POINT('',(-0.985160058685231,1.71170729345237,-0.712141322403969));
#12492=CARTESIAN_POINT('',(-1.81900676255407,0.20421818084102,-0.63363581202719));
#12493=CARTESIAN_POINT('',(-1.02152495781951,-1.32282029255806,-0.55513030165041));
#12494=CARTESIAN_POINT('',(0.692084714742787,-1.49992372959442,-0.47662479127363));
#12495=CARTESIAN_POINT('',(1.78501636151417,-0.168261552554578,-0.39811928089685));
#12496=CARTESIAN_POINT('',(1.27710289923146,1.47789993668738,-0.319613770520079));
#12497=CARTESIAN_POINT('',(-0.376146804923996,1.96224398174506,-0.241108260143289));
#12498=CARTESIAN_POINT('',(-1.69205911121878,0.850399325576258,-0.162602749766519));
#12499=CARTESIAN_POINT('',(-1.49049258171759,-0.860505307157114,-0.0840972393897299));
#12500=CARTESIAN_POINT('',(0.047783132431537,-1.63608997529701,-0.00559172901296007));
#12501=CARTESIAN_POINT('',(1.54320579186994,-0.780791895207723,0.0729137813638203));
#12502=CARTESIAN_POINT('',(1.65464482012579,0.938337253370742,0.151419291740601));
#12503=CARTESIAN_POINT('',(0.282159016637467,1.97954163315445,0.229924802117382));
#12504=CARTESIAN_POINT('',(-1.34337366264295,1.40904430215705,0.30843031249416));
#12505=CARTESIAN_POINT('',(-1.76413697717427,-0.26151897836605,0.386935822870941));
#12506=CARTESIAN_POINT('',(-0.602780172190704,-1.53394770823917,0.465441333247719));
#12507=CARTESIAN_POINT('',(1.09916395823161,-1.26709685779446,0.543946843624501));
#12508=CARTESIAN_POINT('',(1.81535222044465,0.299714065580603,0.622452354001281));
#12509=CARTESIAN_POINT('',(0.903488501694161,1.7613342886578,0.700957864378051));
#12510=CARTESIAN_POINT('',(-0.818643373833974,1.80694327076703,0.779463374754842));
#12511=CARTESIAN_POINT('',(-1.80659985320746,0.395646876420931,0.85796888513161));
#12512=CARTESIAN_POINT('',(-1.17434808577687,-1.206888011879,0.936474395508401));
#12513=CARTESIAN_POINT('',(0.511074508824518,-1.56343715400216,1.01497990588518));
#12514=CARTESIAN_POINT('',(1.73817701976639,-0.354301284035399,1.09348541626195));
#12515=CARTESIAN_POINT('',(1.40639601118473,1.33625662967542,1.17199092663874));
#12516=CARTESIAN_POINT('',(-0.186588707909622,1.99187807635181,1.25049643701551));
#12517=CARTESIAN_POINT('',(-1.61239917041679,1.02501596251676,1.3290019473923));
#12518=CARTESIAN_POINT('',(-1.5918617545511,-0.698042507247153,1.40750745776907));
#12519=CARTESIAN_POINT('',(-0.144295303967879,-1.63045955941072,1.48601296814586));
#12520=CARTESIAN_POINT('',(1.43380953797091,-0.939008769115168,1.56451847852263));
#12521=CARTESIAN_POINT('',(1.72381963492215,0.762090297077651,1.64302398889941));
#12522=CARTESIAN_POINT('',(0.88975165615309,1.54362395668248,1.69536099581726));
#12523=CARTESIAN_POINT('',(0.398983794833478,1.6748270297674,1.72152949927619));
#12524=CARTESIAN_POINT('',(-1.26058778473089,0.285908058549662,-1.97774855543455));
#12525=CARTESIAN_POINT('',(-1.28118313819004,0.600796279705117,-2.02403902175815));
#12526=CARTESIAN_POINT('',(-1.07355485501743,1.2836504381749,-2.11661995440536));
#12527=CARTESIAN_POINT('',(-0.392863612672649,1.67555095960249,-2.20920088705257));
#12528=CARTESIAN_POINT('',(-0.0125616623197851,1.72493998642731,-2.25549135337617));
#12529=CARTESIAN_POINT('',(-1.2605877847309,0.285908058549663,-1.97774855543454));
#12530=CARTESIAN_POINT('',(-0.0126172948768388,1.72515353154119,-2.2557053450297));
#12531=CARTESIAN_POINT('',(-1.26449985886695,0.181822300142141,-1.97083962735035));
#12532=CARTESIAN_POINT('',(-1.26451626842056,0.216554059859988,-1.97303350246489));
#12533=CARTESIAN_POINT('',(-1.26310091360952,0.251286469358973,-1.97522737757942));
#12534=CARTESIAN_POINT('',(-1.26025859455008,0.285901735134871,-1.97742125269396));
#12535=CARTESIAN_POINT('',(-1.26526645061674,0.181821937853762,-1.9708396273452));
#12536=CARTESIAN_POINT('',(-0.991170386648894,0.967621308326749,-1.52419072765002));
#12537=CARTESIAN_POINT('',(-0.807539601723642,1.19942088910423,-1.54280109838938));
#12538=CARTESIAN_POINT('',(-0.271782394448755,1.52767326970425,-1.58002183986811));
#12539=CARTESIAN_POINT('',(0.660907802028225,1.38544169456328,-1.63585295208619));
#12540=CARTESIAN_POINT('',(1.2812243371517,0.674711837495767,-1.69168406430427));
#12541=CARTESIAN_POINT('',(1.29637625467578,-0.268507056411598,-1.74751517652236));
#12542=CARTESIAN_POINT('',(0.699145013470934,-0.998716825558388,-1.80334628874044));
#12543=CARTESIAN_POINT('',(-0.228338373270709,-1.17106560215122,-1.85917740095852));
#12544=CARTESIAN_POINT('',(-1.04796246354431,-0.703778565936304,-1.91500851317661));
#12545=CARTESIAN_POINT('',(-1.26436013338099,-0.113899375757653,-1.95222925465533));
#12546=CARTESIAN_POINT('',(-1.26449985885233,0.181822269202051,-1.97083962539469));
#12547=CARTESIAN_POINT('',(-0.990506280366844,0.967100331772304,-1.52419069779058));
#12548=CARTESIAN_POINT('',(-1.26449954354486,0.183494150902678,-1.47083989202553));
#12549=CARTESIAN_POINT('',(-1.2642599072679,0.465525779508875,-1.48862349394721));
#12550=CARTESIAN_POINT('',(-1.16630049973513,0.746552067430108,-1.5064070958689));
#12551=CARTESIAN_POINT('',(-0.991170682583752,0.967620934764099,-1.52419069779058));
#12552=CARTESIAN_POINT('',(-1.2644995471416,0.183489909476989,-1.47083962539469));
#12553=CARTESIAN_POINT('',(-0.991165101061759,0.967627980347512,-1.02416922375906));
#12554=CARTESIAN_POINT('',(-0.807489828366937,1.19948051211807,-1.04278049049388));
#12555=CARTESIAN_POINT('',(-0.271563217377525,1.52777099090501,-1.08000302396351));
#12556=CARTESIAN_POINT('',(0.661335835728983,1.38526652015257,-1.13583682416797));
#12557=CARTESIAN_POINT('',(1.28151879953233,0.67409156736585,-1.19167062437242));
#12558=CARTESIAN_POINT('',(1.29612675461873,-0.269383466016347,-1.24750442457688));
#12559=CARTESIAN_POINT('',(0.698194982197489,-0.999339715730354,-1.30333822478133));
#12560=CARTESIAN_POINT('',(-0.229688100890295,-1.17089060084205,-1.35917202498578));
#12561=CARTESIAN_POINT('',(-1.04902530044595,-0.70260145843563,-1.41500582519024));
#12562=CARTESIAN_POINT('',(-1.26474988205939,-0.112300792913002,-1.45222835865987));
#12563=CARTESIAN_POINT('',(-1.2644995471416,0.183489909476988,-1.47083962539469));
#12564=CARTESIAN_POINT('',(-0.991165101061759,0.967627980347512,-1.02416922375906));
#12565=CARTESIAN_POINT('',(-1.26449972875521,0.181591494645295,-0.970839625394697));
#12566=CARTESIAN_POINT('',(-1.26468487476551,0.46426037941503,-0.988616158182818));
#12567=CARTESIAN_POINT('',(-1.16669217684884,0.746060883598814,-1.00639269097094));
#12568=CARTESIAN_POINT('',(-0.991165101061759,0.967627980347512,-1.02416922375906));
#12569=CARTESIAN_POINT('',(-1.26449972875462,0.181591493741264,-0.970839625338));
#12570=CARTESIAN_POINT('',(-0.991165101061759,0.967627980347512,-0.524119916146222));
#12571=CARTESIAN_POINT('',(-0.807538946985637,1.19941850989025,-0.542733237362546));
#12572=CARTESIAN_POINT('',(-0.271803641880302,1.52766126763687,-0.579959879795194));
#12573=CARTESIAN_POINT('',(0.660855332197451,1.3854618574829,-0.635799843444166));
#12574=CARTESIAN_POINT('',(1.28118563716712,0.674791414013093,-0.691639807093139));
#12575=CARTESIAN_POINT('',(1.29640871875378,-0.268390631256763,-0.747479770742111));
#12576=CARTESIAN_POINT('',(0.699272889715467,-0.998632313449143,-0.803319734391084));
#12577=CARTESIAN_POINT('',(-0.228154124418079,-1.17108897449958,-0.859159698040056));
#12578=CARTESIAN_POINT('',(-1.04781589514553,-0.703940159041554,-0.914999661689028));
#12579=CARTESIAN_POINT('',(-1.26430603962278,-0.114120150485018,-0.952226304121676));
#12580=CARTESIAN_POINT('',(-1.26449972875462,0.181591493741264,-0.970839625338));
#12581=CARTESIAN_POINT('',(-0.991165101061759,0.967627980347512,-0.524119916146222));
#12582=CARTESIAN_POINT('',(-1.2644999968421,0.182509098739437,-0.470839625394697));
#12583=CARTESIAN_POINT('',(-1.26448004135195,0.464872175387488,-0.488599722311872));
#12584=CARTESIAN_POINT('',(-1.16650224397695,0.746300635071985,-0.506359819229047));
#12585=CARTESIAN_POINT('',(-0.991165101061759,0.967627980347512,-0.524119916146222));
#12586=CARTESIAN_POINT('',(-1.26449999684214,0.182509098212744,-0.470839625361355));
#12587=CARTESIAN_POINT('',(-0.991165101061761,0.96762798034751,-0.0241933678967893));
#12588=CARTESIAN_POINT('',(-0.807515205366889,1.19944847883672,-0.0428036286244795));
#12589=CARTESIAN_POINT('',(-0.271687435513409,1.52771430578616,-0.0800241500798598));
#12590=CARTESIAN_POINT('',(0.661087590453745,1.38536746247726,-0.135854932262931));
#12591=CARTESIAN_POINT('',(1.28134671761682,0.674453167758304,-0.191685714446001));
#12592=CARTESIAN_POINT('',(1.29627252333267,-0.268870540992654,-0.247516496629072));
#12593=CARTESIAN_POINT('',(0.698751967924799,-0.998974358975416,-0.303347278812144));
#12594=CARTESIAN_POINT('',(-0.228895595287349,-1.17099330482561,-0.359178060995214));
#12595=CARTESIAN_POINT('',(-1.04840067599576,-0.703293298880423,-0.415008843178285));
#12596=CARTESIAN_POINT('',(-1.26452089830104,-0.1132408422296,-0.452229364633665));
#12597=CARTESIAN_POINT('',(-1.26449999684214,0.182509098212746,-0.470839625361355));
#12598=CARTESIAN_POINT('',(-0.991165101061761,0.96762798034751,-0.0241933678967892));
#12599=CARTESIAN_POINT('',(-1.26449979773195,0.183134949889449,0.0291603745505032));
#12600=CARTESIAN_POINT('',(-1.26434020756395,0.465289365046845,0.011375793734739));
#12601=CARTESIAN_POINT('',(-1.1663727004117,0.74646415737489,-0.00640878708102513));
#12602=CARTESIAN_POINT('',(-0.991165101061761,0.96762798034751,-0.0241933678967893));
#12603=CARTESIAN_POINT('',(-1.26449979773195,0.183134949889449,0.0291603745505031));
#12604=CARTESIAN_POINT('',(-0.99116510106176,0.967627980347511,0.475871231721361));
#12605=CARTESIAN_POINT('',(-0.807499012430225,1.19946891911323,0.457258279341525));
#12606=CARTESIAN_POINT('',(-0.271608173400202,1.52775047704386,0.420032374581854));
#12607=CARTESIAN_POINT('',(0.66124599589425,1.38530305707285,0.364193517442347));
#12608=CARTESIAN_POINT('',(1.28145653346022,0.674222438906423,0.308354660302839));
#12609=CARTESIAN_POINT('',(1.29617953193064,-0.269197840907967,0.252515803163332));
#12610=CARTESIAN_POINT('',(0.698396579774446,-0.99920752109067,0.196676946023824));
#12611=CARTESIAN_POINT('',(-0.229401293887719,-1.1709278229416,0.140838088884317));
#12612=CARTESIAN_POINT('',(-1.04879929795299,-0.70285188940059,0.0849992317448104));
#12613=CARTESIAN_POINT('',(-1.2646670922232,-0.112641021972199,0.0477733269851391));
#12614=CARTESIAN_POINT('',(-1.26449979773244,0.183134949015186,0.0291603746053035));
#12615=CARTESIAN_POINT('',(-0.99116510106176,0.96762798034751,0.475871231721361));
#12616=CARTESIAN_POINT('',(-1.26449953082388,0.181330445522028,0.529160374605304));
#12617=CARTESIAN_POINT('',(-1.26474310725427,0.464086302413086,0.511397326977323));
#12618=CARTESIAN_POINT('',(-1.16674621085015,0.745992676703998,0.493634279349342));
#12619=CARTESIAN_POINT('',(-0.99116510106176,0.967627980347511,0.475871231721361));
#12620=CARTESIAN_POINT('',(-1.26449953082321,0.181330444744136,0.529160374654244));
#12621=CARTESIAN_POINT('',(-0.991165101061763,0.967627980347507,0.975859458947521));
#12622=CARTESIAN_POINT('',(-0.807545701232541,1.19940998403251,0.957246997101968));
#12623=CARTESIAN_POINT('',(-0.271836700211418,1.52764617776539,0.920022073410862));
#12624=CARTESIAN_POINT('',(0.660789255207187,1.38548870443099,0.864184687874202));
#12625=CARTESIAN_POINT('',(1.28113979587591,0.674887632526253,0.808347302337542));
#12626=CARTESIAN_POINT('',(1.29644743325515,-0.268254094917332,0.752509916800883));
#12627=CARTESIAN_POINT('',(0.699421056603371,-0.998534963754424,0.696672531264223));
#12628=CARTESIAN_POINT('',(-0.227943177050673,-1.17111611811198,0.640835145727563));
#12629=CARTESIAN_POINT('',(-1.04764945872739,-0.704124114192193,0.584997760190904));
#12630=CARTESIAN_POINT('',(-1.26424480302273,-0.114370276153917,0.547772836499797));
#12631=CARTESIAN_POINT('',(-1.26449953082321,0.181330444744135,0.529160374654244));
#12632=CARTESIAN_POINT('',(-0.991165101061763,0.967627980347507,0.975859458947521));
#12633=CARTESIAN_POINT('',(-1.26449976122205,0.183196822863253,1.0291603746053));
#12634=CARTESIAN_POINT('',(-1.26432637769022,0.465330605549704,1.01139340271937));
#12635=CARTESIAN_POINT('',(-1.16635989345828,0.746480323538856,0.993626430833447));
#12636=CARTESIAN_POINT('',(-0.991165101061763,0.967627980347507,0.975859458947521));
#12637=CARTESIAN_POINT('',(-1.26449976122242,0.183196822257321,1.02916037464359));
#12638=CARTESIAN_POINT('',(-0.289270268932555,1.41338803493142,1.42257985087776));
#12639=CARTESIAN_POINT('',(0.217869168781446,1.5325628026715,1.38979489452491));
#12640=CARTESIAN_POINT('',(1.07080168950566,1.17528073952911,1.34061745999564));
#12641=CARTESIAN_POINT('',(1.34533299507062,0.110786409396652,1.27504754728994));
#12642=CARTESIAN_POINT('',(1.05584922233811,-0.654600797631725,1.22587011276067));
#12643=CARTESIAN_POINT('',(0.37670075911617,-1.11108277565651,1.1766926782314));
#12644=CARTESIAN_POINT('',(-0.722353267370478,-1.08667246056584,1.11112276552571));
#12645=CARTESIAN_POINT('',(-1.26481990987734,-0.337757045235392,1.06194533099644));
#12646=CARTESIAN_POINT('',(-1.26449976122242,0.18319682225732,1.02916037464359));
#12647=CARTESIAN_POINT('',(1.09577681589357,-0.903914548317943,1.55616851328105));
#12648=CARTESIAN_POINT('',(1.42535786040291,-0.571468749729407,1.58032033131181));
#12649=CARTESIAN_POINT('',(1.75483028330254,0.410224275082156,1.62862396737333));
#12650=CARTESIAN_POINT('',(1.18562414075608,1.27525470212065,1.67692760343485));
#12651=CARTESIAN_POINT('',(0.782084359642714,1.51252989879745,1.70107942146561));
#12652=CARTESIAN_POINT('',(1.09647232243469,-0.904593583598882,1.55616853122818));
#12653=CARTESIAN_POINT('',(-1.54299999941143,0.182462350807071,1.3683682780972));
#12654=CARTESIAN_POINT('',(-1.54301676650308,-0.424592309726551,1.3996683202857));
#12655=CARTESIAN_POINT('',(-0.737513452257558,-1.60897883382056,1.46226840466269));
#12656=CARTESIAN_POINT('',(0.668386172686668,-1.33502031086921,1.52486848903968));
#12657=CARTESIAN_POINT('',(1.09577705987963,-0.903914302211082,1.55616853122818));
#12658=CARTESIAN_POINT('',(-1.54178283614877,0.182461509975682,1.3683683195415));
#12659=CARTESIAN_POINT('',(1.09578704909582,-0.90390422607036,1.0562108392577));
#12660=CARTESIAN_POINT('',(1.45089069137241,-0.545707235925716,1.08222396219014));
#12661=CARTESIAN_POINT('',(1.77379762366374,0.540369502076087,1.13425020805502));
#12662=CARTESIAN_POINT('',(0.689572398251103,1.85739385192007,1.21228957685235));
#12663=CARTESIAN_POINT('',(-1.00764229525672,1.68546432669478,1.29032894564968));
#12664=CARTESIAN_POINT('',(-1.54298629976706,0.686846099049565,1.34235519151456));
#12665=CARTESIAN_POINT('',(-1.54299999943084,0.182461642192395,1.368368314447));
#12666=CARTESIAN_POINT('',(1.09578704909582,-0.903904226070361,1.0562108392577));
#12667=CARTESIAN_POINT('',(-1.54299970863236,0.183367973244549,0.868368324635993));
#12668=CARTESIAN_POINT('',(-1.54337286437508,-0.423839874690429,0.899675410406278));
#12669=CARTESIAN_POINT('',(-0.738112675331134,-1.6089642048134,0.962289581946846));
#12670=CARTESIAN_POINT('',(0.668292196457182,-1.33512303457308,1.02490375348742));
#12671=CARTESIAN_POINT('',(1.09578704909582,-0.90390422607036,1.0562108392577));
#12672=CARTESIAN_POINT('',(-1.54379711470399,0.183368463285407,0.868368324635993));
#12673=CARTESIAN_POINT('',(1.09579465315684,-0.903896555715809,0.556269862289844));
#12674=CARTESIAN_POINT('',(1.45084198084251,-0.545751356656831,0.582278067485356));
#12675=CARTESIAN_POINT('',(1.77376343410214,0.540101711341165,0.634294477876382));
#12676=CARTESIAN_POINT('',(0.690024950789418,1.85711241415407,0.712319093462919));
#12677=CARTESIAN_POINT('',(-1.00693416819643,1.68583474477633,0.790343709049456));
#12678=CARTESIAN_POINT('',(-1.54268978938087,0.68767590740362,0.842360119440481));
#12679=CARTESIAN_POINT('',(-1.54299970863236,0.18336797324455,0.868368324635993));
#12680=CARTESIAN_POINT('',(1.09624680812292,-0.90435269061373,0.556269841241228));
#12681=CARTESIAN_POINT('',(-1.54299942749011,0.181090535334323,0.368368324635993));
#12682=CARTESIAN_POINT('',(-1.54247668160703,-0.425739361407138,0.399685244070199));
#12683=CARTESIAN_POINT('',(-0.736583253488783,-1.60902167423894,0.46231908293861));
#12684=CARTESIAN_POINT('',(0.668568429673736,-1.33485020115995,0.524952921807022));
#12685=CARTESIAN_POINT('',(1.09579436676166,-0.903896844609783,0.556269841241228));
#12686=CARTESIAN_POINT('',(-1.5427480183044,0.181090751907563,0.368368324635993));
#12687=CARTESIAN_POINT('',(1.09578732768017,-0.903903945059152,0.0561450771064307));
#12688=CARTESIAN_POINT('',(1.45097129698826,-0.545625744379662,0.0821636810672276));
#12689=CARTESIAN_POINT('',(1.77384483626218,0.540788781765085,0.134200888988821));
#12690=CARTESIAN_POINT('',(0.688877888928477,1.85782166506081,0.212256700871213));
#12691=CARTESIAN_POINT('',(-1.0087165123084,1.68489930855924,0.290312512753603));
#12692=CARTESIAN_POINT('',(-1.54343402129163,0.685589031133675,0.342349720675196));
#12693=CARTESIAN_POINT('',(-1.54299942749011,0.181090535334324,0.368368324635993));
#12694=CARTESIAN_POINT('',(1.09584832478047,-0.903964415364338,0.0561450771064368));
#12695=CARTESIAN_POINT('',(-1.54299975318399,0.183292471981186,-0.131631675364007));
#12696=CARTESIAN_POINT('',(-1.54334319026637,-0.423902875891446,-0.100335549952268));
#12697=CARTESIAN_POINT('',(-0.738061939425372,-1.60896614779948,-0.0377432991287886));
#12698=CARTESIAN_POINT('',(0.668301398433439,-1.3351139736105,0.0248489516946908));
#12699=CARTESIAN_POINT('',(1.09578732768017,-0.903903945059152,0.0561450771064307));
#12700=CARTESIAN_POINT('',(-1.54113734067371,0.183291418577992,-0.131631675364007));
#12701=CARTESIAN_POINT('',(1.09577988301415,-0.903911454528886,-0.443750134339627));
#12702=CARTESIAN_POINT('',(1.45083774067231,-0.545765373147865,-0.417740262758325));
#12703=CARTESIAN_POINT('',(1.77377163194846,0.540107070686804,-0.365720519595722));
#12704=CARTESIAN_POINT('',(0.689998884734249,1.85713315256257,-0.287690904851816));
#12705=CARTESIAN_POINT('',(-1.00698933398633,1.68580874254222,-0.209661290107911));
#12706=CARTESIAN_POINT('',(-1.54271450591985,0.687608460749518,-0.157641546945308));
#12707=CARTESIAN_POINT('',(-1.54299975318399,0.183292471981186,-0.131631675364007));
#12708=CARTESIAN_POINT('',(1.09505235075807,-0.903183303909757,-0.44375015439516));
#12709=CARTESIAN_POINT('',(-1.54299999614659,0.182528781213714,-0.631631675364007));
#12710=CARTESIAN_POINT('',(-1.54304289944116,-0.424537552987853,-0.600318088535866));
#12711=CARTESIAN_POINT('',(-0.737556136844266,-1.60897893798974,-0.537690914879584));
#12712=CARTESIAN_POINT('',(0.668381512422094,-1.33502703418288,-0.475063741223301));
#12713=CARTESIAN_POINT('',(1.09577960801491,-0.90391173191995,-0.44375015439516));
#12714=CARTESIAN_POINT('',(-1.54539697225986,0.182528950615584,-0.631631675364007));
#12715=CARTESIAN_POINT('',(1.09579207729666,-0.903899154044819,-0.943769649017289));
#12716=CARTESIAN_POINT('',(1.45088970359285,-0.545704916265962,-0.917758151212849));
#12717=CARTESIAN_POINT('',(1.77379340163781,0.540355016869391,-0.865735155603968));
#12718=CARTESIAN_POINT('',(0.689602252217496,1.85737386241388,-0.787700662190647));
#12719=CARTESIAN_POINT('',(-1.00759105168681,1.68549024718812,-0.709666168777326));
#12720=CARTESIAN_POINT('',(-1.54296435014205,0.686907046911726,-0.657643173168447));
#12721=CARTESIAN_POINT('',(-1.54299999614659,0.182528781213714,-0.631631675364007));
#12722=CARTESIAN_POINT('',(1.09661317225642,-0.904718214416121,-0.943769651625011));
#12723=CARTESIAN_POINT('',(-1.54299966901486,0.181409079262533,-1.13163167536401));
#12724=CARTESIAN_POINT('',(-1.54260216548483,-0.425473452754517,-1.10032133807418));
#12725=CARTESIAN_POINT('',(-0.736798053277268,-1.60901285037644,-1.03770066349451));
#12726=CARTESIAN_POINT('',(0.668528192549388,-1.33488894451516,-0.975079988914844));
#12727=CARTESIAN_POINT('',(1.09579204190126,-0.903899189748876,-0.943769651625011));
#12728=CARTESIAN_POINT('',(-1.54137211280547,0.181410145299706,-1.13163167536401));
#12729=CARTESIAN_POINT('',(1.09579486058104,-0.903896346481746,-1.44384386240554));
#12730=CARTESIAN_POINT('',(1.45095702904747,-0.545635167809321,-1.41782618015208));
#12731=CARTESIAN_POINT('',(1.77383099508559,0.540700476577838,-1.36579081564516));
#12732=CARTESIAN_POINT('',(0.689033010119836,1.85772374805234,-1.28773776888477));
#12733=CARTESIAN_POINT('',(-1.00846902442042,1.68502803726924,-1.20968472212439));
#12734=CARTESIAN_POINT('',(-1.54333009384585,0.685880217062275,-1.15764935761747));
#12735=CARTESIAN_POINT('',(-1.54299966901486,0.181409079262534,-1.13163167536401));
#12736=CARTESIAN_POINT('',(1.09530366845783,-0.903416800972476,-1.44384383213769));
#12737=CARTESIAN_POINT('',(-1.54299944492065,0.18372853907164,-1.63163182622185));
#12738=CARTESIAN_POINT('',(-1.54351454469562,-0.423541246708584,-1.60033382720782));
#12739=CARTESIAN_POINT('',(-0.738348306533181,-1.6089610894438,-1.53773782917977));
#12740=CARTESIAN_POINT('',(0.668260008539645,-1.33516203430477,-1.47514183115172));
#12741=CARTESIAN_POINT('',(1.09579527495358,-0.903895928493394,-1.44384383213769));
#12742=CARTESIAN_POINT('',(-1.54269969498901,0.183725527621888,-1.63163168414994));
#12743=CARTESIAN_POINT('',(1.09578704909582,-0.90390422607036,-1.94374817841436));
#12744=CARTESIAN_POINT('',(1.45081651498195,-0.545782058475077,-1.91773847129115));
#12745=CARTESIAN_POINT('',(1.77375393587365,0.539983229034991,-1.86571905704474));
#12746=CARTESIAN_POINT('',(0.69021239673267,1.85699918884173,-1.78768993567512));
#12747=CARTESIAN_POINT('',(-1.00665156793807,1.68598459638954,-1.70966081430551));
#12748=CARTESIAN_POINT('',(-1.54257255203774,0.688004869052535,-1.6576414000591));
#12749=CARTESIAN_POINT('',(-1.54299944711302,0.183725951853798,-1.63163169293589));
#12750=CARTESIAN_POINT('',(1.09578704909582,-0.903904226070362,-1.94374817841436));
#12751=CARTESIAN_POINT('',(-1.54299982776524,0.181690680797594,-2.131631675364));
#12752=CARTESIAN_POINT('',(-1.54271306029092,-0.425237665294641,-2.10031775920573));
#12753=CARTESIAN_POINT('',(-0.736990001555432,-1.60900313817114,-2.03768992688918));
#12754=CARTESIAN_POINT('',(0.668489008194598,-1.33492450838643,-1.97506209457263));
#12755=CARTESIAN_POINT('',(1.09578704909582,-0.90390422607036,-1.94374817841436));
#12756=CARTESIAN_POINT('',(-1.54299982776554,0.18169068142043,-2.13163167539628));
#12757=CARTESIAN_POINT('',(-0.0126301612471413,1.7253680398409,-2.25592116193143));
#12758=CARTESIAN_POINT('',(-0.414589608098946,1.7220777075566,-2.23520624750891));
#12759=CARTESIAN_POINT('',(-1.21266785775592,1.38463345611133,-2.19377641866386));
#12760=CARTESIAN_POINT('',(-1.5431897556978,0.583663550066227,-2.1523465898188));
#12761=CARTESIAN_POINT('',(-1.54299982776554,0.181690681420431,-2.13163167539628));
#12762=CARTESIAN_POINT('',(0.,0.182419732532175,-2.12741995177528));
#12763=CARTESIAN_POINT('',(-1.4145,0.182419732532175,-2.12741995177528));
#12764=CARTESIAN_POINT('',(0.,0.182419732532175,-1.97741995177528));
#12765=CARTESIAN_POINT('',(-0.99116510106176,0.967627980347511,-1.97741995177528));
#12766=CARTESIAN_POINT('',(0.,0.182419732532175,-1.97741995177528));
#12767=CARTESIAN_POINT('',(0.,0.182419732532175,-2.25591995177528));
#12768=CARTESIAN_POINT('',(0.599999999999999,2.60935195243449,1.72258004822472));
#12769=CARTESIAN_POINT('',(-0.0353693694004593,2.76643158511398,1.35591338155805));
#12770=CARTESIAN_POINT('',(-0.731490098345881,2.66098594762447,0.989246714891395));
#12771=CARTESIAN_POINT('',(-1.29183616146112,2.32278403141715,0.622580048224724));
#12772=CARTESIAN_POINT('',(0.399999999999999,2.46704121246705,1.72258004822472));
#12773=CARTESIAN_POINT('',(-0.19811250479974,2.57176096758672,1.35591338155805));
#12774=CARTESIAN_POINT('',(-0.835651171406109,2.42961514500025,0.989246714891395));
#12775=CARTESIAN_POINT('',(-1.33262862843178,2.08073378591319,0.622580048224724));
#12776=CARTESIAN_POINT('',(0.199999999999999,2.32473047249961,1.72258004822472));
#12777=CARTESIAN_POINT('',(-0.36085564019902,2.37709035005944,1.35591338155805));
#12778=CARTESIAN_POINT('',(-0.939812244466337,2.19824434237602,0.989246714891395));
#12779=CARTESIAN_POINT('',(-1.37342109540244,1.83868354040923,0.622580048224723));
#12780=CARTESIAN_POINT('',(-1.2490009027033E-15,2.18241973253217,1.72258004822472));
#12781=CARTESIAN_POINT('',(-0.5235987755983,2.18241973253217,1.35591338155805));
#12782=CARTESIAN_POINT('',(-1.04397331752657,1.9668735397518,0.989246714891394));
#12783=CARTESIAN_POINT('',(-1.4142135623731,1.59663329490526,0.622580048224723));
#12784=CARTESIAN_POINT('',(0.599999999999999,2.60935195243449,1.72258004822472));
#12785=CARTESIAN_POINT('',(0.599999999999999,2.60935195243449,1.72258004822472));
#12786=CARTESIAN_POINT('',(-1.2490009027033E-15,2.18241973253217,1.72258004822472));
#12787=CARTESIAN_POINT('',(-1.29183616146112,2.32278403141715,0.622580048224724));
#12788=CARTESIAN_POINT('',(-0.731490098345879,2.66098594762448,0.989246714891389));
#12789=CARTESIAN_POINT('',(-0.0353693694004582,2.76643158511398,1.35591338155805));
#12790=CARTESIAN_POINT('',(0.6,2.60935195243449,1.72258004822472));
#12791=CARTESIAN_POINT('',(-1.29183616146112,2.32278403141715,0.622580048224724));
#12792=CARTESIAN_POINT('',(-1.4142135623731,1.59663329490526,0.622580048224723));
#12793=CARTESIAN_POINT('',(-1.2490009027033E-15,2.18241973253217,1.72258004822472));
#12794=CARTESIAN_POINT('',(-0.5235987755983,2.18241973253217,1.35591338155805));
#12795=CARTESIAN_POINT('',(-1.04397331752657,1.9668735397518,0.989246714891394));
#12796=CARTESIAN_POINT('',(-1.4142135623731,1.59663329490526,0.622580048224723));
#12797=CARTESIAN_POINT('',(-1.2490009027033E-15,2.18241973253217,1.72258004822472));
#12798=CARTESIAN_POINT('',(-0.5235987755983,2.18241973253217,1.35591338155805));
#12799=CARTESIAN_POINT('',(-1.04397331752657,1.9668735397518,0.989246714891394));
#12800=CARTESIAN_POINT('',(-1.4142135623731,1.59663329490526,0.622580048224723));
#12801=CARTESIAN_POINT('',(-0.200000000000001,2.32473047249961,1.72258004822472));
#12802=CARTESIAN_POINT('',(-0.760855640199021,2.27237059493978,1.35591338155805));
#12803=CARTESIAN_POINT('',(-1.29670300591026,1.98944967887071,0.989246714891394));
#12804=CARTESIAN_POINT('',(-1.65626380787706,1.55584082793461,0.622580048224723));
#12805=CARTESIAN_POINT('',(-0.400000000000001,2.46704121246705,1.72258004822472));
#12806=CARTESIAN_POINT('',(-0.998112504799739,2.36232145734739,1.35591338155805));
#12807=CARTESIAN_POINT('',(-1.54943269429396,2.01202581798962,0.989246714891394));
#12808=CARTESIAN_POINT('',(-1.89831405338102,1.51504836096395,0.622580048224723));
#12809=CARTESIAN_POINT('',(-0.600000000000001,2.60935195243449,1.72258004822472));
#12810=CARTESIAN_POINT('',(-1.23536936940046,2.452272319755,1.35591338155805));
#12811=CARTESIAN_POINT('',(-1.80216238267766,2.03460195710854,0.989246714891394));
#12812=CARTESIAN_POINT('',(-2.14036429888498,1.47425589399329,0.622580048224723));
#12813=CARTESIAN_POINT('',(-1.2490009027033E-15,2.18241973253217,1.72258004822472));
#12814=CARTESIAN_POINT('',(-0.600000000000001,2.60935195243449,1.72258004822472));
#12815=CARTESIAN_POINT('',(-2.14036429888498,1.47425589399329,0.622580048224723));
#12816=CARTESIAN_POINT('',(-2.14036429888498,1.47425589399329,0.622580048224723));
#12817=CARTESIAN_POINT('',(-0.600000000000001,2.60935195243449,1.72258004822472));
#12818=CARTESIAN_POINT('',(-1.23536936940046,2.452272319755,1.35591338155805));
#12819=CARTESIAN_POINT('',(-1.80216238267766,2.03460195710854,0.989246714891389));
#12820=CARTESIAN_POINT('',(-2.14036429888498,1.47425589399329,0.622580048224723));
#12821=CARTESIAN_POINT('',(0.,0.182419732532175,-1.12741995177528));
#12822=CARTESIAN_POINT('',(1.94370739938639,1.75299663450968,-0.878478123829962));
#12823=CARTESIAN_POINT('',(2.07283620804727,1.27392307787973,-1.07913635281139));
#12824=CARTESIAN_POINT('',(2.05354496739047,0.845363381870531,-1.24545029545983));
#12825=CARTESIAN_POINT('',(1.97537668119028,0.495288662612638,-1.37741995177527));
#12826=CARTESIAN_POINT('',(1.94393914968289,1.75275740684793,-0.877757123692716));
#12827=CARTESIAN_POINT('',(1.41421356237309,1.59663329490528,-1.37741995177527));
#12828=CARTESIAN_POINT('',(1.48451693712611,1.63588981365002,-1.29994940813693));
#12829=CARTESIAN_POINT('',(1.61422596552737,1.76843580323191,-1.11443173795143));
#12830=CARTESIAN_POINT('',(1.67478845329256,1.9158236284954,-0.967591679195406));
#12831=CARTESIAN_POINT('',(1.70037373216251,2.01439162581848,-0.877941636842486));
#12832=CARTESIAN_POINT('',(1.69961957699984,2.01454435858875,-0.877894294054161));
#12833=CARTESIAN_POINT('',(0.,0.182419732532175,-0.877419951775277));
#12834=CARTESIAN_POINT('',(2.5,0.182419732532174,0.622580048224723));
#12835=CARTESIAN_POINT('',(-2.43480674153965,-0.384780524302267,0.622580048224723));
#12836=CARTESIAN_POINT('',(-2.43480674153965,-0.384780524302267,0.622580048224723));
#12837=CARTESIAN_POINT('',(0.,0.182419732532174,0.622580048224723));
#12838=CARTESIAN_POINT('',(-2.49091333603634,-0.0305374283155913,0.622580048224723));
#12839=CARTESIAN_POINT('',(-1.97537668110624,0.495288662698347,0.622580048224723));
#12840=CARTESIAN_POINT('',(2.5,0.182419732532174,0.622580048224723));
#12841=CARTESIAN_POINT('',(-2.30319197798806,1.15468858039858,0.622580048224723));
#12842=CARTESIAN_POINT('',(-2.30319197798806,1.15468858039858,0.622580048224723));
#12843=CARTESIAN_POINT('',(0.,0.182419732532174,0.622580048224723));
#12844=CARTESIAN_POINT('',(0.,0.182419732532174,1.17258004822472));
#12845=CARTESIAN_POINT('',(-2.43480674153965,-0.384780524302269,0.622580048224723));
#12846=CARTESIAN_POINT('',(-2.58329942153843,0.252650390042054,0.989246714891388));
#12847=CARTESIAN_POINT('',(-2.46847104680691,0.947285039400686,1.35591338155805));
#12848=CARTESIAN_POINT('',(-2.1227395057198,1.5030169424552,1.72258004822472));
#12849=CARTESIAN_POINT('',(-2.1227395057198,1.50301694245519,1.72258004822472));
#12850=CARTESIAN_POINT('',(0.,0.182419732532174,1.72258004822472));
#12851=CARTESIAN_POINT('',(-1.91192516379699,1.79317799125378,1.72258004822472));
#12852=CARTESIAN_POINT('',(-1.91192516379699,1.79317799125378,1.72258004822472));
#12853=CARTESIAN_POINT('',(-2.33362068982273,1.29263715385394,1.35591338155805));
#12854=CARTESIAN_POINT('',(-2.54666539037372,0.621582158119455,0.989246714891388));
#12855=CARTESIAN_POINT('',(-2.49091333603633,-0.0305374283155932,0.622580048224723));
#12856=CARTESIAN_POINT('',(0.,0.182419732532174,1.17258004822472));
#12857=CARTESIAN_POINT('',(-2.30319197798806,1.15468858039858,0.622580048224723));
#12858=CARTESIAN_POINT('',(-2.04865258884045,1.75766283021976,0.989246714891388));
#12859=CARTESIAN_POINT('',(-1.54745847962184,2.25213964122067,1.35591338155805));
#12860=CARTESIAN_POINT('',(-0.94110477054705,2.49852029400475,1.72258004822472));
#12861=CARTESIAN_POINT('',(-0.941104770547049,2.49852029400475,1.72258004822472));
#12862=CARTESIAN_POINT('',(0.,0.182419732532174,1.72258004822472));
#12863=CARTESIAN_POINT('',(-0.941104770547049,2.49852029400475,1.72258004822472));
#12864=CARTESIAN_POINT('',(-1.54745847962184,2.25213964122067,1.35591338155805));
#12865=CARTESIAN_POINT('',(-2.04865258884045,1.75766283021976,0.989246714891394));
#12866=CARTESIAN_POINT('',(-2.30319197798806,1.15468858039858,0.622580048224723));
#12867=CARTESIAN_POINT('',(-1.01926001523909,2.26583143639259,1.72258004822472));
#12868=CARTESIAN_POINT('',(-1.56469592384333,1.99898978839484,1.35591338155805));
#12869=CARTESIAN_POINT('',(-1.99692432149648,1.50925557624633,0.989246714891394));
#12870=CARTESIAN_POINT('',(-2.19392021237099,0.934888607767432,0.622580048224723));
#12871=CARTESIAN_POINT('',(-1.09741525993113,2.03314257878043,1.72258004822472));
#12872=CARTESIAN_POINT('',(-1.58193336806482,1.74583993556902,1.35591338155805));
#12873=CARTESIAN_POINT('',(-1.94519605415251,1.26084832227291,0.989246714891394));
#12874=CARTESIAN_POINT('',(-2.08464844675391,0.715088635136291,0.622580048224723));
#12875=CARTESIAN_POINT('',(-1.17557050462317,1.80045372116828,1.72258004822472));
#12876=CARTESIAN_POINT('',(-1.59917081228632,1.49269008274319,1.35591338155805));
#12877=CARTESIAN_POINT('',(-1.89346778680854,1.01244106829949,0.989246714891394));
#12878=CARTESIAN_POINT('',(-1.97537668113684,0.495288662505147,0.622580048224723));
#12879=CARTESIAN_POINT('',(-1.17557050462317,1.80045372116827,1.72258004822472));
#12880=CARTESIAN_POINT('',(-1.17557050458495,1.80045372128206,1.72258004822472));
#12881=CARTESIAN_POINT('',(-1.17557050446492,1.80045372128325,1.72258004822472));
#12882=CARTESIAN_POINT('',(-1.59917081215817,1.4926900828996,1.35591338155805));
#12883=CARTESIAN_POINT('',(-1.89346778672736,1.01244106848468,0.989246714891394));
#12884=CARTESIAN_POINT('',(-1.97537668110624,0.495288662698347,0.622580048224723));
#12885=CARTESIAN_POINT('',(-1.17557050446492,1.80045372128325,1.72258004822472));
#12886=CARTESIAN_POINT('',(-1.59917081215817,1.4926900828996,1.35591338155805));
#12887=CARTESIAN_POINT('',(-1.89346778672736,1.01244106848468,0.989246714891394));
#12888=CARTESIAN_POINT('',(-1.97537668110624,0.495288662698347,0.622580048224723));
#12889=CARTESIAN_POINT('',(-1.42102205757561,1.79802847794009,1.72258004822472));
#12890=CARTESIAN_POINT('',(-1.84398743804635,1.42600577321771,1.35591338155805));
#12891=CARTESIAN_POINT('',(-2.11120032127615,0.882154765029605,0.989246714891394));
#12892=CARTESIAN_POINT('',(-2.1472222327496,0.320013299027034,0.622580048224723));
#12893=CARTESIAN_POINT('',(-1.6664736106863,1.79560323459694,1.72258004822472));
#12894=CARTESIAN_POINT('',(-2.08880406393454,1.35932146353582,1.35591338155805));
#12895=CARTESIAN_POINT('',(-2.32893285582494,0.751868461574531,0.989246714891394));
#12896=CARTESIAN_POINT('',(-2.31906778439297,0.144737935355721,0.622580048224723));
#12897=CARTESIAN_POINT('',(-1.91192516379699,1.79317799125378,1.72258004822472));
#12898=CARTESIAN_POINT('',(-2.33362068982273,1.29263715385394,1.35591338155805));
#12899=CARTESIAN_POINT('',(-2.54666539037372,0.621582158119458,0.989246714891394));
#12900=CARTESIAN_POINT('',(-2.49091333603633,-0.0305374283155924,0.622580048224723));
#12901=CARTESIAN_POINT('',(-1.91192516379699,1.79317799125378,1.72258004822472));
#12902=CARTESIAN_POINT('',(2.5,0.182419732532174,0.622580048224723));
#12903=CARTESIAN_POINT('',(-1.63640808586048,-1.70759840932003,0.622580048224722));
#12904=CARTESIAN_POINT('',(-1.63640808586048,-1.70759840932003,0.622580048224722));
#12905=CARTESIAN_POINT('',(0.,0.182419732532174,0.622580048224723));
#12906=CARTESIAN_POINT('',(-1.8900181418522,-1.45398835332831,0.622580048224722));
#12907=CARTESIAN_POINT('',(-1.78201304835913,-0.725561266828183,0.622580048224723));
#12908=CARTESIAN_POINT('',(0.,0.182419732532174,1.17258004822472));
#12909=CARTESIAN_POINT('',(-1.63640808586048,-1.70759840932003,0.622580048224722));
#12910=CARTESIAN_POINT('',(-2.13121367832667,-1.27918777425218,0.989246714891388));
#12911=CARTESIAN_POINT('',(-2.44661157435677,-0.649722112827454,1.35591338155805));
#12912=CARTESIAN_POINT('',(-2.49355989896973,0.00309034216333317,1.72258004822472));
#12913=CARTESIAN_POINT('',(-2.49355989896973,0.00309034216333104,1.72258004822472));
#12914=CARTESIAN_POINT('',(0.,0.182419732532174,1.72258004822472));
#12915=CARTESIAN_POINT('',(-2.49355989896973,0.361749122901015,1.72258004822472));
#12916=CARTESIAN_POINT('',(-2.49355989896973,0.361749122901015,1.72258004822472));
#12917=CARTESIAN_POINT('',(-2.54050822358269,-0.291063332089769,1.35591338155805));
#12918=CARTESIAN_POINT('',(-2.31842877692005,-0.959182760862116,0.989246714891388));
#12919=CARTESIAN_POINT('',(-1.8900181418522,-1.45398835332831,0.622580048224722));
#12920=CARTESIAN_POINT('',(-2.1227395057198,1.5030169424552,1.72258004822472));
#12921=CARTESIAN_POINT('',(-2.46847104680691,0.947285039400688,1.35591338155805));
#12922=CARTESIAN_POINT('',(-2.58329942153843,0.252650390042054,0.989246714891394));
#12923=CARTESIAN_POINT('',(-2.43480674153965,-0.384780524302268,0.622580048224723));
#12924=CARTESIAN_POINT('',(-2.04919734799798,1.26882920202598,1.72258004822472));
#12925=CARTESIAN_POINT('',(-2.33361868201066,0.73235059084047,1.35591338155805));
#12926=CARTESIAN_POINT('',(-2.39544025371954,0.0820898127229686,0.989246714891394));
#12927=CARTESIAN_POINT('',(-2.21720884378321,-0.498374105202337,0.622580048224723));
#12928=CARTESIAN_POINT('',(-1.97565519027616,1.03464146159676,1.72258004822472));
#12929=CARTESIAN_POINT('',(-2.1987663172144,0.517416142280253,1.35591338155805));
#12930=CARTESIAN_POINT('',(-2.20758108590065,-0.088470764596118,0.989246714891394));
#12931=CARTESIAN_POINT('',(-1.99961094602677,-0.611967686102404,0.622580048224723));
#12932=CARTESIAN_POINT('',(-1.90211303255434,0.800453721167546,1.72258004822472));
#12933=CARTESIAN_POINT('',(-2.06391395241815,0.302481693720034,1.35591338155805));
#12934=CARTESIAN_POINT('',(-2.01972191808176,-0.259031341915203,0.989246714891394));
#12935=CARTESIAN_POINT('',(-1.78201304827033,-0.725561267002471,0.622580048224723));
#12936=CARTESIAN_POINT('',(-1.90211303255434,0.800453721167546,1.72258004822472));
#12937=CARTESIAN_POINT('',(-1.90211303259031,0.800453721282068,1.72258004822472));
#12938=CARTESIAN_POINT('',(-1.9021130324939,0.80045372135358,1.72258004822472));
#12939=CARTESIAN_POINT('',(-2.06391395240641,0.302481693921893,1.35591338155805));
#12940=CARTESIAN_POINT('',(-2.01972191812493,-0.259031341717666,0.989246714891394));
#12941=CARTESIAN_POINT('',(-1.78201304835913,-0.725561266828183,0.622580048224723));
#12942=CARTESIAN_POINT('',(-1.9021130324939,0.80045372135358,1.72258004822472));
#12943=CARTESIAN_POINT('',(-2.06391395240641,0.302481693921893,1.35591338155805));
#12944=CARTESIAN_POINT('',(-2.01972191812493,-0.259031341717666,0.989246714891394));
#12945=CARTESIAN_POINT('',(-1.78201304835913,-0.725561266828183,0.622580048224723));
#12946=CARTESIAN_POINT('',(-2.09926198798584,0.654218855202725,1.72258004822472));
#12947=CARTESIAN_POINT('',(-2.22277870946517,0.104633351918005,1.35591338155805));
#12948=CARTESIAN_POINT('',(-2.11929087105664,-0.49241514809915,0.989246714891394));
#12949=CARTESIAN_POINT('',(-1.81801474619015,-0.968370295661556,0.622580048224722));
#12950=CARTESIAN_POINT('',(-2.29641094347779,0.507983989051869,1.72258004822472));
#12951=CARTESIAN_POINT('',(-2.38164346652393,-0.0932149900858825,1.35591338155805));
#12952=CARTESIAN_POINT('',(-2.21885982398834,-0.725798954480635,0.989246714891394));
#12953=CARTESIAN_POINT('',(-1.85401644402117,-1.21117932449494,0.622580048224722));
#12954=CARTESIAN_POINT('',(-2.49355989896973,0.361749122901014,1.72258004822472));
#12955=CARTESIAN_POINT('',(-2.54050822358269,-0.29106333208977,1.35591338155805));
#12956=CARTESIAN_POINT('',(-2.31842877692005,-0.959182760862116,0.989246714891393));
#12957=CARTESIAN_POINT('',(-1.8900181418522,-1.45398835332831,0.622580048224722));
#12958=CARTESIAN_POINT('',(-2.49355989896973,0.361749122901015,1.72258004822472));
#12959=CARTESIAN_POINT('',(2.5,0.182419732532174,0.622580048224723));
#12960=CARTESIAN_POINT('',(-0.212957160847762,-2.30849360350416,0.622580048224722));
#12961=CARTESIAN_POINT('',(-0.212957160847762,-2.30849360350416,0.622580048224722));
#12962=CARTESIAN_POINT('',(0.,0.182419732532174,0.622580048224723));
#12963=CARTESIAN_POINT('',(-0.56720025683444,-2.25238700900748,0.622580048224722));
#12964=CARTESIAN_POINT('',(-0.907980999534642,-1.59959331573816,0.622580048224722));
#12965=CARTESIAN_POINT('',(0.,0.182419732532174,1.17258004822472));
#12966=CARTESIAN_POINT('',(-0.212957160847762,-2.30849360350416,0.622580048224722));
#12967=CARTESIAN_POINT('',(-0.86507674728281,-2.25274154916677,0.989246714891388));
#12968=CARTESIAN_POINT('',(-1.49022963777124,-1.92887936358928,1.35591338155805));
#12969=CARTESIAN_POINT('',(-1.91192516379698,-1.42833852618944,1.72258004822472));
#12970=CARTESIAN_POINT('',(-1.91192516379698,-1.42833852618944,1.72258004822472));
#12971=CARTESIAN_POINT('',(0.,0.182419732532174,1.72258004822472));
#12972=CARTESIAN_POINT('',(-2.12273950571979,-1.13817747739086,1.72258004822472));
#12973=CARTESIAN_POINT('',(-2.12273950571979,-1.13817747739085,1.72258004822472));
#12974=CARTESIAN_POINT('',(-1.77700796463268,-1.69390938044536,1.35591338155805));
#12975=CARTESIAN_POINT('',(-1.20463117117876,-2.1038943290087,0.989246714891388));
#12976=CARTESIAN_POINT('',(-0.567200256834439,-2.25238700900748,0.622580048224722));
#12977=CARTESIAN_POINT('',(-2.49355989896973,0.00309034216333215,1.72258004822472));
#12978=CARTESIAN_POINT('',(-2.44661157435678,-0.649722112827453,1.35591338155805));
#12979=CARTESIAN_POINT('',(-2.13121367832667,-1.27918777425218,0.989246714891393));
#12980=CARTESIAN_POINT('',(-1.63640808586048,-1.70759840932003,0.622580048224722));
#12981=CARTESIAN_POINT('',(-2.29641094347779,-0.143144523987523,1.72258004822472));
#12982=CARTESIAN_POINT('',(-2.21117842043165,-0.744343503125274,1.35591338155805));
#12983=CARTESIAN_POINT('',(-1.8789794270414,-1.30675333152184,0.989246714891393));
#12984=CARTESIAN_POINT('',(-1.39359905702711,-1.67159671148901,0.622580048224722));
#12985=CARTESIAN_POINT('',(-2.09926198798584,-0.289379390138378,1.72258004822472));
#12986=CARTESIAN_POINT('',(-1.97574526650652,-0.838964893423096,1.35591338155805));
#12987=CARTESIAN_POINT('',(-1.62674517575614,-1.3343188887915,0.989246714891393));
#12988=CARTESIAN_POINT('',(-1.15079002819373,-1.63559501365798,0.622580048224722));
#12989=CARTESIAN_POINT('',(-1.9021130324939,-0.435614256289234,1.72258004822472));
#12990=CARTESIAN_POINT('',(-1.74031211258139,-0.933586283720916,1.35591338155805));
#12991=CARTESIAN_POINT('',(-1.37451092447087,-1.36188444606116,0.989246714891393));
#12992=CARTESIAN_POINT('',(-0.907980999360353,-1.59959331582696,0.622580048224722));
#12993=CARTESIAN_POINT('',(-1.9021130324939,-0.435614256289235,1.72258004822472));
#12994=CARTESIAN_POINT('',(-1.90211303259031,-0.435614256217722,1.72258004822472));
#12995=CARTESIAN_POINT('',(-1.90211303255434,-0.435614256103198,1.72258004822472));
#12996=CARTESIAN_POINT('',(-1.74031211269054,-0.933586283550706,1.35591338155805));
#12997=CARTESIAN_POINT('',(-1.37451092462191,-1.36188444592673,0.989246714891393));
#12998=CARTESIAN_POINT('',(-0.907980999534642,-1.59959331573816,0.622580048224722));
#12999=CARTESIAN_POINT('',(-1.90211303255434,-0.435614256103198,1.72258004822472));
#13000=CARTESIAN_POINT('',(-1.74031211269054,-0.933586283550706,1.35591338155805));
#13001=CARTESIAN_POINT('',(-1.37451092462191,-1.36188444592673,0.989246714891393));
#13002=CARTESIAN_POINT('',(-0.907980999534642,-1.59959331573816,0.622580048224722));
#13003=CARTESIAN_POINT('',(-1.97565519027616,-0.669801996532416,1.72258004822472));
#13004=CARTESIAN_POINT('',(-1.75254406333792,-1.18702731584893,1.35591338155805));
#13005=CARTESIAN_POINT('',(-1.31788434014086,-1.60922107362072,0.989246714891393));
#13006=CARTESIAN_POINT('',(-0.794387418634574,-1.8171912134946,0.622580048224722));
#13007=CARTESIAN_POINT('',(-2.04919734799798,-0.903989736961636,1.72258004822472));
#13008=CARTESIAN_POINT('',(-1.7647760139853,-1.44046834814715,1.35591338155805));
#13009=CARTESIAN_POINT('',(-1.26125775565981,-1.85655770131471,0.989246714891393));
#13010=CARTESIAN_POINT('',(-0.680793837734507,-2.03478911125104,0.622580048224722));
#13011=CARTESIAN_POINT('',(-2.1227395057198,-1.13817747739086,1.72258004822472));
#13012=CARTESIAN_POINT('',(-1.77700796463268,-1.69390938044537,1.35591338155805));
#13013=CARTESIAN_POINT('',(-1.20463117117876,-2.10389432900871,0.989246714891393));
#13014=CARTESIAN_POINT('',(-0.567200256834439,-2.25238700900748,0.622580048224722));
#13015=CARTESIAN_POINT('',(-2.12273950571979,-1.13817747739086,1.72258004822472));
#13016=CARTESIAN_POINT('',(2.5,0.182419732532174,0.622580048224723));
#13017=CARTESIAN_POINT('',(1.29183616146112,-1.95794456635281,0.622580048224722));
#13018=CARTESIAN_POINT('',(1.29183616146112,-1.95794456635281,0.622580048224722));
#13019=CARTESIAN_POINT('',(0.,0.182419732532174,0.622580048224723));
#13020=CARTESIAN_POINT('',(0.972268847866403,-2.12077224545589,0.622580048224722));
#13021=CARTESIAN_POINT('',(0.312868929972977,-1.79295694860467,0.622580048224722));
#13022=CARTESIAN_POINT('',(0.,0.182419732532174,1.17258004822472));
#13023=CARTESIAN_POINT('',(1.29183616146112,-1.95794456635281,0.622580048224722));
#13024=CARTESIAN_POINT('',(0.731490098345876,-2.29614648256013,0.989246714891388));
#13025=CARTESIAN_POINT('',(0.0353693694004561,-2.40159212004964,1.35591338155805));
#13026=CARTESIAN_POINT('',(-0.600000000000001,-2.24451248737015,1.72258004822472));
#13027=CARTESIAN_POINT('',(-0.599999999999999,-2.24451248737015,1.72258004822472));
#13028=CARTESIAN_POINT('',(0.,0.182419732532174,1.72258004822472));
#13029=CARTESIAN_POINT('',(-0.941104770547048,-2.13368082894041,1.72258004822472));
#13030=CARTESIAN_POINT('',(-0.941104770547047,-2.1336808289404,1.72258004822472));
#13031=CARTESIAN_POINT('',(-0.33475106147226,-2.38006148172448,1.35591338155805));
#13032=CARTESIAN_POINT('',(0.369294598045217,-2.37531163460349,0.989246714891388));
#13033=CARTESIAN_POINT('',(0.972268847866402,-2.12077224545588,0.622580048224722));
#13034=CARTESIAN_POINT('',(-1.91192516379698,-1.42833852618944,1.72258004822472));
#13035=CARTESIAN_POINT('',(-1.49022963777124,-1.92887936358928,1.35591338155805));
#13036=CARTESIAN_POINT('',(-0.865076747282811,-2.25274154916678,0.989246714891393));
#13037=CARTESIAN_POINT('',(-0.212957160847761,-2.30849360350416,0.622580048224722));
#13038=CARTESIAN_POINT('',(-1.66647361068629,-1.4307637695326,1.72258004822472));
#13039=CARTESIAN_POINT('',(-1.24414315743805,-1.86704554059371,1.35591338155805));
#13040=CARTESIAN_POINT('',(-0.644812323395258,-2.12678298042883,0.989246714891393));
#13041=CARTESIAN_POINT('',(-0.0376817971764484,-2.1366480518608,0.622580048224722));
#13042=CARTESIAN_POINT('',(-1.4210220575756,-1.43318901287575,1.72258004822472));
#13043=CARTESIAN_POINT('',(-0.998056677104858,-1.80521171759814,1.35591338155805));
#13044=CARTESIAN_POINT('',(-0.424547899507706,-2.00082441169089,0.989246714891393));
#13045=CARTESIAN_POINT('',(0.137593566494864,-1.96480250021743,0.622580048224722));
#13046=CARTESIAN_POINT('',(-1.17557050446491,-1.43561425621891,1.72258004822472));
#13047=CARTESIAN_POINT('',(-0.751970196771665,-1.74337789460256,1.35591338155805));
#13048=CARTESIAN_POINT('',(-0.204283475620152,-1.87486584295295,0.989246714891393));
#13049=CARTESIAN_POINT('',(0.312868930166177,-1.79295694857407,0.622580048224722));
#13050=CARTESIAN_POINT('',(-1.17557050446491,-1.43561425621891,1.72258004822472));
#13051=CARTESIAN_POINT('',(-1.17557050458495,-1.43561425621773,1.72258004822472));
#13052=CARTESIAN_POINT('',(-1.17557050462317,-1.43561425610394,1.72258004822472));
#13053=CARTESIAN_POINT('',(-0.751970196960016,-1.74337789452902,1.35591338155805));
#13054=CARTESIAN_POINT('',(-0.204283475821364,-1.87486584293297,0.989246714891393));
#13055=CARTESIAN_POINT('',(0.312868929972977,-1.79295694860467,0.622580048224722));
#13056=CARTESIAN_POINT('',(-1.17557050462317,-1.43561425610394,1.72258004822472));
#13057=CARTESIAN_POINT('',(-0.751970196960016,-1.74337789452902,1.35591338155805));
#13058=CARTESIAN_POINT('',(-0.204283475821364,-1.87486584293297,0.989246714891393));
#13059=CARTESIAN_POINT('',(0.312868929972977,-1.79295694860467,0.622580048224722));
#13060=CARTESIAN_POINT('',(-1.09741525993113,-1.66830311371609,1.72258004822472));
#13061=CARTESIAN_POINT('',(-0.612897151797431,-1.95560575692751,1.35591338155805));
#13062=CARTESIAN_POINT('',(-0.013090784532503,-2.04168110682314,0.989246714891393));
#13063=CARTESIAN_POINT('',(0.532668902604119,-1.90222871422174,0.622580048224722));
#13064=CARTESIAN_POINT('',(-1.01926001523909,-1.90099197132825,1.72258004822472));
#13065=CARTESIAN_POINT('',(-0.473824106634845,-2.167833619326,1.35591338155805));
#13066=CARTESIAN_POINT('',(0.178101906756357,-2.20849637071332,0.989246714891393));
#13067=CARTESIAN_POINT('',(0.752468875235262,-2.01150047983881,0.622580048224722));
#13068=CARTESIAN_POINT('',(-0.941104770547048,-2.13368082894041,1.72258004822472));
#13069=CARTESIAN_POINT('',(-0.33475106147226,-2.38006148172448,1.35591338155805));
#13070=CARTESIAN_POINT('',(0.369294598045218,-2.3753116346035,0.989246714891392));
#13071=CARTESIAN_POINT('',(0.972268847866404,-2.12077224545589,0.622580048224722));
#13072=CARTESIAN_POINT('',(-0.941104770547048,-2.13368082894041,1.72258004822472));
#13073=CARTESIAN_POINT('',(2.5,0.182419732532174,0.622580048224723));
#13074=CARTESIAN_POINT('',(2.30319197798806,-0.789849115334227,0.622580048224723));
#13075=CARTESIAN_POINT('',(2.30319197798806,-0.789849115334227,0.622580048224723));
#13076=CARTESIAN_POINT('',(0.,0.182419732532174,0.622580048224723));
#13077=CARTESIAN_POINT('',(2.14036429888498,-1.10941642892895,0.622580048224722));
#13078=CARTESIAN_POINT('',(1.41421356225473,-1.23179382986087,0.622580048224722));
#13079=CARTESIAN_POINT('',(0.,0.182419732532174,1.17258004822472));
#13080=CARTESIAN_POINT('',(2.30319197798806,-0.789849115334224,0.622580048224723));
#13081=CARTESIAN_POINT('',(2.04865258884045,-1.39282336515541,0.989246714891388));
#13082=CARTESIAN_POINT('',(1.54745847962184,-1.88730017615633,1.35591338155805));
#13083=CARTESIAN_POINT('',(0.941104770547046,-2.1336808289404,1.72258004822472));
#13084=CARTESIAN_POINT('',(0.941104770547049,-2.13368082894041,1.72258004822472));
#13085=CARTESIAN_POINT('',(0.,0.182419732532174,1.72258004822472));
#13086=CARTESIAN_POINT('',(0.600000000000001,-2.24451248737015,1.72258004822472));
#13087=CARTESIAN_POINT('',(0.6,-2.24451248737015,1.72258004822472));
#13088=CARTESIAN_POINT('',(1.23536936940046,-2.08743285469066,1.35591338155805));
#13089=CARTESIAN_POINT('',(1.80216238267765,-1.66976249204419,0.989246714891388));
#13090=CARTESIAN_POINT('',(2.14036429888498,-1.10941642892895,0.622580048224722));
#13091=CARTESIAN_POINT('',(-0.6,-2.24451248737015,1.72258004822472));
#13092=CARTESIAN_POINT('',(0.0353693694004587,-2.40159212004964,1.35591338155805));
#13093=CARTESIAN_POINT('',(0.731490098345881,-2.29614648256013,0.989246714891392));
#13094=CARTESIAN_POINT('',(1.29183616146112,-1.95794456635281,0.622580048224722));
#13095=CARTESIAN_POINT('',(-0.399999999967398,-2.10220174737951,1.72258004822472));
#13096=CARTESIAN_POINT('',(0.198112504826268,-2.20692150249064,1.35591338155805));
#13097=CARTESIAN_POINT('',(0.835651171423088,-2.06477567989819,0.989246714891393));
#13098=CARTESIAN_POINT('',(1.33262862843843,-1.71589432080939,0.622580048224722));
#13099=CARTESIAN_POINT('',(-0.199999999934796,-1.95989100738887,1.72258004822472));
#13100=CARTESIAN_POINT('',(0.360855640252076,-2.01225088493163,1.35591338155805));
#13101=CARTESIAN_POINT('',(0.939812244500296,-1.83340487723625,0.989246714891393));
#13102=CARTESIAN_POINT('',(1.37342109541574,-1.47384407526597,0.622580048224722));
#13103=CARTESIAN_POINT('',(9.78053749101093E-11,-1.81758026739824,1.72258004822472));
#13104=CARTESIAN_POINT('',(0.523598775677885,-1.81758026737263,1.35591338155805));
#13105=CARTESIAN_POINT('',(1.0439733175775,-1.60203407457431,0.989246714891393));
#13106=CARTESIAN_POINT('',(1.41421356239305,-1.23179382972256,0.622580048224722));
#13107=CARTESIAN_POINT('',(9.78059300216216E-11,-1.81758026739824,1.72258004822472));
#13108=CARTESIAN_POINT('',(9.71445146547012E-16,-1.81758026746783,1.72258004822472));
#13109=CARTESIAN_POINT('',(-9.78035707976943E-11,-1.81758026739824,1.72258004822472));
#13110=CARTESIAN_POINT('',(0.523598775482276,-1.81758026742384,1.35591338155805));
#13111=CARTESIAN_POINT('',(1.04397331740298,-1.60203407467641,0.989246714891393));
#13112=CARTESIAN_POINT('',(1.41421356225473,-1.23179382986087,0.622580048224722));
#13113=CARTESIAN_POINT('',(-9.78035707976943E-11,-1.81758026739824,1.72258004822472));
#13114=CARTESIAN_POINT('',(0.523598775482276,-1.81758026742384,1.35591338155805));
#13115=CARTESIAN_POINT('',(1.04397331740298,-1.60203407467641,0.989246714891393));
#13116=CARTESIAN_POINT('',(1.41421356225473,-1.23179382986087,0.622580048224722));
#13117=CARTESIAN_POINT('',(0.199999999934798,-1.95989100738887,1.72258004822472));
#13118=CARTESIAN_POINT('',(0.76085564012167,-1.90753112984611,1.35591338155805));
#13119=CARTESIAN_POINT('',(1.29670300582787,-1.62461021379901,0.989246714891393));
#13120=CARTESIAN_POINT('',(1.65626380779815,-1.19100136288357,0.622580048224722));
#13121=CARTESIAN_POINT('',(0.399999999967399,-2.10220174737951,1.72258004822472));
#13122=CARTESIAN_POINT('',(0.998112504761065,-1.99748199226839,1.35591338155805));
#13123=CARTESIAN_POINT('',(1.54943269425276,-1.6471863529216,0.989246714891393));
#13124=CARTESIAN_POINT('',(1.89831405334156,-1.15020889590626,0.622580048224722));
#13125=CARTESIAN_POINT('',(0.6,-2.24451248737015,1.72258004822472));
#13126=CARTESIAN_POINT('',(1.23536936940046,-2.08743285469066,1.35591338155805));
#13127=CARTESIAN_POINT('',(1.80216238267766,-1.6697624920442,0.989246714891393));
#13128=CARTESIAN_POINT('',(2.14036429888498,-1.10941642892895,0.622580048224722));
#13129=CARTESIAN_POINT('',(0.600000000000001,-2.24451248737015,1.72258004822472));
#13130=CARTESIAN_POINT('',(2.5,0.182419732532174,0.622580048224723));
#13131=CARTESIAN_POINT('',(2.43480674153965,0.749619989366616,0.622580048224723));
#13132=CARTESIAN_POINT('',(2.43480674153965,0.749619989366616,0.622580048224723));
#13133=CARTESIAN_POINT('',(0.,0.182419732532174,0.622580048224723));
#13134=CARTESIAN_POINT('',(2.49091333603634,0.39537689337994,0.622580048224723));
#13135=CARTESIAN_POINT('',(1.97537668110624,-0.130449197633998,0.622580048224723));
#13136=CARTESIAN_POINT('',(0.,0.182419732532174,1.17258004822472));
#13137=CARTESIAN_POINT('',(2.43480674153965,0.749619989366618,0.622580048224723));
#13138=CARTESIAN_POINT('',(2.58329942153843,0.112189075022292,0.989246714891388));
#13139=CARTESIAN_POINT('',(2.46847104680691,-0.582445574336343,1.35591338155805));
#13140=CARTESIAN_POINT('',(2.12273950571979,-1.13817747739086,1.72258004822472));
#13141=CARTESIAN_POINT('',(2.1227395057198,-1.13817747739085,1.72258004822472));
#13142=CARTESIAN_POINT('',(0.,0.182419732532174,1.72258004822472));
#13143=CARTESIAN_POINT('',(1.91192516379699,-1.42833852618944,1.72258004822472));
#13144=CARTESIAN_POINT('',(1.91192516379698,-1.42833852618944,1.72258004822472));
#13145=CARTESIAN_POINT('',(2.33362068982273,-0.927797688789596,1.35591338155805));
#13146=CARTESIAN_POINT('',(2.54666539037372,-0.256742693055111,0.989246714891388));
#13147=CARTESIAN_POINT('',(2.49091333603633,0.395376893379939,0.622580048224723));
#13148=CARTESIAN_POINT('',(0.941104770547049,-2.13368082894041,1.72258004822472));
#13149=CARTESIAN_POINT('',(1.54745847962184,-1.88730017615633,1.35591338155805));
#13150=CARTESIAN_POINT('',(2.04865258884045,-1.39282336515542,0.989246714891393));
#13151=CARTESIAN_POINT('',(2.30319197798806,-0.789849115334225,0.622580048224723));
#13152=CARTESIAN_POINT('',(1.01926001523909,-1.90099197132825,1.72258004822472));
#13153=CARTESIAN_POINT('',(1.56469592384333,-1.6341503233305,1.35591338155805));
#13154=CARTESIAN_POINT('',(1.99692432149648,-1.14441611118199,0.989246714891393));
#13155=CARTESIAN_POINT('',(2.19392021237099,-0.570049142703083,0.622580048224723));
#13156=CARTESIAN_POINT('',(1.09741525993113,-1.66830311371609,1.72258004822472));
#13157=CARTESIAN_POINT('',(1.58193336806482,-1.38100047050468,1.35591338155805));
#13158=CARTESIAN_POINT('',(1.94519605415251,-0.896008857208566,0.989246714891393));
#13159=CARTESIAN_POINT('',(2.08464844675391,-0.35024917007194,0.622580048224723));
#13160=CARTESIAN_POINT('',(1.17557050462317,-1.43561425610393,1.72258004822472));
#13161=CARTESIAN_POINT('',(1.59917081228632,-1.12785061767885,1.35591338155805));
#13162=CARTESIAN_POINT('',(1.89346778680854,-0.647601603235138,0.989246714891394));
#13163=CARTESIAN_POINT('',(1.97537668113684,-0.130449197440797,0.622580048224723));
#13164=CARTESIAN_POINT('',(1.17557050462317,-1.43561425610393,1.72258004822472));
#13165=CARTESIAN_POINT('',(1.17557050458495,-1.43561425621772,1.72258004822472));
#13166=CARTESIAN_POINT('',(1.17557050446492,-1.43561425621891,1.72258004822472));
#13167=CARTESIAN_POINT('',(1.59917081215817,-1.12785061783526,1.35591338155805));
#13168=CARTESIAN_POINT('',(1.89346778672736,-0.647601603420329,0.989246714891394));
#13169=CARTESIAN_POINT('',(1.97537668110624,-0.130449197633998,0.622580048224723));
#13170=CARTESIAN_POINT('',(1.17557050446492,-1.43561425621891,1.72258004822472));
#13171=CARTESIAN_POINT('',(1.59917081215817,-1.12785061783526,1.35591338155805));
#13172=CARTESIAN_POINT('',(1.89346778672736,-0.647601603420329,0.989246714891394));
#13173=CARTESIAN_POINT('',(1.97537668110624,-0.130449197633998,0.622580048224723));
#13174=CARTESIAN_POINT('',(1.42102205757561,-1.43318901287575,1.72258004822472));
#13175=CARTESIAN_POINT('',(1.84398743804635,-1.06116630815337,1.35591338155805));
#13176=CARTESIAN_POINT('',(2.11120032127615,-0.517315299965255,0.989246714891394));
#13177=CARTESIAN_POINT('',(2.14722223274961,0.0448261660373139,0.622580048224723));
#13178=CARTESIAN_POINT('',(1.6664736106863,-1.4307637695326,1.72258004822472));
#13179=CARTESIAN_POINT('',(2.08880406393454,-0.994481998471486,1.35591338155805));
#13180=CARTESIAN_POINT('',(2.32893285582494,-0.387028996510185,0.989246714891394));
#13181=CARTESIAN_POINT('',(2.31906778439297,0.220101529708626,0.622580048224723));
#13182=CARTESIAN_POINT('',(1.91192516379699,-1.42833852618944,1.72258004822472));
#13183=CARTESIAN_POINT('',(2.33362068982273,-0.927797688789596,1.35591338155805));
#13184=CARTESIAN_POINT('',(2.54666539037373,-0.256742693055111,0.989246714891394));
#13185=CARTESIAN_POINT('',(2.49091333603634,0.39537689337994,0.622580048224723));
#13186=CARTESIAN_POINT('',(1.91192516379699,-1.42833852618944,1.72258004822472));
#13187=CARTESIAN_POINT('',(2.5,0.182419732532174,0.622580048224723));
#13188=CARTESIAN_POINT('',(1.63640808586048,2.07243787438437,0.622580048224723));
#13189=CARTESIAN_POINT('',(1.63640808586048,2.07243787438437,0.622580048224723));
#13190=CARTESIAN_POINT('',(0.,0.182419732532174,0.622580048224723));
#13191=CARTESIAN_POINT('',(1.8900181418522,1.81882781839265,0.622580048224723));
#13192=CARTESIAN_POINT('',(1.78201304835913,1.09040073189253,0.622580048224723));
#13193=CARTESIAN_POINT('',(0.,0.182419732532174,1.17258004822472));
#13194=CARTESIAN_POINT('',(1.63640808586048,2.07243787438437,0.622580048224723));
#13195=CARTESIAN_POINT('',(2.13121367832667,1.64402723931652,0.989246714891389));
#13196=CARTESIAN_POINT('',(2.44661157435677,1.0145615778918,1.35591338155805));
#13197=CARTESIAN_POINT('',(2.49355989896973,0.361749122901016,1.72258004822472));
#13198=CARTESIAN_POINT('',(2.49355989896973,0.361749122901016,1.72258004822472));
#13199=CARTESIAN_POINT('',(0.,0.182419732532174,1.72258004822472));
#13200=CARTESIAN_POINT('',(2.49355989896973,0.00309034216333326,1.72258004822472));
#13201=CARTESIAN_POINT('',(2.49355989896973,0.00309034216333168,1.72258004822472));
#13202=CARTESIAN_POINT('',(2.54050822358269,0.655902797154114,1.35591338155805));
#13203=CARTESIAN_POINT('',(2.31842877692005,1.32402222592646,0.989246714891388));
#13204=CARTESIAN_POINT('',(1.8900181418522,1.81882781839265,0.622580048224723));
#13205=CARTESIAN_POINT('',(2.1227395057198,-1.13817747739086,1.72258004822472));
#13206=CARTESIAN_POINT('',(2.46847104680691,-0.58244557433634,1.35591338155805));
#13207=CARTESIAN_POINT('',(2.58329942153843,0.112189075022293,0.989246714891394));
#13208=CARTESIAN_POINT('',(2.43480674153965,0.749619989366617,0.622580048224723));
#13209=CARTESIAN_POINT('',(2.04919734799798,-0.903989736961636,1.72258004822472));
#13210=CARTESIAN_POINT('',(2.33361868201066,-0.367511125776122,1.35591338155805));
#13211=CARTESIAN_POINT('',(2.39544025371954,0.28274965234138,0.989246714891394));
#13212=CARTESIAN_POINT('',(2.21720884378321,0.863213570266684,0.622580048224723));
#13213=CARTESIAN_POINT('',(1.97565519027616,-0.669801996532415,1.72258004822472));
#13214=CARTESIAN_POINT('',(2.1987663172144,-0.152576677215904,1.35591338155805));
#13215=CARTESIAN_POINT('',(2.20758108590065,0.453310229660466,0.989246714891394));
#13216=CARTESIAN_POINT('',(1.99961094602677,0.976807151166752,0.622580048224723));
#13217=CARTESIAN_POINT('',(1.90211303255434,-0.435614256103197,1.72258004822472));
#13218=CARTESIAN_POINT('',(2.06391395241815,0.0623577713443146,1.35591338155805));
#13219=CARTESIAN_POINT('',(2.01972191808176,0.623870806979552,0.989246714891394));
#13220=CARTESIAN_POINT('',(1.78201304827033,1.09040073206682,0.622580048224723));
#13221=CARTESIAN_POINT('',(1.90211303255434,-0.435614256103197,1.72258004822472));
#13222=CARTESIAN_POINT('',(1.90211303259031,-0.43561425621772,1.72258004822472));
#13223=CARTESIAN_POINT('',(1.9021130324939,-0.435614256289232,1.72258004822472));
#13224=CARTESIAN_POINT('',(2.06391395240641,0.0623577711424539,1.35591338155805));
#13225=CARTESIAN_POINT('',(2.01972191812493,0.623870806782014,0.989246714891394));
#13226=CARTESIAN_POINT('',(1.78201304835913,1.09040073189253,0.622580048224723));
#13227=CARTESIAN_POINT('',(1.9021130324939,-0.435614256289232,1.72258004822472));
#13228=CARTESIAN_POINT('',(2.06391395240641,0.0623577711424539,1.35591338155805));
#13229=CARTESIAN_POINT('',(2.01972191812493,0.623870806782014,0.989246714891394));
#13230=CARTESIAN_POINT('',(1.78201304835913,1.09040073189253,0.622580048224723));
#13231=CARTESIAN_POINT('',(2.09926198798584,-0.289379390138377,1.72258004822472));
#13232=CARTESIAN_POINT('',(2.22277870946517,0.260206113146343,1.35591338155805));
#13233=CARTESIAN_POINT('',(2.11929087105664,0.857254613163499,0.989246714891394));
#13234=CARTESIAN_POINT('',(1.81801474619015,1.3332097607259,0.622580048224723));
#13235=CARTESIAN_POINT('',(2.29641094347779,-0.143144523987522,1.72258004822472));
#13236=CARTESIAN_POINT('',(2.38164346652393,0.45805445515023,1.35591338155805));
#13237=CARTESIAN_POINT('',(2.21885982398834,1.09063841954498,0.989246714891394));
#13238=CARTESIAN_POINT('',(1.85401644402117,1.57601878955928,0.622580048224723));
#13239=CARTESIAN_POINT('',(2.49355989896973,0.00309034216333326,1.72258004822472));
#13240=CARTESIAN_POINT('',(2.54050822358269,0.655902797154119,1.35591338155805));
#13241=CARTESIAN_POINT('',(2.31842877692005,1.32402222592646,0.989246714891394));
#13242=CARTESIAN_POINT('',(1.8900181418522,1.81882781839265,0.622580048224723));
#13243=CARTESIAN_POINT('',(2.49355989896973,0.00309034216333326,1.72258004822472));
#13244=CARTESIAN_POINT('',(2.5,0.182419732532174,0.622580048224723));
#13245=CARTESIAN_POINT('',(0.212957160847763,2.6733330685685,0.622580048224724));
#13246=CARTESIAN_POINT('',(0.212957160847763,2.6733330685685,0.622580048224724));
#13247=CARTESIAN_POINT('',(0.,0.182419732532174,0.622580048224723));
#13248=CARTESIAN_POINT('',(0.56720025683444,2.61722647407182,0.622580048224724));
#13249=CARTESIAN_POINT('',(0.907980999534642,1.9644327808025,0.622580048224723));
#13250=CARTESIAN_POINT('',(0.,0.182419732532174,1.17258004822472));
#13251=CARTESIAN_POINT('',(0.212957160847762,2.67333306856851,0.622580048224724));
#13252=CARTESIAN_POINT('',(0.865076747282814,2.61758101423112,0.989246714891389));
#13253=CARTESIAN_POINT('',(1.49022963777125,2.29371882865362,1.35591338155805));
#13254=CARTESIAN_POINT('',(1.91192516379699,1.79317799125378,1.72258004822472));
#13255=CARTESIAN_POINT('',(1.91192516379698,1.79317799125378,1.72258004822472));
#13256=CARTESIAN_POINT('',(0.,0.182419732532174,1.72258004822472));
#13257=CARTESIAN_POINT('',(2.12273950571979,1.5030169424552,1.72258004822472));
#13258=CARTESIAN_POINT('',(2.1227395057198,1.5030169424552,1.72258004822472));
#13259=CARTESIAN_POINT('',(1.77700796463268,2.05874884550971,1.35591338155805));
#13260=CARTESIAN_POINT('',(1.20463117117876,2.46873379407305,0.989246714891389));
#13261=CARTESIAN_POINT('',(0.56720025683444,2.61722647407183,0.622580048224724));
#13262=CARTESIAN_POINT('',(2.49355989896973,0.361749122901016,1.72258004822472));
#13263=CARTESIAN_POINT('',(2.44661157435677,1.0145615778918,1.35591338155805));
#13264=CARTESIAN_POINT('',(2.13121367832667,1.64402723931652,0.989246714891394));
#13265=CARTESIAN_POINT('',(1.63640808586048,2.07243787438437,0.622580048224723));
#13266=CARTESIAN_POINT('',(2.29641094347779,0.507983989051871,1.72258004822472));
#13267=CARTESIAN_POINT('',(2.21117842043164,1.10918296818962,1.35591338155805));
#13268=CARTESIAN_POINT('',(1.87897942704141,1.67159279658618,0.989246714891394));
#13269=CARTESIAN_POINT('',(1.39359905702711,2.03643617655335,0.622580048224723));
#13270=CARTESIAN_POINT('',(2.09926198798584,0.654218855202726,1.72258004822472));
#13271=CARTESIAN_POINT('',(1.97574526650652,1.20380435848744,1.35591338155805));
#13272=CARTESIAN_POINT('',(1.62674517575614,1.69915835385584,0.989246714891394));
#13273=CARTESIAN_POINT('',(1.15079002819373,2.00043447872232,0.622580048224723));
#13274=CARTESIAN_POINT('',(1.9021130324939,0.800453721353582,1.72258004822472));
#13275=CARTESIAN_POINT('',(1.74031211258139,1.29842574878526,1.35591338155805));
#13276=CARTESIAN_POINT('',(1.37451092447087,1.7267239111255,0.989246714891394));
#13277=CARTESIAN_POINT('',(0.907980999360353,1.9644327808913,0.622580048224723));
#13278=CARTESIAN_POINT('',(1.9021130324939,0.800453721353582,1.72258004822472));
#13279=CARTESIAN_POINT('',(1.90211303259031,0.800453721282071,1.72258004822472));
#13280=CARTESIAN_POINT('',(1.90211303255434,0.800453721167547,1.72258004822472));
#13281=CARTESIAN_POINT('',(1.74031211269054,1.29842574861505,1.35591338155805));
#13282=CARTESIAN_POINT('',(1.37451092462191,1.72672391099107,0.989246714891394));
#13283=CARTESIAN_POINT('',(0.907980999534642,1.9644327808025,0.622580048224723));
#13284=CARTESIAN_POINT('',(1.90211303255434,0.800453721167547,1.72258004822472));
#13285=CARTESIAN_POINT('',(1.74031211269054,1.29842574861505,1.35591338155805));
#13286=CARTESIAN_POINT('',(1.37451092462191,1.72672391099107,0.989246714891394));
#13287=CARTESIAN_POINT('',(0.907980999534642,1.9644327808025,0.622580048224723));
#13288=CARTESIAN_POINT('',(1.97565519027616,1.03464146159676,1.72258004822472));
#13289=CARTESIAN_POINT('',(1.75254406333792,1.55186678091327,1.35591338155805));
#13290=CARTESIAN_POINT('',(1.31788434014086,1.97406053868506,0.989246714891394));
#13291=CARTESIAN_POINT('',(0.794387418634575,2.18203067855894,0.622580048224724));
#13292=CARTESIAN_POINT('',(2.04919734799798,1.26882920202598,1.72258004822472));
#13293=CARTESIAN_POINT('',(1.7647760139853,1.80530781321149,1.35591338155805));
#13294=CARTESIAN_POINT('',(1.26125775565981,2.22139716637905,0.989246714891395));
#13295=CARTESIAN_POINT('',(0.680793837734507,2.39962857631538,0.622580048224724));
#13296=CARTESIAN_POINT('',(2.1227395057198,1.5030169424552,1.72258004822472));
#13297=CARTESIAN_POINT('',(1.77700796463268,2.05874884550971,1.35591338155805));
#13298=CARTESIAN_POINT('',(1.20463117117876,2.46873379407305,0.989246714891395));
#13299=CARTESIAN_POINT('',(0.567200256834439,2.61722647407182,0.622580048224724));
#13300=CARTESIAN_POINT('',(2.12273950571979,1.5030169424552,1.72258004822472));
#13301=CARTESIAN_POINT('',(2.,0.182419732532174,0.0225800482247229));
#13302=CARTESIAN_POINT('',(-0.941104770547049,2.49852029400475,0.022580048224724));
#13303=CARTESIAN_POINT('',(-0.941104770547049,2.49852029400475,0.022580048224724));
#13304=CARTESIAN_POINT('',(0.,2.18241973253217,0.0225800482247238));
#13305=CARTESIAN_POINT('',(-0.600000000000001,2.60935195243449,0.022580048224724));
#13306=CARTESIAN_POINT('',(0.,0.182419732532174,0.0225800482247229));
#13307=CARTESIAN_POINT('',(2.5,0.182419732532174,0.622580048224723));
#13308=CARTESIAN_POINT('',(-0.312868929972977,2.15779641366901,0.622580048224724));
#13309=CARTESIAN_POINT('',(-0.972268847866403,2.48561171052023,0.622580048224724));
#13310=CARTESIAN_POINT('',(0.,0.182419732532174,0.622580048224723));
#13311=CARTESIAN_POINT('',(0.,0.182419732532174,1.17258004822472));
#13312=CARTESIAN_POINT('',(0.941104770547049,2.49852029400475,1.72258004822472));
#13313=CARTESIAN_POINT('',(0.334751061472261,2.74490094678883,1.35591338155805));
#13314=CARTESIAN_POINT('',(-0.369294598045218,2.74015109966784,0.989246714891389));
#13315=CARTESIAN_POINT('',(-0.972268847866404,2.48561171052023,0.622580048224724));
#13316=CARTESIAN_POINT('',(0.941104770547048,2.49852029400475,1.72258004822472));
#13317=CARTESIAN_POINT('',(0.,0.182419732532174,1.72258004822472));
#13318=CARTESIAN_POINT('',(1.5,0.182419732532174,1.72258004822472));
#13319=CARTESIAN_POINT('',(1.17557050446491,1.80045372128325,1.72258004822472));
#13320=CARTESIAN_POINT('',(1.17557050458495,1.80045372128207,1.72258004822472));
#13321=CARTESIAN_POINT('',(0.941104770547048,2.49852029400475,1.72258004822472));
#13322=CARTESIAN_POINT('',(1.91192516379699,1.79317799125378,1.72258004822472));
#13323=CARTESIAN_POINT('',(1.49022963777124,2.29371882865362,1.35591338155805));
#13324=CARTESIAN_POINT('',(0.865076747282812,2.61758101423112,0.989246714891395));
#13325=CARTESIAN_POINT('',(0.212957160847762,2.67333306856851,0.622580048224724));
#13326=CARTESIAN_POINT('',(1.6664736106863,1.79560323459694,1.72258004822472));
#13327=CARTESIAN_POINT('',(1.24414315743805,2.23188500565805,1.35591338155805));
#13328=CARTESIAN_POINT('',(0.644812323395259,2.49162244549317,0.989246714891395));
#13329=CARTESIAN_POINT('',(0.0376817971764484,2.50148751692514,0.622580048224724));
#13330=CARTESIAN_POINT('',(1.42102205757561,1.79802847794009,1.72258004822472));
#13331=CARTESIAN_POINT('',(0.998056677104859,2.17005118266248,1.35591338155805));
#13332=CARTESIAN_POINT('',(0.424547899507706,2.36566387675523,0.989246714891395));
#13333=CARTESIAN_POINT('',(-0.137593566494865,2.32964196528178,0.622580048224724));
#13334=CARTESIAN_POINT('',(1.17557050446492,1.80045372128325,1.72258004822472));
#13335=CARTESIAN_POINT('',(0.751970196771666,2.1082173596669,1.35591338155805));
#13336=CARTESIAN_POINT('',(0.204283475620152,2.23970530801729,0.989246714891395));
#13337=CARTESIAN_POINT('',(-0.312868930166178,2.15779641363841,0.622580048224724));
#13338=CARTESIAN_POINT('',(1.17557050462317,1.80045372116828,1.72258004822472));
#13339=CARTESIAN_POINT('',(0.751970196960017,2.10821735959336,1.35591338155805));
#13340=CARTESIAN_POINT('',(0.204283475821364,2.23970530799731,0.989246714891395));
#13341=CARTESIAN_POINT('',(-0.312868929972977,2.15779641366901,0.622580048224724));
#13342=CARTESIAN_POINT('',(1.17557050462317,1.80045372116828,1.72258004822472));
#13343=CARTESIAN_POINT('',(0.751970196960017,2.10821735959336,1.35591338155805));
#13344=CARTESIAN_POINT('',(0.204283475821364,2.23970530799731,0.989246714891395));
#13345=CARTESIAN_POINT('',(-0.312868929972977,2.15779641366901,0.622580048224724));
#13346=CARTESIAN_POINT('',(1.09741525993113,2.03314257878043,1.72258004822472));
#13347=CARTESIAN_POINT('',(0.612897151797432,2.32044522199185,1.35591338155805));
#13348=CARTESIAN_POINT('',(0.013090784532503,2.40652057188748,0.989246714891395));
#13349=CARTESIAN_POINT('',(-0.532668902604119,2.26706817928608,0.622580048224724));
#13350=CARTESIAN_POINT('',(1.01926001523909,2.26583143639259,1.72258004822472));
#13351=CARTESIAN_POINT('',(0.473824106634846,2.53267308439034,1.35591338155805));
#13352=CARTESIAN_POINT('',(-0.178101906756357,2.57333583577767,0.989246714891395));
#13353=CARTESIAN_POINT('',(-0.752468875235262,2.37633994490315,0.622580048224724));
#13354=CARTESIAN_POINT('',(0.941104770547049,2.49852029400475,1.72258004822472));
#13355=CARTESIAN_POINT('',(0.334751061472261,2.74490094678882,1.35591338155805));
#13356=CARTESIAN_POINT('',(-0.369294598045218,2.74015109966784,0.989246714891395));
#13357=CARTESIAN_POINT('',(-0.972268847866404,2.48561171052023,0.622580048224724));
#13358=CARTESIAN_POINT('',(0.,2.18241973253217,0.0225800482247238));
#13359=CARTESIAN_POINT('',(0.523598775598299,2.18241973253217,-0.444086618441946));
#13360=CARTESIAN_POINT('',(1.04397331752656,1.96687353975181,-0.910753285108606));
#13361=CARTESIAN_POINT('',(1.4142135623731,1.59663329490528,-1.37741995177528));
#13362=CARTESIAN_POINT('',(-0.2,2.32473047249961,0.0225800482247238));
#13363=CARTESIAN_POINT('',(0.360855640199018,2.37709035005944,-0.444086618441946));
#13364=CARTESIAN_POINT('',(0.939812244466335,2.19824434237603,-0.910753285108606));
#13365=CARTESIAN_POINT('',(1.37342109540244,1.83868354040923,-1.37741995177528));
#13366=CARTESIAN_POINT('',(-0.400000000000001,2.46704121246705,0.022580048224724));
#13367=CARTESIAN_POINT('',(0.198112504799738,2.57176096758672,-0.444086618441946));
#13368=CARTESIAN_POINT('',(0.835651171406108,2.42961514500025,-0.910753285108606));
#13369=CARTESIAN_POINT('',(1.33262862843178,2.0807337859132,-1.37741995177528));
#13370=CARTESIAN_POINT('',(-0.600000000000001,2.60935195243449,0.022580048224724));
#13371=CARTESIAN_POINT('',(0.0353693694004567,2.76643158511398,-0.444086618441946));
#13372=CARTESIAN_POINT('',(0.731490098345878,2.66098594762449,-0.910753285108606));
#13373=CARTESIAN_POINT('',(1.29183616146112,2.32278403141716,-1.37741995177528));
#13374=CARTESIAN_POINT('',(-0.601559550552481,2.61046165640019,0.022580048224724));
#13375=CARTESIAN_POINT('',(0.0341003386668353,2.76794957845956,-0.444086618441946));
#13376=CARTESIAN_POINT('',(0.730677876050688,2.66279011993979,-0.910753285108606));
#13377=CARTESIAN_POINT('',(1.29151807188911,2.32467147938768,-1.37741995177528));
#13378=CARTESIAN_POINT('',(-0.603119101104961,2.61157136036589,0.022580048224724));
#13379=CARTESIAN_POINT('',(0.0328313079332139,2.76946757180514,-0.444086618441946));
#13380=CARTESIAN_POINT('',(0.729865653755498,2.66459429225509,-0.910753285108606));
#13381=CARTESIAN_POINT('',(1.29119998231711,2.3265589273582,-1.37741995177528));
#13382=CARTESIAN_POINT('',(-0.604678651657441,2.61268106433159,0.022580048224724));
#13383=CARTESIAN_POINT('',(0.0315622771995925,2.77098556515072,-0.444086618441946));
#13384=CARTESIAN_POINT('',(0.729053431460308,2.6663984645704,-0.910753285108606));
#13385=CARTESIAN_POINT('',(1.2908818927451,2.32844637532871,-1.37741995177528));
#13386=CARTESIAN_POINT('',(0.649330377622348,2.59552568133581,-0.878478123829964));
#13387=CARTESIAN_POINT('',(1.03539014964246,2.2838470418437,-1.07913635281128));
#13388=CARTESIAN_POINT('',(1.27168427714988,1.92579585791168,-1.24545029545971));
#13389=CARTESIAN_POINT('',(1.4142135623731,1.59663329490528,-1.37741995177527));
#13390=CARTESIAN_POINT('',(0.64965848204218,2.59546836149843,-0.877757123692715));
#13391=CARTESIAN_POINT('',(-0.600000000000001,2.60935195243449,0.022580048224724));
#13392=CARTESIAN_POINT('',(-0.191229894217838,2.71041042512607,-0.277609653791606));
#13393=CARTESIAN_POINT('',(0.243162973837965,2.70594456546689,-0.577799355807935));
#13394=CARTESIAN_POINT('',(0.649768998121363,2.59650346121276,-0.877989057824265));
#13395=CARTESIAN_POINT('',(0.,2.18241973253217,0.0225800482247238));
#13396=CARTESIAN_POINT('',(0.523598775598299,2.18241973253217,-0.444086618441946));
#13397=CARTESIAN_POINT('',(1.04397331752656,1.96687353975181,-0.910753285108606));
#13398=CARTESIAN_POINT('',(1.4142135623731,1.59663329490528,-1.37741995177528));
#13399=CARTESIAN_POINT('',(0.605261183108537,2.61309556674089,0.022580048224724));
#13400=CARTESIAN_POINT('',(1.24161062844257,2.45463855954449,-0.444086618441946));
#13401=CARTESIAN_POINT('',(1.8088106685154,2.03519584311748,-0.910753285108606));
#13402=CARTESIAN_POINT('',(2.14673165220029,1.47318281080238,-1.37741995177528));
#13403=CARTESIAN_POINT('',(0.603507455405691,2.61184769530542,0.022580048224724));
#13404=CARTESIAN_POINT('',(1.23953020876187,2.45384981294799,-0.444086618441946));
#13405=CARTESIAN_POINT('',(1.80659457323615,2.0349978811145,-0.910753285108606));
#13406=CARTESIAN_POINT('',(2.14460920109519,1.47354050519935,-1.37741995177528));
#13407=CARTESIAN_POINT('',(0.601753727702845,2.61059982386996,0.022580048224724));
#13408=CARTESIAN_POINT('',(1.23744978908116,2.4530610663515,-0.444086618441946));
#13409=CARTESIAN_POINT('',(1.8043784779569,2.03479991911152,-0.910753285108606));
#13410=CARTESIAN_POINT('',(2.14248674999008,1.47389819959632,-1.37741995177528));
#13411=CARTESIAN_POINT('',(0.599999999999999,2.60935195243449,0.022580048224724));
#13412=CARTESIAN_POINT('',(1.23536936940046,2.452272319755,-0.444086618441946));
#13413=CARTESIAN_POINT('',(1.80216238267765,2.03460195710854,-0.910753285108606));
#13414=CARTESIAN_POINT('',(2.14036429888498,1.47425589399329,-1.37741995177528));
#13415=CARTESIAN_POINT('',(0.399999999999999,2.46704121246705,0.022580048224724));
#13416=CARTESIAN_POINT('',(0.998112504799737,2.36232145734739,-0.444086618441946));
#13417=CARTESIAN_POINT('',(1.54943269429396,2.01202581798963,-0.910753285108606));
#13418=CARTESIAN_POINT('',(1.89831405338102,1.51504836096396,-1.37741995177528));
#13419=CARTESIAN_POINT('',(0.2,2.32473047249961,0.0225800482247238));
#13420=CARTESIAN_POINT('',(0.760855640199019,2.27237059493978,-0.444086618441946));
#13421=CARTESIAN_POINT('',(1.29670300591026,1.98944967887071,-0.910753285108606));
#13422=CARTESIAN_POINT('',(1.65626380787706,1.55584082793462,-1.37741995177528));
#13423=CARTESIAN_POINT('',(0.,2.18241973253217,0.0225800482247238));
#13424=CARTESIAN_POINT('',(0.523598775598299,2.18241973253217,-0.444086618441946));
#13425=CARTESIAN_POINT('',(1.04397331752656,1.96687353975181,-0.910753285108606));
#13426=CARTESIAN_POINT('',(1.4142135623731,1.59663329490528,-1.37741995177528));
#13427=CARTESIAN_POINT('',(0.599999999999999,2.60935195243449,0.022580048224724));
#13428=CARTESIAN_POINT('',(0.599999999999999,2.60935195243449,0.022580048224724));
#13429=CARTESIAN_POINT('',(1.70006817017998,2.01538678535688,-0.87824137754858));
#13430=CARTESIAN_POINT('',(1.39125356285162,2.30181085588041,-0.577967568957478));
#13431=CARTESIAN_POINT('',(1.00888466562817,2.5082651576056,-0.277693760366377));
#13432=CARTESIAN_POINT('',(0.6,2.60935195243449,0.022580048224724));
#13433=CARTESIAN_POINT('',(0.,0.182419732532175,-1.12741995177528));
#13434=CARTESIAN_POINT('',(0.312868930080458,2.15779641372246,-1.37741995177528));
#13435=CARTESIAN_POINT('',(0.346671152243052,2.23087889139315,-1.29994940813695));
#13436=CARTESIAN_POINT('',(0.373699382617362,2.41435190348297,-1.11443173795298));
#13437=CARTESIAN_POINT('',(0.336063074381967,2.56918889604032,-0.967591679192492));
#13438=CARTESIAN_POINT('',(0.298825184620214,2.66397073056868,-0.877941636842488));
#13439=CARTESIAN_POINT('',(0.298125286207312,2.66365101269286,-0.87789429405416));
#13440=CARTESIAN_POINT('',(0.,0.182419732532175,-0.877419951775277));
#13441=CARTESIAN_POINT('',(0.,0.182419732532174,-0.427419951775277));
#13442=CARTESIAN_POINT('',(0.297993039683162,2.66459622672037,-0.878241377548576));
#13443=CARTESIAN_POINT('',(-0.120199070312017,2.71480149549185,-0.577967568957476));
#13444=CARTESIAN_POINT('',(-0.550892800112605,2.65707573542606,-0.277693760366376));
#13445=CARTESIAN_POINT('',(-0.94110477054705,2.49852029400475,0.022580048224724));
#13446=CARTESIAN_POINT('',(2.,0.182419732532174,0.0225800482247229));
#13447=CARTESIAN_POINT('',(-2.1227395057198,1.50301694245519,0.0225800482247235));
#13448=CARTESIAN_POINT('',(-2.1227395057198,1.50301694245519,0.0225800482247235));
#13449=CARTESIAN_POINT('',(-1.17557050458495,1.80045372128207,0.0225800482247238));
#13450=CARTESIAN_POINT('',(-1.91192516379699,1.79317799125378,0.0225800482247238));
#13451=CARTESIAN_POINT('',(0.,0.182419732532174,0.0225800482247229));
#13452=CARTESIAN_POINT('',(-1.17557050458495,1.80045372128207,0.0225800482247238));
#13453=CARTESIAN_POINT('',(-0.751970196892008,2.10821735969714,-0.444086618441946));
#13454=CARTESIAN_POINT('',(-0.204283475727868,2.23970530807889,-0.910753285108606));
#13455=CARTESIAN_POINT('',(0.312868930080462,2.15779641372245,-1.37741995177528));
#13456=CARTESIAN_POINT('',(-1.42102205765563,1.7980284779393,0.0225800482247238));
#13457=CARTESIAN_POINT('',(-0.998056677185087,2.17005118268263,-0.444086618441946));
#13458=CARTESIAN_POINT('',(-0.424547899579517,2.3656638767963,-0.910753285108606));
#13459=CARTESIAN_POINT('',(0.13759356643772,2.3296419653378,-1.37741995177528));
#13460=CARTESIAN_POINT('',(-1.66647361072631,1.79560323459654,0.0225800482247238));
#13461=CARTESIAN_POINT('',(-1.24414315747817,2.23188500566813,-0.444086618441946));
#13462=CARTESIAN_POINT('',(-0.644812323431165,2.4916224455137,-0.910753285108606));
#13463=CARTESIAN_POINT('',(-0.0376817972050224,2.50148751695316,-1.37741995177528));
#13464=CARTESIAN_POINT('',(-1.91192516379699,1.79317799125378,0.0225800482247238));
#13465=CARTESIAN_POINT('',(-1.49022963777124,2.29371882865363,-0.444086618441946));
#13466=CARTESIAN_POINT('',(-0.865076747282814,2.61758101423111,-0.910753285108606));
#13467=CARTESIAN_POINT('',(-0.212957160847765,2.6733330685685,-1.37741995177528));
#13468=CARTESIAN_POINT('',(-1.91383913432299,1.7931590798058,0.0225800482247238));
#13469=CARTESIAN_POINT('',(-1.49214855930274,2.29420099351763,-0.444086618441946));
#13470=CARTESIAN_POINT('',(-0.866794314802365,2.61856320800828,-0.910753285108606));
#13471=CARTESIAN_POINT('',(-0.214323914798793,2.67467307769332,-1.37741995177528));
#13472=CARTESIAN_POINT('',(-1.91575310484898,1.79314016835783,0.0225800482247238));
#13473=CARTESIAN_POINT('',(-1.49406748083424,2.29468315838162,-0.444086618441946));
#13474=CARTESIAN_POINT('',(-0.868511882321915,2.61954540178544,-0.910753285108606));
#13475=CARTESIAN_POINT('',(-0.215690668749822,2.67601308681813,-1.37741995177528));
#13476=CARTESIAN_POINT('',(-1.91766707537498,1.79312125690985,0.0225800482247238));
#13477=CARTESIAN_POINT('',(-1.49598640236573,2.29516532324562,-0.444086618441946));
#13478=CARTESIAN_POINT('',(-0.870229449841466,2.62052759556261,-0.910753285108606));
#13479=CARTESIAN_POINT('',(-0.21705742270085,2.67735309594295,-1.37741995177528));
#13480=CARTESIAN_POINT('',(-0.893068778465628,2.51633027417351,-0.878478123829965));
#13481=CARTESIAN_POINT('',(-0.397539754309126,2.49109719853753,-1.07913635281117));
#13482=CARTESIAN_POINT('',(0.00408341599657218,2.34031790923279,-1.24545029545961));
#13483=CARTESIAN_POINT('',(0.31286893008046,2.15779641372246,-1.37741995177528));
#13484=CARTESIAN_POINT('',(-0.892769644658977,2.51647675639015,-0.877757123692716));
#13485=CARTESIAN_POINT('',(-1.91192516379699,1.79317799125378,0.0225800482247238));
#13486=CARTESIAN_POINT('',(-1.64062388129408,2.11520505284363,-0.277609653791606));
#13487=CARTESIAN_POINT('',(-1.28656770235519,2.3669218180291,-0.577799355807936));
#13488=CARTESIAN_POINT('',(-0.893288651619504,2.5173791293714,-0.877989057824267));
#13489=CARTESIAN_POINT('',(-1.17557050458495,1.80045372128207,0.0225800482247238));
#13490=CARTESIAN_POINT('',(-0.751970196892008,2.10821735969714,-0.444086618441946));
#13491=CARTESIAN_POINT('',(-0.204283475727868,2.23970530807889,-0.910753285108606));
#13492=CARTESIAN_POINT('',(0.312868930080462,2.15779641372245,-1.37741995177528));
#13493=CARTESIAN_POINT('',(-0.9390488252813,2.50464138743982,0.022580048224724));
#13494=CARTESIAN_POINT('',(-0.331092617692552,2.75048379501197,-0.444086618441946));
#13495=CARTESIAN_POINT('',(0.374324096833813,2.74453932791025,-0.910753285108606));
#13496=CARTESIAN_POINT('',(0.978050887381772,2.48848620435728,-1.37741995177528));
#13497=CARTESIAN_POINT('',(-0.939734140369883,2.50260102296146,0.022580048224724));
#13498=CARTESIAN_POINT('',(-0.332312098952456,2.74862284560426,-0.444086618441946));
#13499=CARTESIAN_POINT('',(0.372647597237614,2.74307658516278,-0.910753285108606));
#13500=CARTESIAN_POINT('',(0.976123540876648,2.48752803974493,-1.37741995177528));
#13501=CARTESIAN_POINT('',(-0.940419455458466,2.50056065848311,0.022580048224724));
#13502=CARTESIAN_POINT('',(-0.333531580212359,2.74676189619654,-0.444086618441946));
#13503=CARTESIAN_POINT('',(0.370971097641415,2.74161384241531,-0.910753285108606));
#13504=CARTESIAN_POINT('',(0.974196194371525,2.48656987513258,-1.37741995177528));
#13505=CARTESIAN_POINT('',(-0.941104770547049,2.49852029400475,0.022580048224724));
#13506=CARTESIAN_POINT('',(-0.334751061472263,2.74490094678883,-0.444086618441946));
#13507=CARTESIAN_POINT('',(0.369294598045215,2.74015109966784,-0.910753285108606));
#13508=CARTESIAN_POINT('',(0.972268847866401,2.48561171052023,-1.37741995177528));
#13509=CARTESIAN_POINT('',(-1.01926001522635,2.26583143643052,0.0225800482247238));
#13510=CARTESIAN_POINT('',(-0.473824106612178,2.53267308442493,-0.444086618441946));
#13511=CARTESIAN_POINT('',(0.178101906787521,2.57333583580485,-0.910753285108606));
#13512=CARTESIAN_POINT('',(0.752468875271088,2.37633994492098,-1.37741995177528));
#13513=CARTESIAN_POINT('',(-1.09741525990565,2.03314257885629,0.0225800482247238));
#13514=CARTESIAN_POINT('',(-0.612897151752092,2.32044522206104,-0.444086618441946));
#13515=CARTESIAN_POINT('',(-0.0130907844701739,2.40652057194187,-0.910753285108606));
#13516=CARTESIAN_POINT('',(0.532668902675775,2.26706817932171,-1.37741995177528));
#13517=CARTESIAN_POINT('',(-1.17557050458495,1.80045372128207,0.0225800482247238));
#13518=CARTESIAN_POINT('',(-0.751970196892008,2.10821735969714,-0.444086618441946));
#13519=CARTESIAN_POINT('',(-0.204283475727868,2.23970530807889,-0.910753285108606));
#13520=CARTESIAN_POINT('',(0.312868930080462,2.15779641372245,-1.37741995177528));
#13521=CARTESIAN_POINT('',(0.,0.182419732532175,-1.12741995177528));
#13522=CARTESIAN_POINT('',(-0.907980999479099,1.96443278090891,-1.37741995177527));
#13523=CARTESIAN_POINT('',(-0.923591229877756,2.04342619501747,-1.2999494081369));
#13524=CARTESIAN_POINT('',(-1.00956766287984,2.20774577501864,-1.11443173795008));
#13525=CARTESIAN_POINT('',(-1.13102697657455,2.31088946641892,-0.967591679197768));
#13526=CARTESIAN_POINT('',(-1.21686442675254,2.36568169888516,-0.877941636842486));
#13527=CARTESIAN_POINT('',(-1.21724273101062,2.36501165172501,-0.87789429405416));
#13528=CARTESIAN_POINT('',(0.,0.182419732532175,-0.877419951775277));
#13529=CARTESIAN_POINT('',(0.,0.182419732532174,-0.427419951775277));
#13530=CARTESIAN_POINT('',(-1.21790530356172,2.36569861338002,-0.878241377548578));
#13531=CARTESIAN_POINT('',(-1.5857397440326,2.16050837414307,-0.577967568957477));
#13532=CARTESIAN_POINT('',(-1.90024794036797,1.86065183060501,-0.277693760366377));
#13533=CARTESIAN_POINT('',(-2.1227395057198,1.50301694245519,0.0225800482247235));
#13534=CARTESIAN_POINT('',(2.,0.182419732532174,0.0225800482247229));
#13535=CARTESIAN_POINT('',(-2.49355989896973,0.00309034216333104,0.0225800482247229));
#13536=CARTESIAN_POINT('',(-2.49355989896973,0.00309034216333104,0.0225800482247229));
#13537=CARTESIAN_POINT('',(-1.90211303259031,0.800453721282069,0.0225800482247232));
#13538=CARTESIAN_POINT('',(-2.49355989896973,0.361749122901015,0.0225800482247232));
#13539=CARTESIAN_POINT('',(0.,0.182419732532174,0.0225800482247229));
#13540=CARTESIAN_POINT('',(-1.90211303259031,0.800453721282069,0.0225800482247232));
#13541=CARTESIAN_POINT('',(-1.74031211269652,1.29842574873899,-0.444086618441946));
#13542=CARTESIAN_POINT('',(-1.37451092459422,1.72672391111202,-0.910753285108606));
#13543=CARTESIAN_POINT('',(-0.907980999479093,1.96443278090892,-1.37741995177528));
#13544=CARTESIAN_POINT('',(-2.09926198805012,0.654218855155051,0.0225800482247232));
#13545=CARTESIAN_POINT('',(-1.97574526658327,1.20380435845659,-0.444086618441946));
#13546=CARTESIAN_POINT('',(-1.62674517583837,1.69915835384686,-0.910753285108606));
#13547=CARTESIAN_POINT('',(-1.15079002827289,2.00043447873407,-1.37741995177528));
#13548=CARTESIAN_POINT('',(-2.29641094350992,0.507983989028034,0.0225800482247232));
#13549=CARTESIAN_POINT('',(-2.21117842047002,1.1091829681742,-0.444086618441946));
#13550=CARTESIAN_POINT('',(-1.87897942708252,1.67159279658169,-0.910753285108606));
#13551=CARTESIAN_POINT('',(-1.39359905706669,2.03643617655922,-1.37741995177528));
#13552=CARTESIAN_POINT('',(-2.49355989896973,0.361749122901015,0.0225800482247232));
#13553=CARTESIAN_POINT('',(-2.44661157435678,1.0145615778918,-0.444086618441946));
#13554=CARTESIAN_POINT('',(-2.13121367832667,1.64402723931652,-0.910753285108606));
#13555=CARTESIAN_POINT('',(-1.63640808586048,2.07243787438438,-1.37741995177528));
#13556=CARTESIAN_POINT('',(-2.49509721778177,0.360608819569712,0.0225800482247232));
#13557=CARTESIAN_POINT('',(-2.44844742388286,1.01382374368434,-0.444086618441946));
#13558=CARTESIAN_POINT('',(-2.13318053865609,1.64381228991621,-0.910753285108606));
#13559=CARTESIAN_POINT('',(-1.6383014506355,2.07271860672305,-1.37741995177528));
#13560=CARTESIAN_POINT('',(-2.49663453659382,0.359468516238408,0.0225800482247232));
#13561=CARTESIAN_POINT('',(-2.45028327340895,1.01308590947688,-0.444086618441946));
#13562=CARTESIAN_POINT('',(-2.1351473989855,1.6435973405159,-0.910753285108606));
#13563=CARTESIAN_POINT('',(-1.64019481541051,2.07299933906171,-1.37741995177528));
#13564=CARTESIAN_POINT('',(-2.49817185540586,0.358328212907105,0.0225800482247232));
#13565=CARTESIAN_POINT('',(-2.45211912293503,1.01234807526943,-0.444086618441946));
#13566=CARTESIAN_POINT('',(-2.13711425931491,1.64338239111558,-0.910753285108606));
#13567=CARTESIAN_POINT('',(-1.64208818018553,2.07328007140038,-1.37741995177528));
#13568=CARTESIAN_POINT('',(-2.09434601547109,1.54566036680591,-0.878478123829963));
#13569=CARTESIAN_POINT('',(-1.67862298399411,1.81651103227772,-1.07913635281098));
#13570=CARTESIAN_POINT('',(-1.26507717127762,1.9305962013154,-1.24545029545942));
#13571=CARTESIAN_POINT('',(-0.907980999479096,1.96443278090891,-1.37741995177528));
#13572=CARTESIAN_POINT('',(-2.09419011122457,1.54595469984854,-0.877757123692716));
#13573=CARTESIAN_POINT('',(-2.49355989896973,0.361749122901015,0.0225800482247232));
#13574=CARTESIAN_POINT('',(-2.46335530847076,0.781741381159074,-0.277609653791607));
#13575=CARTESIAN_POINT('',(-2.32487324507652,1.19349352242651,-0.577799355807937));
#13576=CARTESIAN_POINT('',(-2.09514039820629,1.54637967028841,-0.877989057824267));
#13577=CARTESIAN_POINT('',(-1.90211303259031,0.800453721282069,0.0225800482247232));
#13578=CARTESIAN_POINT('',(-1.74031211269652,1.29842574873899,-0.444086618441946));
#13579=CARTESIAN_POINT('',(-1.37451092459422,1.72672391111202,-0.910753285108606));
#13580=CARTESIAN_POINT('',(-0.907980999479093,1.96443278090892,-1.37741995177528));
#13581=CARTESIAN_POINT('',(-2.12467409950934,1.50917746537505,0.0225800482247235));
#13582=CARTESIAN_POINT('',(-1.77732973729328,2.06541584389931,-0.444086618441946));
#13583=CARTESIAN_POINT('',(-1.20314155703017,2.47524021051072,-0.910753285108606));
#13584=CARTESIAN_POINT('',(-0.564212073689581,2.62295058599153,-1.37741995177528));
#13585=CARTESIAN_POINT('',(-2.12402923491283,1.5071239577351,0.0225800482247235));
#13586=CARTESIAN_POINT('',(-1.77722247973975,2.06319351110278,-0.444086618441946));
#13587=CARTESIAN_POINT('',(-1.2036380950797,2.4730714050315,-0.910753285108606));
#13588=CARTESIAN_POINT('',(-0.565208134737868,2.62104254868496,-1.37741995177528));
#13589=CARTESIAN_POINT('',(-2.12338437031631,1.50507045009514,0.0225800482247235));
#13590=CARTESIAN_POINT('',(-1.77711522218621,2.06097117830624,-0.444086618441946));
#13591=CARTESIAN_POINT('',(-1.20413463312923,2.47090259955227,-0.910753285108606));
#13592=CARTESIAN_POINT('',(-0.566204195786155,2.61913451137839,-1.37741995177528));
#13593=CARTESIAN_POINT('',(-2.1227395057198,1.50301694245519,0.0225800482247235));
#13594=CARTESIAN_POINT('',(-1.77700796463268,2.05874884550971,-0.444086618441946));
#13595=CARTESIAN_POINT('',(-1.20463117117876,2.46873379407305,-0.910753285108606));
#13596=CARTESIAN_POINT('',(-0.567200256834442,2.61722647407182,-1.37741995177528));
#13597=CARTESIAN_POINT('',(-2.04919734800997,1.26882920206415,0.0225800482247235));
#13598=CARTESIAN_POINT('',(-1.76477601398729,1.8053078132528,-0.444086618441946));
#13599=CARTESIAN_POINT('',(-1.26125775565058,2.22139716641937,-0.910753285108606));
#13600=CARTESIAN_POINT('',(-0.680793837715992,2.39962857635085,-1.37741995177528));
#13601=CARTESIAN_POINT('',(-1.97565519030014,1.03464146167311,0.0225800482247235));
#13602=CARTESIAN_POINT('',(-1.75254406334191,1.5518667809959,-0.444086618441946));
#13603=CARTESIAN_POINT('',(-1.3178843401224,1.9740605387657,-0.910753285108606));
#13604=CARTESIAN_POINT('',(-0.794387418597543,2.18203067862988,-1.37741995177528));
#13605=CARTESIAN_POINT('',(-1.90211303259031,0.800453721282069,0.0225800482247232));
#13606=CARTESIAN_POINT('',(-1.74031211269652,1.29842574873899,-0.444086618441946));
#13607=CARTESIAN_POINT('',(-1.37451092459422,1.72672391111202,-0.910753285108606));
#13608=CARTESIAN_POINT('',(-0.907980999479093,1.96443278090892,-1.37741995177528));
#13609=CARTESIAN_POINT('',(0.,0.182419732532175,-1.12741995177528));
#13610=CARTESIAN_POINT('',(-1.78201304837674,1.09040073201126,-1.37741995177528));
#13611=CARTESIAN_POINT('',(-1.84107315389661,1.14513228325557,-1.2999494081369));
#13612=CARTESIAN_POINT('',(-2.0072141750962,1.22753393662197,-1.11443173795217));
#13613=CARTESIAN_POINT('',(-2.1661031646797,1.23958694248334,-0.967591679193557));
#13614=CARTESIAN_POINT('',(-2.26775318680648,1.23346080239973,-0.877941636842486));
#13615=CARTESIAN_POINT('',(-2.26766539754123,1.23269636119636,-0.87789429405416));
#13616=CARTESIAN_POINT('',(0.,0.182419732532175,-0.877419951775277));
#13617=CARTESIAN_POINT('',(0.,0.182419732532174,-0.427419951775277));
#13618=CARTESIAN_POINT('',(-2.26860521592479,1.23286267447563,-0.878241377548578));
#13619=CARTESIAN_POINT('',(-2.44558173284429,0.850652624459043,-0.577967568957477));
#13620=CARTESIAN_POINT('',(-2.52377295445474,0.423200305331188,-0.277693760366377));
#13621=CARTESIAN_POINT('',(-2.49355989896973,0.00309034216333093,0.0225800482247229));
#13622=CARTESIAN_POINT('',(2.,0.182419732532174,0.0225800482247229));
#13623=CARTESIAN_POINT('',(-1.91192516379698,-1.42833852618944,0.0225800482247224));
#13624=CARTESIAN_POINT('',(-1.91192516379698,-1.42833852618944,0.0225800482247224));
#13625=CARTESIAN_POINT('',(-1.90211303259031,-0.435614256217721,0.0225800482247229));
#13626=CARTESIAN_POINT('',(-2.12273950571979,-1.13817747739086,0.0225800482247226));
#13627=CARTESIAN_POINT('',(0.,0.182419732532174,0.0225800482247229));
#13628=CARTESIAN_POINT('',(-1.90211303259031,-0.435614256217721,0.0225800482247229));
#13629=CARTESIAN_POINT('',(-2.0639139524841,0.0623577712392054,-0.444086618441947));
#13630=CARTESIAN_POINT('',(-2.01972191817362,0.623870806896143,-0.910753285108606));
#13631=CARTESIAN_POINT('',(-1.78201304837674,1.09040073201127,-1.37741995177528));
#13632=CARTESIAN_POINT('',(-1.97565519030014,-0.669801996608764,0.0225800482247226));
#13633=CARTESIAN_POINT('',(-2.19876631725837,-0.152576677285977,-0.444086618441947));
#13634=CARTESIAN_POINT('',(-2.20758108596189,0.45331022960486,-0.910753285108606));
#13635=CARTESIAN_POINT('',(-1.99961094609771,0.976807151129718,-1.37741995177528));
#13636=CARTESIAN_POINT('',(-2.04919734800997,-0.903989736999806,0.0225800482247226));
#13637=CARTESIAN_POINT('',(-2.33361868203264,-0.367511125811159,-0.444086618441947));
#13638=CARTESIAN_POINT('',(-2.39544025375016,0.282749652313576,-0.910753285108606));
#13639=CARTESIAN_POINT('',(-2.21720884381868,0.863213570248166,-1.37741995177528));
#13640=CARTESIAN_POINT('',(-2.12273950571979,-1.13817747739086,0.0225800482247226));
#13641=CARTESIAN_POINT('',(-2.46847104680691,-0.582445574336341,-0.444086618441947));
#13642=CARTESIAN_POINT('',(-2.58329942153843,0.112189075022292,-0.910753285108607));
#13643=CARTESIAN_POINT('',(-2.43480674153965,0.749619989366616,-1.37741995177528));
#13644=CARTESIAN_POINT('',(-2.12331296928323,-1.14000361549042,0.0225800482247226));
#13645=CARTESIAN_POINT('',(-2.46952259220685,-0.584121580026064,-0.444086618441947));
#13646=CARTESIAN_POINT('',(-2.58476430088299,0.110859085809562,-0.910753285108607));
#13647=CARTESIAN_POINT('',(-2.4365035161477,0.748734214707505,-1.37741995177528));
#13648=CARTESIAN_POINT('',(-2.12388643284666,-1.14182975358997,0.0225800482247226));
#13649=CARTESIAN_POINT('',(-2.47057413760678,-0.585797585715787,-0.444086618441947));
#13650=CARTESIAN_POINT('',(-2.58622918022756,0.109529096596831,-0.910753285108607));
#13651=CARTESIAN_POINT('',(-2.43820029075574,0.747848440048395,-1.37741995177528));
#13652=CARTESIAN_POINT('',(-2.12445989641009,-1.14365589168953,0.0225800482247226));
#13653=CARTESIAN_POINT('',(-2.47162568300672,-0.58747359140551,-0.444086618441947));
#13654=CARTESIAN_POINT('',(-2.58769405957212,0.108199107384101,-0.910753285108607));
#13655=CARTESIAN_POINT('',(-2.43989706536379,0.746962665389284,-1.37741995177528));
#13656=CARTESIAN_POINT('',(-2.4956542587695,0.0542788719906983,-0.878478123829966));
#13657=CARTESIAN_POINT('',(-2.45616387269276,0.157612417126456,-0.923215299517357));
#13658=CARTESIAN_POINT('',(-2.36986792310257,0.348684859093897,-1.00763534514846));
#13659=CARTESIAN_POINT('',(-2.14507399087167,0.722980187291396,-1.18182981430057));
#13660=CARTESIAN_POINT('',(-1.92486605398291,0.964401740089497,-1.3073393370895));
#13661=CARTESIAN_POINT('',(-1.78201304837674,1.09040073201127,-1.37741995177527));
#13662=CARTESIAN_POINT('',(-2.4957011342063,0.0546086306410715,-0.877757123692716));
#13663=CARTESIAN_POINT('',(-2.12273950571979,-1.13817747739086,0.0225800482247226));
#13664=CARTESIAN_POINT('',(-2.34516873417908,-0.780642790107343,-0.277609653791607));
#13665=CARTESIAN_POINT('',(-2.47515622771388,-0.366130595781549,-0.577799355807936));
#13666=CARTESIAN_POINT('',(-2.49671972388126,0.0543938742757332,-0.877989057824266));
#13667=CARTESIAN_POINT('',(-1.90211303259031,-0.435614256217721,0.0225800482247229));
#13668=CARTESIAN_POINT('',(-2.0639139524841,0.0623577712392054,-0.444086618441947));
#13669=CARTESIAN_POINT('',(-2.01972191817362,0.623870806896143,-0.910753285108606));
#13670=CARTESIAN_POINT('',(-1.78201304837674,1.09040073201127,-1.37741995177528));
#13671=CARTESIAN_POINT('',(-2.49874608274138,0.00693718420106018,0.0225800482247229));
#13672=CARTESIAN_POINT('',(-2.5446873064639,0.661107378928277,-0.444086618441946));
#13673=CARTESIAN_POINT('',(-2.32104802938612,1.33016160062516,-0.910753285108606));
#13674=CARTESIAN_POINT('',(-1.89096519947458,1.8252151321971,-1.37741995177528));
#13675=CARTESIAN_POINT('',(-2.4970173548175,0.00565490352181713,0.0225800482247229));
#13676=CARTESIAN_POINT('',(-2.54329427883683,0.65937251833689,-0.444086618441946));
#13677=CARTESIAN_POINT('',(-2.32017494523076,1.32811514239227,-0.910753285108606));
#13678=CARTESIAN_POINT('',(-1.89064951360045,1.82308602759562,-1.37741995177528));
#13679=CARTESIAN_POINT('',(-2.49528862689361,0.00437262284257409,0.0225800482247229));
#13680=CARTESIAN_POINT('',(-2.54190125120976,0.657637657745503,-0.444086618441946));
#13681=CARTESIAN_POINT('',(-2.31930186107541,1.32606868415937,-0.910753285108606));
#13682=CARTESIAN_POINT('',(-1.89033382772633,1.82095692299414,-1.37741995177528));
#13683=CARTESIAN_POINT('',(-2.49355989896973,0.00309034216333104,0.0225800482247229));
#13684=CARTESIAN_POINT('',(-2.54050822358269,0.655902797154116,-0.444086618441946));
#13685=CARTESIAN_POINT('',(-2.31842877692005,1.32402222592647,-0.910753285108606));
#13686=CARTESIAN_POINT('',(-1.8900181418522,1.81882781839266,-1.37741995177528));
#13687=CARTESIAN_POINT('',(-2.29641094350992,-0.143144523963686,0.0225800482247229));
#13688=CARTESIAN_POINT('',(-2.38164346654982,0.458054455182479,-0.444086618441946));
#13689=CARTESIAN_POINT('',(-2.21885982400457,1.09063841958303,-0.910753285108606));
#13690=CARTESIAN_POINT('',(-1.85401644402704,1.57601878959887,-1.37741995177528));
#13691=CARTESIAN_POINT('',(-2.09926198805012,-0.289379390090703,0.0225800482247229));
#13692=CARTESIAN_POINT('',(-2.22277870951696,0.260206113210842,-0.444086618441947));
#13693=CARTESIAN_POINT('',(-2.1192908710891,0.857254613239584,-0.910753285108606));
#13694=CARTESIAN_POINT('',(-1.81801474620189,1.33320976080507,-1.37741995177528));
#13695=CARTESIAN_POINT('',(-1.90211303259031,-0.435614256217721,0.0225800482247229));
#13696=CARTESIAN_POINT('',(-2.0639139524841,0.0623577712392054,-0.444086618441947));
#13697=CARTESIAN_POINT('',(-2.01972191817362,0.623870806896143,-0.910753285108606));
#13698=CARTESIAN_POINT('',(-1.78201304837674,1.09040073201127,-1.37741995177528));
#13699=CARTESIAN_POINT('',(0.,0.182419732532175,-1.12741995177528));
#13700=CARTESIAN_POINT('',(-1.97537668119028,-0.130449197548292,-1.37741995177527));
#13701=CARTESIAN_POINT('',(-2.05532770890191,-0.120885101486565,-1.29994940813691));
#13702=CARTESIAN_POINT('',(-2.23817309512945,-0.151876005611387,-1.11443173795105));
#13703=CARTESIAN_POINT('',(-2.37380156700961,-0.235517523862287,-0.967591679195981));
#13704=CARTESIAN_POINT('',(-2.45243730759623,-0.300222059203054,-0.877941636842488));
#13705=CARTESIAN_POINT('',(-2.45191695732315,-0.300788903892359,-0.877894294054162));
#13706=CARTESIAN_POINT('',(0.,0.182419732532175,-0.877419951775277));
#13707=CARTESIAN_POINT('',(0.,0.182419732532174,-0.427419951775277));
#13708=CARTESIAN_POINT('',(-2.45277504285989,-0.301206765008728,-0.878241377548579));
#13709=CARTESIAN_POINT('',(-2.37129462197533,-0.714445377540417,-0.577967568957478));
#13710=CARTESIAN_POINT('',(-2.18330247982755,-1.10622121492119,-0.277693760366378));
#13711=CARTESIAN_POINT('',(-1.91192516379698,-1.42833852618944,0.0225800482247224));
#13712=CARTESIAN_POINT('',(2.,0.182419732532174,0.0225800482247229));
#13713=CARTESIAN_POINT('',(-0.599999999999999,-2.24451248737015,0.0225800482247221));
#13714=CARTESIAN_POINT('',(-0.599999999999999,-2.24451248737015,0.0225800482247221));
#13715=CARTESIAN_POINT('',(-1.17557050458495,-1.43561425621772,0.0225800482247224));
#13716=CARTESIAN_POINT('',(-0.941104770547048,-2.13368082894041,0.0225800482247221));
#13717=CARTESIAN_POINT('',(0.,0.182419732532174,0.0225800482247229));
#13718=CARTESIAN_POINT('',(-1.17557050458495,-1.43561425621772,0.0225800482247224));
#13719=CARTESIAN_POINT('',(-1.59917081227788,-1.12785061780265,-0.444086618441947));
#13720=CARTESIAN_POINT('',(-1.89346778683384,-0.647601603356616,-0.910753285108607));
#13721=CARTESIAN_POINT('',(-1.97537668119028,-0.130449197548287,-1.37741995177528));
#13722=CARTESIAN_POINT('',(-1.09741525990565,-1.66830311379195,0.0225800482247224));
#13723=CARTESIAN_POINT('',(-1.5819333680592,-1.38100047058721,-0.444086618441947));
#13724=CARTESIAN_POINT('',(-1.94519605416937,-0.896008857289545,-0.910753285108607));
#13725=CARTESIAN_POINT('',(-2.08464844678954,-0.350249170143599,-1.37741995177528));
#13726=CARTESIAN_POINT('',(-1.01926001522635,-1.90099197136618,0.0225800482247224));
#13727=CARTESIAN_POINT('',(-1.56469592384052,-1.63415032337177,-0.444086618441947));
#13728=CARTESIAN_POINT('',(-1.99692432150491,-1.14441611122248,-0.910753285108607));
#13729=CARTESIAN_POINT('',(-2.1939202123888,-0.570049142738913,-1.37741995177528));
#13730=CARTESIAN_POINT('',(-0.941104770547048,-2.13368082894041,0.0225800482247221));
#13731=CARTESIAN_POINT('',(-1.54745847962183,-1.88730017615633,-0.444086618441947));
#13732=CARTESIAN_POINT('',(-2.04865258884045,-1.39282336515541,-0.910753285108607));
#13733=CARTESIAN_POINT('',(-2.30319197798806,-0.789849115334228,-1.37741995177528));
#13734=CARTESIAN_POINT('',(-0.940495335271953,-2.13549527912234,0.0225800482247221));
#13735=CARTESIAN_POINT('',(-1.54732406629356,-1.88927417612018,-0.444086618441947));
#13736=CARTESIAN_POINT('',(-2.04905595307996,-1.39476038350597,-0.910753285108607));
#13737=CARTESIAN_POINT('',(-2.30404405220011,-0.79156306117771,-1.37741995177528));
#13738=CARTESIAN_POINT('',(-0.939885899996859,-2.13730972930427,0.0225800482247221));
#13739=CARTESIAN_POINT('',(-1.54718965296528,-1.89124817608404,-0.444086618441947));
#13740=CARTESIAN_POINT('',(-2.04945931731947,-1.39669740185653,-0.910753285108607));
#13741=CARTESIAN_POINT('',(-2.30489612641217,-0.793277007021193,-1.37741995177528));
#13742=CARTESIAN_POINT('',(-0.939276464721764,-2.1391241794862,0.0225800482247221));
#13743=CARTESIAN_POINT('',(-1.54705523963701,-1.89322217604789,-0.444086618441947));
#13744=CARTESIAN_POINT('',(-2.04986268155898,-1.39863442020708,-0.910753285108607));
#13745=CARTESIAN_POINT('',(-2.30574820062422,-0.794990952864675,-1.37741995177528));
#13746=CARTESIAN_POINT('',(-1.94370739938639,-1.38815716944533,-0.878478123829963));
#13747=CARTESIAN_POINT('',(-2.07283620804668,-0.909083612816888,-1.0791363528109));
#13748=CARTESIAN_POINT('',(-2.05354496739076,-0.480523916807477,-1.24545029545934));
#13749=CARTESIAN_POINT('',(-1.97537668119028,-0.130449197548289,-1.37741995177527));
#13750=CARTESIAN_POINT('',(-1.94393914968289,-1.38791794178358,-0.877757123692718));
#13751=CARTESIAN_POINT('',(-0.941104770547047,-2.1336808289404,0.0225800482247221));
#13752=CARTESIAN_POINT('',(-1.33120741278457,-1.97516981101667,-0.277609653791608));
#13753=CARTESIAN_POINT('',(-1.68001365883052,-1.71622713311368,-0.577799355807939));
#13754=CARTESIAN_POINT('',(-1.94463697541584,-1.38869039532187,-0.877989057824269));
#13755=CARTESIAN_POINT('',(-1.17557050458495,-1.43561425621772,0.0225800482247224));
#13756=CARTESIAN_POINT('',(-1.59917081227788,-1.12785061780265,-0.444086618441947));
#13757=CARTESIAN_POINT('',(-1.89346778683384,-0.647601603356616,-0.910753285108607));
#13758=CARTESIAN_POINT('',(-1.97537668119028,-0.130449197548287,-1.37741995177528));
#13759=CARTESIAN_POINT('',(-1.91838199162187,-1.42827472794289,0.0225800482247224));
#13760=CARTESIAN_POINT('',(-2.34006081530574,-0.926043496971369,-0.444086618441947));
#13761=CARTESIAN_POINT('',(-2.55239304403752,-0.253315392560614,-0.910753285108607));
#13762=CARTESIAN_POINT('',(-2.49543389060351,0.399987672292634,-1.37741995177528));
#13763=CARTESIAN_POINT('',(-1.91622971568024,-1.42829599402508,0.0225800482247224));
#13764=CARTESIAN_POINT('',(-2.3379141068114,-0.926628227577445,-0.444086618441947));
#13765=CARTESIAN_POINT('',(-2.55048382614959,-0.25445782605878,-0.910753285108607));
#13766=CARTESIAN_POINT('',(-2.49392703908111,0.398450745988402,-1.37741995177528));
#13767=CARTESIAN_POINT('',(-1.91407743973861,-1.42831726010726,0.0225800482247224));
#13768=CARTESIAN_POINT('',(-2.33576739831707,-0.92721295818352,-0.444086618441947));
#13769=CARTESIAN_POINT('',(-2.54857460826165,-0.255600259556946,-0.910753285108607));
#13770=CARTESIAN_POINT('',(-2.49242018755872,0.396913819684169,-1.37741995177528));
#13771=CARTESIAN_POINT('',(-1.91192516379698,-1.42833852618944,0.0225800482247224));
#13772=CARTESIAN_POINT('',(-2.33362068982273,-0.927797688789596,-0.444086618441947));
#13773=CARTESIAN_POINT('',(-2.54666539037372,-0.256742693055112,-0.910753285108607));
#13774=CARTESIAN_POINT('',(-2.49091333603633,0.395376893379937,-1.37741995177528));
#13775=CARTESIAN_POINT('',(-1.6664736107263,-1.4307637695322,0.0225800482247224));
#13776=CARTESIAN_POINT('',(-2.08880406397445,-0.994481998460616,-0.444086618441947));
#13777=CARTESIAN_POINT('',(-2.32893285586043,-0.387028996488946,-0.910753285108607));
#13778=CARTESIAN_POINT('',(-2.31906778442098,0.220101529737197,-1.37741995177528));
#13779=CARTESIAN_POINT('',(-1.42102205765563,-1.43318901287496,0.0225800482247224));
#13780=CARTESIAN_POINT('',(-1.84398743812616,-1.06116630813163,-0.444086618441947));
#13781=CARTESIAN_POINT('',(-2.11120032134713,-0.517315299922781,-0.910753285108607));
#13782=CARTESIAN_POINT('',(-2.14722223280563,0.0448261660944549,-1.37741995177528));
#13783=CARTESIAN_POINT('',(-1.17557050458495,-1.43561425621772,0.0225800482247224));
#13784=CARTESIAN_POINT('',(-1.59917081227788,-1.12785061780265,-0.444086618441947));
#13785=CARTESIAN_POINT('',(-1.89346778683384,-0.647601603356616,-0.910753285108607));
#13786=CARTESIAN_POINT('',(-1.97537668119028,-0.130449197548287,-1.37741995177528));
#13787=CARTESIAN_POINT('',(0.,0.182419732532175,-1.12741995177528));
#13788=CARTESIAN_POINT('',(-1.4142135623731,-1.23179382984092,-1.37741995177528));
#13789=CARTESIAN_POINT('',(-1.48451693712605,-1.27105034858562,-1.29994940813701));
#13790=CARTESIAN_POINT('',(-1.61422596552694,-1.40359633816585,-1.11443173795297));
#13791=CARTESIAN_POINT('',(-1.67478845329332,-1.55098416343428,-0.967591679192521));
#13792=CARTESIAN_POINT('',(-1.70037373216252,-1.64955216075413,-0.877941636842487));
#13793=CARTESIAN_POINT('',(-1.69961957699984,-1.6497048935244,-0.877894294054162));
#13794=CARTESIAN_POINT('',(0.,0.182419732532175,-0.877419951775277));
#13795=CARTESIAN_POINT('',(0.,0.182419732532174,-0.427419951775277));
#13796=CARTESIAN_POINT('',(-1.70006817017998,-1.65054732029253,-0.878241377548581));
#13797=CARTESIAN_POINT('',(-1.39125356285162,-1.93697139081606,-0.57796756895748));
#13798=CARTESIAN_POINT('',(-1.00888466562817,-2.14342569254125,-0.277693760366379));
#13799=CARTESIAN_POINT('',(-0.599999999999998,-2.24451248737015,0.0225800482247221));
#13800=CARTESIAN_POINT('',(2.,0.182419732532174,0.0225800482247229));
#13801=CARTESIAN_POINT('',(0.941104770547049,-2.13368082894041,0.0225800482247221));
#13802=CARTESIAN_POINT('',(0.941104770547049,-2.13368082894041,0.0225800482247221));
#13803=CARTESIAN_POINT('',(-2.77555756156289E-16,-1.81758026746783,0.0225800482247224));
#13804=CARTESIAN_POINT('',(0.600000000000001,-2.24451248737015,0.0225800482247221));
#13805=CARTESIAN_POINT('',(0.,0.182419732532174,0.0225800482247229));
#13806=CARTESIAN_POINT('',(-2.77555756156289E-16,-1.81758026746783,0.0225800482247224));
#13807=CARTESIAN_POINT('',(-0.523598775598299,-1.81758026746783,-0.444086618441947));
#13808=CARTESIAN_POINT('',(-1.04397331752656,-1.60203407468746,-0.910753285108607));
#13809=CARTESIAN_POINT('',(-1.4142135623731,-1.23179382984091,-1.37741995177528));
#13810=CARTESIAN_POINT('',(0.2,-1.95989100743527,0.0225800482247221));
#13811=CARTESIAN_POINT('',(-0.360855640199018,-2.0122508849951,-0.444086618441948));
#13812=CARTESIAN_POINT('',(-0.939812244466336,-1.83340487731168,-0.910753285108607));
#13813=CARTESIAN_POINT('',(-1.37342109540244,-1.47384407534488,-1.37741995177528));
#13814=CARTESIAN_POINT('',(0.400000000000001,-2.10220174740271,0.0225800482247221));
#13815=CARTESIAN_POINT('',(-0.198112504799738,-2.20692150252237,-0.444086618441948));
#13816=CARTESIAN_POINT('',(-0.835651171406108,-2.0647756799359,-0.910753285108608));
#13817=CARTESIAN_POINT('',(-1.33262862843178,-1.71589432084885,-1.37741995177528));
#13818=CARTESIAN_POINT('',(0.600000000000001,-2.24451248737015,0.0225800482247221));
#13819=CARTESIAN_POINT('',(-0.035369369400457,-2.40159212004964,-0.444086618441948));
#13820=CARTESIAN_POINT('',(-0.731490098345879,-2.29614648256014,-0.910753285108608));
#13821=CARTESIAN_POINT('',(-1.29183616146112,-1.95794456635281,-1.37741995177528));
#13822=CARTESIAN_POINT('',(0.60155955055248,-2.24562219133585,0.0225800482247221));
#13823=CARTESIAN_POINT('',(-0.0341003386668366,-2.40311011339522,-0.444086618441948));
#13824=CARTESIAN_POINT('',(-0.73067787605069,-2.29795065487544,-0.910753285108608));
#13825=CARTESIAN_POINT('',(-1.29151807188911,-1.95983201432333,-1.37741995177528));
#13826=CARTESIAN_POINT('',(0.603119101104958,-2.24673189530155,0.0225800482247221));
#13827=CARTESIAN_POINT('',(-0.0328313079332162,-2.4046281067408,-0.444086618441948));
#13828=CARTESIAN_POINT('',(-0.7298656537555,-2.29975482719074,-0.910753285108608));
#13829=CARTESIAN_POINT('',(-1.29119998231711,-1.96171946229384,-1.37741995177528));
#13830=CARTESIAN_POINT('',(0.604678651657437,-2.24784159926725,0.0225800482247221));
#13831=CARTESIAN_POINT('',(-0.0315622771995959,-2.40614610008638,-0.444086618441948));
#13832=CARTESIAN_POINT('',(-0.729053431460311,-2.30155899950604,-0.910753285108608));
#13833=CARTESIAN_POINT('',(-1.2908818927451,-1.96360691026436,-1.37741995177528));
#13834=CARTESIAN_POINT('',(-0.64933037762235,-2.23068621627146,-0.878478123829965));
#13835=CARTESIAN_POINT('',(-1.03539014964241,-1.91900757677938,-1.07913635281126));
#13836=CARTESIAN_POINT('',(-1.27168427714986,-1.56095639284737,-1.24545029545969));
#13837=CARTESIAN_POINT('',(-1.4142135623731,-1.23179382984092,-1.37741995177528));
#13838=CARTESIAN_POINT('',(-0.64965848204218,-2.23062889643408,-0.877757123692717));
#13839=CARTESIAN_POINT('',(0.6,-2.24451248737015,0.0225800482247221));
#13840=CARTESIAN_POINT('',(0.191229894217836,-2.34557096006172,-0.277609653791608));
#13841=CARTESIAN_POINT('',(-0.243162973837967,-2.34110510040254,-0.577799355807937));
#13842=CARTESIAN_POINT('',(-0.649768998121365,-2.23166399614841,-0.877989057824267));
#13843=CARTESIAN_POINT('',(-2.77555756156289E-16,-1.81758026746783,0.0225800482247224));
#13844=CARTESIAN_POINT('',(-0.523598775598299,-1.81758026746783,-0.444086618441947));
#13845=CARTESIAN_POINT('',(-1.04397331752656,-1.60203407468746,-0.910753285108607));
#13846=CARTESIAN_POINT('',(-1.4142135623731,-1.23179382984091,-1.37741995177528));
#13847=CARTESIAN_POINT('',(-0.605261183108536,-2.24825610167655,0.0225800482247221));
#13848=CARTESIAN_POINT('',(-1.24161062844257,-2.08979909448015,-0.444086618441948));
#13849=CARTESIAN_POINT('',(-1.8088106685154,-1.67035637805313,-0.910753285108607));
#13850=CARTESIAN_POINT('',(-2.14673165220029,-1.10834334573803,-1.37741995177528));
#13851=CARTESIAN_POINT('',(-0.603507455405691,-2.24700823024108,0.0225800482247221));
#13852=CARTESIAN_POINT('',(-1.23953020876187,-2.08901034788365,-0.444086618441948));
#13853=CARTESIAN_POINT('',(-1.80659457323615,-1.67015841605015,-0.910753285108607));
#13854=CARTESIAN_POINT('',(-2.14460920109519,-1.108701040135,-1.37741995177528));
#13855=CARTESIAN_POINT('',(-0.601753727702845,-2.24576035880562,0.0225800482247221));
#13856=CARTESIAN_POINT('',(-1.23744978908116,-2.08822160128716,-0.444086618441948));
#13857=CARTESIAN_POINT('',(-1.8043784779569,-1.66996045404717,-0.910753285108607));
#13858=CARTESIAN_POINT('',(-2.14248674999008,-1.10905873453197,-1.37741995177528));
#13859=CARTESIAN_POINT('',(-0.599999999999999,-2.24451248737015,0.0225800482247221));
#13860=CARTESIAN_POINT('',(-1.23536936940046,-2.08743285469066,-0.444086618441948));
#13861=CARTESIAN_POINT('',(-1.80216238267765,-1.66976249204419,-0.910753285108607));
#13862=CARTESIAN_POINT('',(-2.14036429888498,-1.10941642892894,-1.37741995177528));
#13863=CARTESIAN_POINT('',(-0.399999999999999,-2.10220174740271,0.0225800482247221));
#13864=CARTESIAN_POINT('',(-0.998112504799737,-1.99748199228305,-0.444086618441948));
#13865=CARTESIAN_POINT('',(-1.54943269429396,-1.64718635292528,-0.910753285108607));
#13866=CARTESIAN_POINT('',(-1.89831405338102,-1.1502088958996,-1.37741995177528));
#13867=CARTESIAN_POINT('',(-0.2,-1.95989100743527,0.0225800482247221));
#13868=CARTESIAN_POINT('',(-0.760855640199019,-1.90753112987544,-0.444086618441947));
#13869=CARTESIAN_POINT('',(-1.29670300591026,-1.62461021380636,-0.910753285108607));
#13870=CARTESIAN_POINT('',(-1.65626380787706,-1.19100136287027,-1.37741995177528));
#13871=CARTESIAN_POINT('',(-2.77555756156289E-16,-1.81758026746783,0.0225800482247224));
#13872=CARTESIAN_POINT('',(-0.523598775598299,-1.81758026746783,-0.444086618441947));
#13873=CARTESIAN_POINT('',(-1.04397331752656,-1.60203407468746,-0.910753285108607));
#13874=CARTESIAN_POINT('',(-1.4142135623731,-1.23179382984091,-1.37741995177528));
#13875=CARTESIAN_POINT('',(0.,0.182419732532175,-1.12741995177528));
#13876=CARTESIAN_POINT('',(-0.312868930080459,-1.7929569486581,-1.37741995177528));
#13877=CARTESIAN_POINT('',(-0.34667115224303,-1.86603942632875,-1.299949408137));
#13878=CARTESIAN_POINT('',(-0.373699382617401,-2.04951243841899,-1.11443173795262));
#13879=CARTESIAN_POINT('',(-0.336063074381867,-2.20434943097622,-0.967591679192257));
#13880=CARTESIAN_POINT('',(-0.298825184620216,-2.29913126550433,-0.87794163684249));
#13881=CARTESIAN_POINT('',(-0.298125286207313,-2.29881154762851,-0.877894294054162));
#13882=CARTESIAN_POINT('',(0.,0.182419732532175,-0.877419951775277));
#13883=CARTESIAN_POINT('',(0.,0.182419732532174,-0.427419951775277));
#13884=CARTESIAN_POINT('',(-0.297993039683163,-2.29975676165602,-0.878241377548578));
#13885=CARTESIAN_POINT('',(0.120199070312015,-2.3499620304275,-0.577967568957478));
#13886=CARTESIAN_POINT('',(0.550892800112602,-2.29223627036171,-0.277693760366378));
#13887=CARTESIAN_POINT('',(0.941104770547046,-2.1336808289404,0.0225800482247221));
#13888=CARTESIAN_POINT('',(2.,0.182419732532174,0.0225800482247229));
#13889=CARTESIAN_POINT('',(2.1227395057198,-1.13817747739085,0.0225800482247226));
#13890=CARTESIAN_POINT('',(2.1227395057198,-1.13817747739085,0.0225800482247226));
#13891=CARTESIAN_POINT('',(1.17557050458495,-1.43561425621773,0.0225800482247224));
#13892=CARTESIAN_POINT('',(1.91192516379699,-1.42833852618944,0.0225800482247224));
#13893=CARTESIAN_POINT('',(0.,0.182419732532174,0.0225800482247229));
#13894=CARTESIAN_POINT('',(1.17557050458495,-1.43561425621773,0.0225800482247224));
#13895=CARTESIAN_POINT('',(0.751970196892008,-1.7433778946328,-0.444086618441947));
#13896=CARTESIAN_POINT('',(0.204283475727868,-1.87486584301454,-0.910753285108607));
#13897=CARTESIAN_POINT('',(-0.312868930080462,-1.7929569486581,-1.37741995177528));
#13898=CARTESIAN_POINT('',(1.42102205765563,-1.43318901287496,0.0225800482247224));
#13899=CARTESIAN_POINT('',(0.998056677185087,-1.80521171761829,-0.444086618441947));
#13900=CARTESIAN_POINT('',(0.424547899579517,-2.00082441173195,-0.910753285108608));
#13901=CARTESIAN_POINT('',(-0.13759356643772,-1.96480250027345,-1.37741995177528));
#13902=CARTESIAN_POINT('',(1.66647361072631,-1.4307637695322,0.0225800482247224));
#13903=CARTESIAN_POINT('',(1.24414315747817,-1.86704554060379,-0.444086618441947));
#13904=CARTESIAN_POINT('',(0.644812323431165,-2.12678298044935,-0.910753285108608));
#13905=CARTESIAN_POINT('',(0.0376817972050222,-2.13664805188881,-1.37741995177528));
#13906=CARTESIAN_POINT('',(1.91192516379699,-1.42833852618944,0.0225800482247224));
#13907=CARTESIAN_POINT('',(1.49022963777125,-1.92887936358928,-0.444086618441948));
#13908=CARTESIAN_POINT('',(0.865076747282814,-2.25274154916676,-0.910753285108608));
#13909=CARTESIAN_POINT('',(0.212957160847764,-2.30849360350415,-1.37741995177528));
#13910=CARTESIAN_POINT('',(1.91383913432299,-1.42831961474146,0.0225800482247224));
#13911=CARTESIAN_POINT('',(1.49214855930275,-1.92936152845328,-0.444086618441948));
#13912=CARTESIAN_POINT('',(0.866794314802364,-2.25372374294392,-0.910753285108608));
#13913=CARTESIAN_POINT('',(0.214323914798792,-2.30983361262897,-1.37741995177528));
#13914=CARTESIAN_POINT('',(1.91575310484898,-1.42830070329349,0.0225800482247224));
#13915=CARTESIAN_POINT('',(1.49406748083424,-1.92984369331727,-0.444086618441948));
#13916=CARTESIAN_POINT('',(0.868511882321914,-2.25470593672109,-0.910753285108608));
#13917=CARTESIAN_POINT('',(0.21569066874982,-2.31117362175378,-1.37741995177528));
#13918=CARTESIAN_POINT('',(1.91766707537497,-1.42828179184551,0.0225800482247224));
#13919=CARTESIAN_POINT('',(1.49598640236574,-1.93032585818127,-0.444086618441948));
#13920=CARTESIAN_POINT('',(0.870229449841464,-2.25568813049826,-0.910753285108608));
#13921=CARTESIAN_POINT('',(0.217057422700847,-2.3125136308786,-1.37741995177528));
#13922=CARTESIAN_POINT('',(0.893068778465628,-2.15149080910917,-0.878478123829967));
#13923=CARTESIAN_POINT('',(0.397539754308851,-2.1262577334732,-1.07913635281125));
#13924=CARTESIAN_POINT('',(-0.00408341599676933,-1.97547844416833,-1.24545029545969));
#13925=CARTESIAN_POINT('',(-0.31286893008046,-1.7929569486581,-1.37741995177528));
#13926=CARTESIAN_POINT('',(0.892769644658978,-2.1516372913258,-0.877757123692717));
#13927=CARTESIAN_POINT('',(1.91192516379698,-1.42833852618944,0.0225800482247224));
#13928=CARTESIAN_POINT('',(1.64062388129408,-1.75036558777929,-0.277609653791608));
#13929=CARTESIAN_POINT('',(1.28656770235519,-2.00208235296475,-0.577799355807938));
#13930=CARTESIAN_POINT('',(0.893288651619505,-2.15253966430705,-0.877989057824268));
#13931=CARTESIAN_POINT('',(1.17557050458495,-1.43561425621773,0.0225800482247224));
#13932=CARTESIAN_POINT('',(0.751970196892008,-1.7433778946328,-0.444086618441947));
#13933=CARTESIAN_POINT('',(0.204283475727868,-1.87486584301454,-0.910753285108607));
#13934=CARTESIAN_POINT('',(-0.312868930080462,-1.7929569486581,-1.37741995177528));
#13935=CARTESIAN_POINT('',(0.9390488252813,-2.13980192237547,0.0225800482247221));
#13936=CARTESIAN_POINT('',(0.331092617692552,-2.38564432994762,-0.444086618441948));
#13937=CARTESIAN_POINT('',(-0.374324096833812,-2.37969986284589,-0.910753285108608));
#13938=CARTESIAN_POINT('',(-0.97805088738177,-2.12364673929293,-1.37741995177528));
#13939=CARTESIAN_POINT('',(0.939734140369883,-2.13776155789712,0.0225800482247221));
#13940=CARTESIAN_POINT('',(0.332312098952455,-2.38378338053991,-0.444086618441948));
#13941=CARTESIAN_POINT('',(-0.372647597237613,-2.37823712009843,-0.910753285108608));
#13942=CARTESIAN_POINT('',(-0.976123540876647,-2.12268857468058,-1.37741995177528));
#13943=CARTESIAN_POINT('',(0.940419455458466,-2.13572119341876,0.0225800482247221));
#13944=CARTESIAN_POINT('',(0.333531580212359,-2.38192243113219,-0.444086618441948));
#13945=CARTESIAN_POINT('',(-0.370971097641414,-2.37677437735096,-0.910753285108608));
#13946=CARTESIAN_POINT('',(-0.974196194371524,-2.12173041006823,-1.37741995177528));
#13947=CARTESIAN_POINT('',(0.941104770547049,-2.13368082894041,0.0225800482247221));
#13948=CARTESIAN_POINT('',(0.334751061472262,-2.38006148172448,-0.444086618441948));
#13949=CARTESIAN_POINT('',(-0.369294598045215,-2.37531163460349,-0.910753285108608));
#13950=CARTESIAN_POINT('',(-0.972268847866401,-2.12077224545588,-1.37741995177528));
#13951=CARTESIAN_POINT('',(1.01926001522635,-1.90099197136618,0.0225800482247224));
#13952=CARTESIAN_POINT('',(0.473824106612177,-2.16783361936059,-0.444086618441948));
#13953=CARTESIAN_POINT('',(-0.178101906787521,-2.2084963707405,-0.910753285108608));
#13954=CARTESIAN_POINT('',(-0.752468875271088,-2.01150047985662,-1.37741995177528));
#13955=CARTESIAN_POINT('',(1.09741525990565,-1.66830311379195,0.0225800482247224));
#13956=CARTESIAN_POINT('',(0.612897151752093,-1.95560575699669,-0.444086618441948));
#13957=CARTESIAN_POINT('',(0.013090784470173,-2.04168110687752,-0.910753285108608));
#13958=CARTESIAN_POINT('',(-0.532668902675775,-1.90222871425736,-1.37741995177528));
#13959=CARTESIAN_POINT('',(1.17557050458495,-1.43561425621773,0.0225800482247224));
#13960=CARTESIAN_POINT('',(0.751970196892008,-1.7433778946328,-0.444086618441947));
#13961=CARTESIAN_POINT('',(0.204283475727868,-1.87486584301454,-0.910753285108607));
#13962=CARTESIAN_POINT('',(-0.312868930080462,-1.7929569486581,-1.37741995177528));
#13963=CARTESIAN_POINT('',(0.,0.182419732532175,-1.12741995177528));
#13964=CARTESIAN_POINT('',(0.907980999479097,-1.59959331584456,-1.37741995177528));
#13965=CARTESIAN_POINT('',(0.923591229877776,-1.67858672995322,-1.29994940813681));
#13966=CARTESIAN_POINT('',(1.0095676628719,-1.84290630994917,-1.11443173795842));
#13967=CARTESIAN_POINT('',(1.1310269765904,-1.94605000136468,-0.967591679181229));
#13968=CARTESIAN_POINT('',(1.21686442675254,-2.00084223382081,-0.877941636842489));
#13969=CARTESIAN_POINT('',(1.21724273101062,-2.00017218666066,-0.877894294054162));
#13970=CARTESIAN_POINT('',(0.,0.182419732532175,-0.877419951775277));
#13971=CARTESIAN_POINT('',(0.,0.182419732532174,-0.427419951775277));
#13972=CARTESIAN_POINT('',(1.21790530356173,-2.00085914831567,-0.878241377548582));
#13973=CARTESIAN_POINT('',(1.58573974403261,-1.79566890907872,-0.577967568957481));
#13974=CARTESIAN_POINT('',(1.90024794036796,-1.49581236554066,-0.277693760366379));
#13975=CARTESIAN_POINT('',(2.1227395057198,-1.13817747739085,0.0225800482247226));
#13976=CARTESIAN_POINT('',(2.,0.182419732532174,0.0225800482247229));
#13977=CARTESIAN_POINT('',(2.49355989896973,0.361749122901016,0.0225800482247232));
#13978=CARTESIAN_POINT('',(2.49355989896973,0.361749122901016,0.0225800482247232));
#13979=CARTESIAN_POINT('',(1.90211303259031,-0.435614256217721,0.0225800482247229));
#13980=CARTESIAN_POINT('',(2.49355989896973,0.00309034216333326,0.0225800482247229));
#13981=CARTESIAN_POINT('',(0.,0.182419732532174,0.0225800482247229));
#13982=CARTESIAN_POINT('',(1.90211303259031,-0.435614256217721,0.0225800482247229));
#13983=CARTESIAN_POINT('',(1.74031211269652,-0.933586283674646,-0.444086618441947));
#13984=CARTESIAN_POINT('',(1.37451092459422,-1.36188444604767,-0.910753285108607));
#13985=CARTESIAN_POINT('',(0.907980999479093,-1.59959331584457,-1.37741995177528));
#13986=CARTESIAN_POINT('',(2.09926198805012,-0.289379390090703,0.0225800482247229));
#13987=CARTESIAN_POINT('',(1.97574526658327,-0.838964893392246,-0.444086618441947));
#13988=CARTESIAN_POINT('',(1.62674517583837,-1.33431888878251,-0.910753285108607));
#13989=CARTESIAN_POINT('',(1.15079002827289,-1.63559501366972,-1.37741995177528));
#13990=CARTESIAN_POINT('',(2.29641094350992,-0.143144523963685,0.0225800482247229));
#13991=CARTESIAN_POINT('',(2.21117842047002,-0.74434350310985,-0.444086618441947));
#13992=CARTESIAN_POINT('',(1.87897942708252,-1.30675333151734,-0.910753285108607));
#13993=CARTESIAN_POINT('',(1.39359905706669,-1.67159671149486,-1.37741995177528));
#13994=CARTESIAN_POINT('',(2.49355989896973,0.00309034216333326,0.0225800482247229));
#13995=CARTESIAN_POINT('',(2.44661157435678,-0.649722112827452,-0.444086618441947));
#13996=CARTESIAN_POINT('',(2.13121367832667,-1.27918777425217,-0.910753285108607));
#13997=CARTESIAN_POINT('',(1.63640808586048,-1.70759840932002,-1.37741995177528));
#13998=CARTESIAN_POINT('',(2.49509721778177,0.00423064549463645,0.0225800482247229));
#13999=CARTESIAN_POINT('',(2.44844742388286,-0.648984278619994,-0.444086618441947));
#14000=CARTESIAN_POINT('',(2.13318053865608,-1.27897282485186,-0.910753285108607));
#14001=CARTESIAN_POINT('',(1.6383014506355,-1.70787914165869,-1.37741995177528));
#14002=CARTESIAN_POINT('',(2.49663453659382,0.00537094882593965,0.0225800482247229));
#14003=CARTESIAN_POINT('',(2.45028327340895,-0.648246444412536,-0.444086618441947));
#14004=CARTESIAN_POINT('',(2.1351473989855,-1.27875787545155,-0.910753285108607));
#14005=CARTESIAN_POINT('',(1.64019481541051,-1.70815987399736,-1.37741995177528));
#14006=CARTESIAN_POINT('',(2.49817185540586,0.00651125215724284,0.0225800482247229));
#14007=CARTESIAN_POINT('',(2.45211912293503,-0.647508610205078,-0.444086618441947));
#14008=CARTESIAN_POINT('',(2.13711425931491,-1.27854292605123,-0.910753285108607));
#14009=CARTESIAN_POINT('',(1.64208818018553,-1.70844060633602,-1.37741995177528));
#14010=CARTESIAN_POINT('',(2.09434601547109,-1.18082090174156,-0.878478123829964));
#14011=CARTESIAN_POINT('',(1.67862298399387,-1.45167156721358,-1.07913635281108));
#14012=CARTESIAN_POINT('',(1.26507717127736,-1.56575673625108,-1.24545029545952));
#14013=CARTESIAN_POINT('',(0.907980999479095,-1.59959331584456,-1.37741995177528));
#14014=CARTESIAN_POINT('',(2.09419011122457,-1.1811152347842,-0.877757123692717));
#14015=CARTESIAN_POINT('',(2.49355989896973,0.00309034216333174,0.0225800482247229));
#14016=CARTESIAN_POINT('',(2.46335530847076,-0.416901916094725,-0.277609653791607));
#14017=CARTESIAN_POINT('',(2.32487324507652,-0.828654057362157,-0.577799355807938));
#14018=CARTESIAN_POINT('',(2.09514039820629,-1.18154020522406,-0.877989057824268));
#14019=CARTESIAN_POINT('',(1.90211303259031,-0.435614256217721,0.0225800482247229));
#14020=CARTESIAN_POINT('',(1.74031211269652,-0.933586283674646,-0.444086618441947));
#14021=CARTESIAN_POINT('',(1.37451092459422,-1.36188444604767,-0.910753285108607));
#14022=CARTESIAN_POINT('',(0.907980999479093,-1.59959331584457,-1.37741995177528));
#14023=CARTESIAN_POINT('',(2.12467409950934,-1.1443380003107,0.0225800482247226));
#14024=CARTESIAN_POINT('',(1.77732973729328,-1.70057637883496,-0.444086618441947));
#14025=CARTESIAN_POINT('',(1.20314155703018,-2.11040074544636,-0.910753285108608));
#14026=CARTESIAN_POINT('',(0.564212073689584,-2.25811112092718,-1.37741995177528));
#14027=CARTESIAN_POINT('',(2.12402923491283,-1.14228449267075,0.0225800482247226));
#14028=CARTESIAN_POINT('',(1.77722247973975,-1.69835404603843,-0.444086618441947));
#14029=CARTESIAN_POINT('',(1.2036380950797,-2.10823193996714,-0.910753285108608));
#14030=CARTESIAN_POINT('',(0.56520813473787,-2.25620308362061,-1.37741995177528));
#14031=CARTESIAN_POINT('',(2.12338437031631,-1.1402309850308,0.0225800482247226));
#14032=CARTESIAN_POINT('',(1.77711522218621,-1.6961317132419,-0.444086618441947));
#14033=CARTESIAN_POINT('',(1.20413463312923,-2.10606313448792,-0.910753285108608));
#14034=CARTESIAN_POINT('',(0.566204195786156,-2.25429504631404,-1.37741995177528));
#14035=CARTESIAN_POINT('',(2.1227395057198,-1.13817747739085,0.0225800482247226));
#14036=CARTESIAN_POINT('',(1.77700796463268,-1.69390938044537,-0.444086618441947));
#14037=CARTESIAN_POINT('',(1.20463117117876,-2.1038943290087,-0.910753285108608));
#14038=CARTESIAN_POINT('',(0.567200256834442,-2.25238700900747,-1.37741995177528));
#14039=CARTESIAN_POINT('',(2.04919734800997,-0.903989736999806,0.0225800482247226));
#14040=CARTESIAN_POINT('',(1.76477601398729,-1.44046834818846,-0.444086618441947));
#14041=CARTESIAN_POINT('',(1.26125775565058,-1.85655770135502,-0.910753285108607));
#14042=CARTESIAN_POINT('',(0.680793837715992,-2.0347891112865,-1.37741995177528));
#14043=CARTESIAN_POINT('',(1.97565519030014,-0.669801996608764,0.0225800482247226));
#14044=CARTESIAN_POINT('',(1.75254406334191,-1.18702731593156,-0.444086618441947));
#14045=CARTESIAN_POINT('',(1.3178843401224,-1.60922107370134,-0.910753285108607));
#14046=CARTESIAN_POINT('',(0.794387418597543,-1.81719121356553,-1.37741995177528));
#14047=CARTESIAN_POINT('',(1.90211303259031,-0.435614256217721,0.0225800482247229));
#14048=CARTESIAN_POINT('',(1.74031211269652,-0.933586283674646,-0.444086618441947));
#14049=CARTESIAN_POINT('',(1.37451092459422,-1.36188444604767,-0.910753285108607));
#14050=CARTESIAN_POINT('',(0.907980999479093,-1.59959331584457,-1.37741995177528));
#14051=CARTESIAN_POINT('',(0.,0.182419732532175,-1.12741995177528));
#14052=CARTESIAN_POINT('',(1.78201304837674,-0.725561266946915,-1.37741995177528));
#14053=CARTESIAN_POINT('',(1.84107315389653,-0.780292818191144,-1.29994940813701));
#14054=CARTESIAN_POINT('',(2.00721417509558,-0.86269447155763,-1.11443173795273));
#14055=CARTESIAN_POINT('',(2.16610316468104,-0.874747477419044,-0.967591679192319));
#14056=CARTESIAN_POINT('',(2.26775318680648,-0.868621337335375,-0.877941636842488));
#14057=CARTESIAN_POINT('',(2.26766539754124,-0.867856896132006,-0.87789429405416));
#14058=CARTESIAN_POINT('',(0.,0.182419732532175,-0.877419951775277));
#14059=CARTESIAN_POINT('',(0.,0.182419732532174,-0.427419951775277));
#14060=CARTESIAN_POINT('',(2.2686052159248,-0.868023209411274,-0.878241377548579));
#14061=CARTESIAN_POINT('',(2.44558173284429,-0.485813159394691,-0.577967568957478));
#14062=CARTESIAN_POINT('',(2.52377295445474,-0.0583608402668388,-0.277693760366377));
#14063=CARTESIAN_POINT('',(2.49355989896973,0.361749122901015,0.0225800482247232));
#14064=CARTESIAN_POINT('',(2.,0.182419732532174,0.0225800482247229));
#14065=CARTESIAN_POINT('',(1.91192516379698,1.79317799125378,0.0225800482247238));
#14066=CARTESIAN_POINT('',(1.91192516379698,1.79317799125378,0.0225800482247238));
#14067=CARTESIAN_POINT('',(1.90211303259031,0.800453721282068,0.0225800482247232));
#14068=CARTESIAN_POINT('',(2.12273950571979,1.5030169424552,0.0225800482247235));
#14069=CARTESIAN_POINT('',(0.,0.182419732532174,0.0225800482247229));
#14070=CARTESIAN_POINT('',(1.90211303259031,0.800453721282068,0.0225800482247232));
#14071=CARTESIAN_POINT('',(2.0639139524841,0.302481693825142,-0.444086618441946));
#14072=CARTESIAN_POINT('',(2.01972191817362,-0.259031341831792,-0.910753285108607));
#14073=CARTESIAN_POINT('',(1.78201304837674,-0.725561266946919,-1.37741995177528));
#14074=CARTESIAN_POINT('',(1.97565519030014,1.03464146167311,0.0225800482247235));
#14075=CARTESIAN_POINT('',(2.19876631725837,0.517416142350325,-0.444086618441946));
#14076=CARTESIAN_POINT('',(2.20758108596189,-0.0884707645405092,-0.910753285108607));
#14077=CARTESIAN_POINT('',(1.99961094609771,-0.611967686065368,-1.37741995177528));
#14078=CARTESIAN_POINT('',(2.04919734800997,1.26882920206415,0.0225800482247235));
#14079=CARTESIAN_POINT('',(2.33361868203264,0.732350590875507,-0.444086618441946));
#14080=CARTESIAN_POINT('',(2.39544025375016,0.0820898127507741,-0.910753285108607));
#14081=CARTESIAN_POINT('',(2.21720884381868,-0.498374105183815,-1.37741995177528));
#14082=CARTESIAN_POINT('',(2.12273950571979,1.5030169424552,0.0225800482247235));
#14083=CARTESIAN_POINT('',(2.46847104680691,0.947285039400689,-0.444086618441946));
#14084=CARTESIAN_POINT('',(2.58329942153843,0.252650390042058,-0.910753285108607));
#14085=CARTESIAN_POINT('',(2.43480674153965,-0.384780524302265,-1.37741995177528));
#14086=CARTESIAN_POINT('',(2.12331296928323,1.50484308055476,0.0225800482247235));
#14087=CARTESIAN_POINT('',(2.46952259220685,0.948961045090412,-0.444086618441946));
#14088=CARTESIAN_POINT('',(2.58476430088299,0.253980379254788,-0.910753285108607));
#14089=CARTESIAN_POINT('',(2.4365035161477,-0.383894749643155,-1.37741995177528));
#14090=CARTESIAN_POINT('',(2.12388643284666,1.50666921865431,0.0225800482247235));
#14091=CARTESIAN_POINT('',(2.47057413760678,0.950637050780135,-0.444086618441946));
#14092=CARTESIAN_POINT('',(2.58622918022756,0.255310368467519,-0.910753285108607));
#14093=CARTESIAN_POINT('',(2.43820029075574,-0.383008974984044,-1.37741995177528));
#14094=CARTESIAN_POINT('',(2.12445989641009,1.50849535675387,0.0225800482247235));
#14095=CARTESIAN_POINT('',(2.47162568300672,0.952313056469858,-0.444086618441946));
#14096=CARTESIAN_POINT('',(2.58769405957212,0.256640357680249,-0.910753285108607));
#14097=CARTESIAN_POINT('',(2.43989706536379,-0.382123200324934,-1.37741995177528));
#14098=CARTESIAN_POINT('',(2.4956542587695,0.310560593073652,-0.878478123829966));
#14099=CARTESIAN_POINT('',(2.42314665880816,0.120831697065028,-0.960619261468843));
#14100=CARTESIAN_POINT('',(2.18505668536544,-0.328554931524753,-1.16412020785943));
#14101=CARTESIAN_POINT('',(1.91823392738808,-0.605411933292398,-1.31059291587468));
#14102=CARTESIAN_POINT('',(1.78201304837674,-0.725561266946918,-1.37741995177527));
#14103=CARTESIAN_POINT('',(2.4957011342063,0.310230834423279,-0.877757123692716));
#14104=CARTESIAN_POINT('',(2.12273950571979,1.5030169424552,0.0225800482247235));
#14105=CARTESIAN_POINT('',(2.34516873417908,1.14548225517169,-0.277609653791606));
#14106=CARTESIAN_POINT('',(2.47515622771388,0.730970060845897,-0.577799355807936));
#14107=CARTESIAN_POINT('',(2.49671972388126,0.310445590788618,-0.877989057824266));
#14108=CARTESIAN_POINT('',(1.90211303259031,0.800453721282068,0.0225800482247232));
#14109=CARTESIAN_POINT('',(2.0639139524841,0.302481693825142,-0.444086618441946));
#14110=CARTESIAN_POINT('',(2.01972191817362,-0.259031341831792,-0.910753285108607));
#14111=CARTESIAN_POINT('',(1.78201304837674,-0.725561266946919,-1.37741995177528));
#14112=CARTESIAN_POINT('',(2.49874608274138,0.357902280863288,0.0225800482247232));
#14113=CARTESIAN_POINT('',(2.5446873064639,-0.296267913863928,-0.444086618441947));
#14114=CARTESIAN_POINT('',(2.32104802938612,-0.965322135560808,-0.910753285108607));
#14115=CARTESIAN_POINT('',(1.89096519947458,-1.46037566713274,-1.37741995177528));
#14116=CARTESIAN_POINT('',(2.4970173548175,0.35918456154253,0.0225800482247232));
#14117=CARTESIAN_POINT('',(2.54329427883683,-0.294533053272541,-0.444086618441947));
#14118=CARTESIAN_POINT('',(2.32017494523076,-0.963275677327911,-0.910753285108607));
#14119=CARTESIAN_POINT('',(1.89064951360045,-1.45824656253126,-1.37741995177528));
#14120=CARTESIAN_POINT('',(2.49528862689361,0.360466842221773,0.0225800482247232));
#14121=CARTESIAN_POINT('',(2.54190125120976,-0.292798192681155,-0.444086618441947));
#14122=CARTESIAN_POINT('',(2.31930186107541,-0.961229219095013,-0.910753285108607));
#14123=CARTESIAN_POINT('',(1.89033382772633,-1.45611745792978,-1.37741995177528));
#14124=CARTESIAN_POINT('',(2.49355989896973,0.361749122901016,0.0225800482247232));
#14125=CARTESIAN_POINT('',(2.54050822358269,-0.291063332089768,-0.444086618441947));
#14126=CARTESIAN_POINT('',(2.31842877692005,-0.959182760862115,-0.910753285108607));
#14127=CARTESIAN_POINT('',(1.8900181418522,-1.4539883533283,-1.37741995177528));
#14128=CARTESIAN_POINT('',(2.29641094350992,0.507983989028035,0.0225800482247232));
#14129=CARTESIAN_POINT('',(2.38164346654982,-0.0932149901181312,-0.444086618441947));
#14130=CARTESIAN_POINT('',(2.21885982400457,-0.725798954518675,-0.910753285108607));
#14131=CARTESIAN_POINT('',(1.85401644402704,-1.21117932453451,-1.37741995177528));
#14132=CARTESIAN_POINT('',(2.09926198805012,0.654218855155051,0.0225800482247232));
#14133=CARTESIAN_POINT('',(2.22277870951696,0.104633351853506,-0.444086618441947));
#14134=CARTESIAN_POINT('',(2.1192908710891,-0.492415148175234,-0.910753285108607));
#14135=CARTESIAN_POINT('',(1.81801474620189,-0.968370295740715,-1.37741995177528));
#14136=CARTESIAN_POINT('',(1.90211303259031,0.800453721282068,0.0225800482247232));
#14137=CARTESIAN_POINT('',(2.0639139524841,0.302481693825142,-0.444086618441946));
#14138=CARTESIAN_POINT('',(2.01972191817362,-0.259031341831792,-0.910753285108607));
#14139=CARTESIAN_POINT('',(1.78201304837674,-0.725561266946919,-1.37741995177528));
#14140=CARTESIAN_POINT('',(0.,0.182419732532175,-1.12741995177528));
#14141=CARTESIAN_POINT('',(1.97537668119028,0.495288662612641,-1.37741995177527));
#14142=CARTESIAN_POINT('',(2.05532770890187,0.485724566550919,-1.29994940813694));
#14143=CARTESIAN_POINT('',(2.23817309512917,0.51671547067551,-1.11443173795136));
#14144=CARTESIAN_POINT('',(2.37380156701012,0.600356988927057,-0.967591679195398));
#14145=CARTESIAN_POINT('',(2.45243730759623,0.665061524267404,-0.877941636842488));
#14146=CARTESIAN_POINT('',(2.45191695732315,0.665628368956709,-0.877894294054162));
#14147=CARTESIAN_POINT('',(0.,0.182419732532175,-0.877419951775277));
#14148=CARTESIAN_POINT('',(0.,0.182419732532174,-0.427419951775277));
#14149=CARTESIAN_POINT('',(0.941104770547049,2.49852029400475,0.022580048224724));
#14150=CARTESIAN_POINT('',(1.33120741278457,2.34000927608102,-0.277609653791607));
#14151=CARTESIAN_POINT('',(1.68001365883052,2.08106659817802,-0.577799355807937));
#14152=CARTESIAN_POINT('',(1.94463697541584,1.75352986038622,-0.877989057824268));
#14153=CARTESIAN_POINT('',(0.941104770547048,2.49852029400475,0.022580048224724));
#14154=CARTESIAN_POINT('',(0.,0.182419732532174,0.0225800482247229));
#14155=CARTESIAN_POINT('',(0.,0.182419732532174,-0.427419951775277));
#14156=CARTESIAN_POINT('',(2.45277504285989,0.66604623007308,-0.878241377548579));
#14157=CARTESIAN_POINT('',(2.37129462197533,1.07928484260477,-0.577967568957478));
#14158=CARTESIAN_POINT('',(2.18330247982755,1.47106067998554,-0.277693760366377));
#14159=CARTESIAN_POINT('',(1.91192516379698,1.79317799125378,0.0225800482247238));
#14160=CARTESIAN_POINT('',(2.,0.182419732532174,0.0225800482247229));
#14161=CARTESIAN_POINT('',(1.17557050458495,1.80045372128206,0.0225800482247238));
#14162=CARTESIAN_POINT('',(1.17557050458495,1.80045372128206,0.0225800482247238));
#14163=CARTESIAN_POINT('',(1.59917081227789,1.49269008286699,-0.444086618441946));
#14164=CARTESIAN_POINT('',(1.89346778683384,1.01244106842097,-0.910753285108606));
#14165=CARTESIAN_POINT('',(1.97537668119028,0.495288662612636,-1.37741995177528));
#14166=CARTESIAN_POINT('',(1.09741525990565,2.03314257885629,0.0225800482247238));
#14167=CARTESIAN_POINT('',(1.5819333680592,1.74583993565155,-0.444086618441946));
#14168=CARTESIAN_POINT('',(1.94519605416937,1.2608483223539,-0.910753285108606));
#14169=CARTESIAN_POINT('',(2.08464844678954,0.71508863520795,-1.37741995177528));
#14170=CARTESIAN_POINT('',(1.01926001522635,2.26583143643052,0.0225800482247238));
#14171=CARTESIAN_POINT('',(1.56469592384052,1.99898978843611,-0.444086618441946));
#14172=CARTESIAN_POINT('',(1.99692432150491,1.50925557628684,-0.910753285108606));
#14173=CARTESIAN_POINT('',(2.1939202123888,0.934888607803264,-1.37741995177528));
#14174=CARTESIAN_POINT('',(0.941104770547048,2.49852029400475,0.022580048224724));
#14175=CARTESIAN_POINT('',(1.54745847962184,2.25213964122067,-0.444086618441946));
#14176=CARTESIAN_POINT('',(2.04865258884045,1.75766283021976,-0.910753285108606));
#14177=CARTESIAN_POINT('',(2.30319197798806,1.15468858039858,-1.37741995177528));
#14178=CARTESIAN_POINT('',(0.940495335271954,2.50033474418668,0.022580048224724));
#14179=CARTESIAN_POINT('',(1.54732406629357,2.25411364118452,-0.444086618441946));
#14180=CARTESIAN_POINT('',(2.04905595307996,1.75959984857032,-0.910753285108606));
#14181=CARTESIAN_POINT('',(2.30404405220011,1.15640252624206,-1.37741995177528));
#14182=CARTESIAN_POINT('',(0.939885899996859,2.50214919436861,0.022580048224724));
#14183=CARTESIAN_POINT('',(1.54718965296529,2.25608764114838,-0.444086618441946));
#14184=CARTESIAN_POINT('',(2.04945931731947,1.76153686692087,-0.910753285108606));
#14185=CARTESIAN_POINT('',(2.30489612641217,1.15811647208554,-1.37741995177528));
#14186=CARTESIAN_POINT('',(0.939276464721765,2.50396364455054,0.022580048224724));
#14187=CARTESIAN_POINT('',(1.54705523963702,2.25806164111223,-0.444086618441946));
#14188=CARTESIAN_POINT('',(2.04986268155898,1.76347388527143,-0.910753285108606));
#14189=CARTESIAN_POINT('',(2.30574820062422,1.15983041792903,-1.37741995177528));
#14190=CARTESIAN_POINT('',(1.17557050458495,1.80045372128206,0.0225800482247238));
#14191=CARTESIAN_POINT('',(1.59917081227789,1.49269008286699,-0.444086618441946));
#14192=CARTESIAN_POINT('',(1.89346778683384,1.01244106842097,-0.910753285108606));
#14193=CARTESIAN_POINT('',(1.97537668119028,0.495288662612636,-1.37741995177528));
#14194=CARTESIAN_POINT('',(1.91838199162188,1.79311419300723,0.0225800482247238));
#14195=CARTESIAN_POINT('',(2.34006081530574,1.29088296203571,-0.444086618441946));
#14196=CARTESIAN_POINT('',(2.55239304403752,0.618154857624964,-0.910753285108606));
#14197=CARTESIAN_POINT('',(2.49543389060351,-0.0351482072282856,-1.37741995177528));
#14198=CARTESIAN_POINT('',(1.91622971568024,1.79313545908942,0.0225800482247238));
#14199=CARTESIAN_POINT('',(2.3379141068114,1.29146769264179,-0.444086618441946));
#14200=CARTESIAN_POINT('',(2.55048382614959,0.61929729112313,-0.910753285108606));
#14201=CARTESIAN_POINT('',(2.49392703908111,-0.0336112809240531,-1.37741995177528));
#14202=CARTESIAN_POINT('',(1.91407743973861,1.7931567251716,0.0225800482247238));
#14203=CARTESIAN_POINT('',(2.33576739831707,1.29205242324786,-0.444086618441946));
#14204=CARTESIAN_POINT('',(2.54857460826165,0.620439724621296,-0.910753285108606));
#14205=CARTESIAN_POINT('',(2.49242018755872,-0.0320743546198205,-1.37741995177528));
#14206=CARTESIAN_POINT('',(1.91192516379698,1.79317799125378,0.0225800482247238));
#14207=CARTESIAN_POINT('',(2.33362068982273,1.29263715385394,-0.444086618441946));
#14208=CARTESIAN_POINT('',(2.54666539037372,0.621582158119462,-0.910753285108606));
#14209=CARTESIAN_POINT('',(2.49091333603633,-0.0305374283155879,-1.37741995177528));
#14210=CARTESIAN_POINT('',(1.66647361072631,1.79560323459654,0.0225800482247238));
#14211=CARTESIAN_POINT('',(2.08880406397445,1.35932146352496,-0.444086618441946));
#14212=CARTESIAN_POINT('',(2.32893285586043,0.751868461553296,-0.910753285108606));
#14213=CARTESIAN_POINT('',(2.31906778442098,0.144737935327154,-1.37741995177528));
#14214=CARTESIAN_POINT('',(1.42102205765563,1.7980284779393,0.0225800482247238));
#14215=CARTESIAN_POINT('',(1.84398743812616,1.42600577319597,-0.444086618441946));
#14216=CARTESIAN_POINT('',(2.11120032134713,0.882154764987132,-0.910753285108606));
#14217=CARTESIAN_POINT('',(2.14722223280563,0.320013298969896,-1.37741995177528));
#14218=CARTESIAN_POINT('',(1.17557050458495,1.80045372128206,0.0225800482247238));
#14219=CARTESIAN_POINT('',(1.59917081227789,1.49269008286699,-0.444086618441946));
#14220=CARTESIAN_POINT('',(1.89346778683384,1.01244106842097,-0.910753285108606));
#14221=CARTESIAN_POINT('',(1.97537668119028,0.495288662612636,-1.37741995177528));
#14222=CARTESIAN_POINT('',(0.,0.182419732532175,-3.381631675364));
#14223=CARTESIAN_POINT('',(1.09578704909582,-0.903904226070359,-3.381631675364));
#14224=CARTESIAN_POINT('',(1.09578704909582,-0.903904226070359,-3.381631675364));
#14225=CARTESIAN_POINT('',(0.,0.182419732532174,-0.277419951775277));
#14226=CARTESIAN_POINT('',(-0.99116510106176,0.96762798034751,-0.277419951775276));
#14227=CARTESIAN_POINT('',(-0.99116510106176,0.96762798034751,-0.277419951775276));
#14228=CARTESIAN_POINT('',(0.,0.182419732532174,-0.277419951775277));
#14229=CARTESIAN_POINT('',(0.,0.182419732532174,-0.277419951775277));
#14230=CARTESIAN_POINT('',(-0.99116510106176,0.96762798034751,-0.277419951775276));
#14231=CARTESIAN_POINT('',(0.,0.182419732532174,-0.277419951775277));
#14232=CARTESIAN_POINT('',(-0.99116510106176,0.96762798034751,-0.277419951775276));
#14233=CARTESIAN_POINT('',(0.,0.182419732532174,-0.277419951775277));
#14234=CARTESIAN_POINT('',(-0.99116510106176,0.96762798034751,-0.277419951775276));
#14235=CARTESIAN_POINT('',(0.,0.182419732532174,-0.277419951775277));
#14236=CARTESIAN_POINT('',(-0.99116510106176,0.96762798034751,-0.277419951775276));
#14237=CARTESIAN_POINT('',(0.,0.182419732532174,-0.277419951775277));
#14238=CARTESIAN_POINT('',(-0.99116510106176,0.96762798034751,-0.277419951775276));
#14239=CARTESIAN_POINT('',(0.,0.182419732532174,-0.277419951775277));
#14240=CARTESIAN_POINT('',(0.,0.182419732532175,-3.381631675364));
#14241=CARTESIAN_POINT('',(0.,0.182419732532175,-3.381631675364));
#14242=CARTESIAN_POINT('',(1.09578704909582,-0.903904226070359,-3.381631675364));
#14243=CARTESIAN_POINT('',(0.,0.182419732532175,-3.381631675364));
#14244=CARTESIAN_POINT('',(1.09578704909582,-0.903904226070359,-3.381631675364));
#14245=CARTESIAN_POINT('',(0.,0.182419732532175,-3.381631675364));
#14246=CARTESIAN_POINT('',(1.09578704909582,-0.903904226070359,-3.381631675364));
#14247=CARTESIAN_POINT('',(0.,0.182419732532175,-3.381631675364));
#14248=CARTESIAN_POINT('',(1.09578704909582,-0.903904226070359,-3.381631675364));
#14249=CARTESIAN_POINT('',(0.,0.182419732532175,-3.381631675364));
#14250=CARTESIAN_POINT('',(1.09578704909582,-0.903904226070359,-3.381631675364));
#14251=CARTESIAN_POINT('',(0.,0.182419732532175,-3.381631675364));
#14252=CARTESIAN_POINT('',(1.09578704909582,-0.903904226070359,-3.381631675364));
#14253=CARTESIAN_POINT('',(0.,0.182419732532175,-3.381631675364));
#14254=CARTESIAN_POINT('',(8.97795530949265,-26.1644399851817,0.877221403323943));
#14255=CARTESIAN_POINT('',(-9.22204469050735,-26.164439985186,0.877221403323942));
#14256=CARTESIAN_POINT('',(0.,-5.68536094204108E-17,0.923464903537813));
#14257=CARTESIAN_POINT('',(0.,0.,0.994949999999993));
#14258=CARTESIAN_POINT('',(1.9162,-2.34666819652616E-16,0.994949999999993));
#14259=CARTESIAN_POINT('',(-1.9162,-2.34666819652616E-16,0.994949999999993));
#14260=CARTESIAN_POINT('',(0.,0.,0.994949999999993));
#14261=CARTESIAN_POINT('',(1.88658990353781,2.3104062866713E-16,0.923464903537813));
#14262=CARTESIAN_POINT('',(1.85697980707563,2.27414437681643E-16,0.851979807075626));
#14263=CARTESIAN_POINT('',(0.,-1.13707218840821E-16,0.851979807075626));
#14264=CARTESIAN_POINT('',(-1.85697980707563,-2.27414437681643E-16,0.851979807075626));
#14265=CARTESIAN_POINT('',(0.,-1.13707218840821E-16,0.851979807075626));
#14266=CARTESIAN_POINT('',(0.,0.,1.07869999999999));
#14267=CARTESIAN_POINT('',(0.,0.,1.16244999999999));
#14268=CARTESIAN_POINT('',(-1.9162,-2.34666819652616E-16,1.16244999999999));
#14269=CARTESIAN_POINT('',(1.9162,-2.34666819652616E-16,1.16244999999999));
#14270=CARTESIAN_POINT('',(-1.9162,-2.34666819652616E-16,1.07869999999999));
#14271=CARTESIAN_POINT('',(0.,0.,1.16244999999999));
#14272=CARTESIAN_POINT('',(0.,0.,0.455599999999998));
#14273=CARTESIAN_POINT('',(-1.4606,-1.78871911483462E-16,0.455599999999998));
#14274=CARTESIAN_POINT('',(-1.,-1.22464679914735E-16,-0.00500000000000153));
#14275=CARTESIAN_POINT('',(0.,0.,-0.00500000000000148));
#14276=CARTESIAN_POINT('',(0.,0.,1.204325));
#14277=CARTESIAN_POINT('',(1.874325,-2.29538611181186E-16,1.204325));
#14278=CARTESIAN_POINT('',(1.83245,-2.24410402709757E-16,1.2462));
#14279=CARTESIAN_POINT('',(0.,0.,1.2462));
#14280=CARTESIAN_POINT('',(0.,0.,1.2462));
#14281=CARTESIAN_POINT('',(0.216075000000001,0.776550545816781,1.2462));
#14282=CARTESIAN_POINT('',(0.78055,0.450650752615963,1.2462));
#14283=CARTESIAN_POINT('',(5.57887069874141E-16,0.901301505231926,1.2462));
#14284=CARTESIAN_POINT('',(0.78055,0.201148833785665,1.2462));
#14285=CARTESIAN_POINT('',(0.78055,-0.450650752615963,1.2462));
#14286=CARTESIAN_POINT('',(0.564475,-0.575401712031111,1.2462));
#14287=CARTESIAN_POINT('',(-3.71924713249427E-16,-0.901301505231926,1.2462));
#14288=CARTESIAN_POINT('',(-0.216075000000001,-0.776550545816781,1.2462));
#14289=CARTESIAN_POINT('',(-0.78055,-0.450650752615963,1.2462));
#14290=CARTESIAN_POINT('',(-0.78055,-0.201148833785666,1.2462));
#14291=CARTESIAN_POINT('',(-0.78055,0.450650752615962,1.2462));
#14292=CARTESIAN_POINT('',(-0.564475,0.575401712031111,1.2462));
#14293=CARTESIAN_POINT('',(-0.738675,-0.201148833785666,1.204325));
#14294=CARTESIAN_POINT('',(-0.78055,-0.450650752615963,1.2462));
#14295=CARTESIAN_POINT('',(-0.6968,-0.402297667571331,1.16245));
#14296=CARTESIAN_POINT('',(-0.6968,-0.201148833785666,1.16245));
#14297=CARTESIAN_POINT('',(-0.6968,0.402297667571331,1.16245));
#14298=CARTESIAN_POINT('',(-0.78055,0.450650752615962,1.2462));
#14299=CARTESIAN_POINT('',(-0.1951375,-0.740285732033306,1.204325));
#14300=CARTESIAN_POINT('',(-3.71924713249427E-16,-0.901301505231926,1.2462));
#14301=CARTESIAN_POINT('',(9.89941567205682E-18,-0.804595335142661,1.16245));
#14302=CARTESIAN_POINT('',(-0.1742,-0.70402091824983,1.16245));
#14303=CARTESIAN_POINT('',(0.5435375,-0.539136898247638,1.204325));
#14304=CARTESIAN_POINT('',(0.78055,-0.450650752615963,1.2462));
#14305=CARTESIAN_POINT('',(0.6968,-0.402297667571332,1.16245));
#14306=CARTESIAN_POINT('',(0.5226,-0.502872084464165,1.16245));
#14307=CARTESIAN_POINT('',(0.195137500000001,0.740285732033306,1.204325));
#14308=CARTESIAN_POINT('',(0.1742,0.70402091824983,1.16245));
#14309=CARTESIAN_POINT('',(3.18308116145189E-16,0.804595335142661,1.16245));
#14310=CARTESIAN_POINT('',(0.6968,0.402297667571331,1.16245));
#14311=CARTESIAN_POINT('',(0.6968,0.402297667571331,1.16245));
#14312=CARTESIAN_POINT('',(4.64905891561784E-16,0.901301505231926,1.2462));
#14313=CARTESIAN_POINT('',(0.738675,0.201148833785665,1.204325));
#14314=CARTESIAN_POINT('',(0.6968,0.201148833785665,1.16245));
#14315=CARTESIAN_POINT('',(-0.5435375,0.539136898247637,1.204325));
#14316=CARTESIAN_POINT('',(-0.5226,0.502872084464164,1.16245));
#14317=CARTESIAN_POINT('',(0.6968,-0.402297667571332,1.2462));
#14318=CARTESIAN_POINT('',(0.6968,-0.402297667571332,1.2462));
#14319=CARTESIAN_POINT('',(0.6968,-0.402297667571332,0.4087));
#14320=CARTESIAN_POINT('',(9.89941567205682E-18,-0.804595335142661,0.4087));
#14321=CARTESIAN_POINT('',(0.348400000000001,-0.603446501356997,0.4087));
#14322=CARTESIAN_POINT('',(9.89941567205682E-18,-0.804595335142661,0.4087));
#14323=CARTESIAN_POINT('',(0.,-0.804595335142661,0.4087));
#14324=CARTESIAN_POINT('',(9.89941567205682E-18,-0.804595335142661,1.2462));
#14325=CARTESIAN_POINT('',(0.6968,0.402297667571331,1.2462));
#14326=CARTESIAN_POINT('',(0.6968,0.402297667571331,1.2462));
#14327=CARTESIAN_POINT('',(0.6968,0.402297667571331,0.4087));
#14328=CARTESIAN_POINT('',(0.6968,-0.402297667571332,0.4087));
#14329=CARTESIAN_POINT('',(0.6968,0.,0.4087));
#14330=CARTESIAN_POINT('',(0.6968,-0.402297667571332,0.4087));
#14331=CARTESIAN_POINT('',(2.78943534937071E-16,0.804595335142661,1.2462));
#14332=CARTESIAN_POINT('',(3.18308116145189E-16,0.804595335142661,1.2462));
#14333=CARTESIAN_POINT('',(2.78943534937071E-16,0.804595335142661,0.4087));
#14334=CARTESIAN_POINT('',(0.6968,0.402297667571332,0.4087));
#14335=CARTESIAN_POINT('',(0.348400000000001,0.603446501356997,0.4087));
#14336=CARTESIAN_POINT('',(0.6968,0.402297667571332,0.4087));
#14337=CARTESIAN_POINT('',(1.85962356624714E-16,-9.29811783123571E-17,0.4087));
#14338=CARTESIAN_POINT('',(3.12088245187216E-16,0.,0.4087));
#14339=CARTESIAN_POINT('',(1.85962356624714E-16,-9.29811783123571E-17,0.4087));
#14340=CARTESIAN_POINT('',(3.12088245187216E-16,0.,0.4087));
#14341=CARTESIAN_POINT('',(-0.3484,0.603446501356997,0.4087));
#14342=CARTESIAN_POINT('',(3.18308116145189E-16,0.804595335142661,0.4087));
#14343=CARTESIAN_POINT('',(1.85962356624714E-16,-9.29811783123571E-17,0.4087));
#14344=CARTESIAN_POINT('',(3.12088245187216E-16,0.,0.4087));
#14345=CARTESIAN_POINT('',(-0.6968,9.29811783123571E-17,0.4087));
#14346=CARTESIAN_POINT('',(3.18308116145189E-16,0.804595335142661,0.4087));
#14347=CARTESIAN_POINT('',(-0.6968,0.402297667571331,0.4087));
#14348=CARTESIAN_POINT('',(-0.6968,0.402297667571331,0.4087));
#14349=CARTESIAN_POINT('',(1.85962356624714E-16,-9.29811783123571E-17,0.4087));
#14350=CARTESIAN_POINT('',(3.12088245187216E-16,0.,0.4087));
#14351=CARTESIAN_POINT('',(-0.3484,-0.603446501356997,0.4087));
#14352=CARTESIAN_POINT('',(-0.6968,0.402297667571331,0.4087));
#14353=CARTESIAN_POINT('',(-0.6968,-0.402297667571331,0.4087));
#14354=CARTESIAN_POINT('',(-0.6968,-0.402297667571331,0.4087));
#14355=CARTESIAN_POINT('',(1.85962356624714E-16,-9.29811783123571E-17,0.4087));
#14356=CARTESIAN_POINT('',(3.12088245187216E-16,0.,0.4087));
#14357=CARTESIAN_POINT('',(-0.6968,-0.402297667571331,0.4087));
#14358=CARTESIAN_POINT('',(1.85962356624714E-16,-9.29811783123571E-17,0.4087));
#14359=CARTESIAN_POINT('',(3.12088245187216E-16,0.,0.4087));
#14360=CARTESIAN_POINT('',(-0.6968,0.402297667571331,1.2462));
#14361=CARTESIAN_POINT('',(-0.6968,0.402297667571331,1.2462));
#14362=CARTESIAN_POINT('',(-0.6968,-0.402297667571331,1.2462));
#14363=CARTESIAN_POINT('',(-0.6968,-0.402297667571331,1.2462));
#14364=CARTESIAN_POINT('',(0.,-0.804595335142661,1.2462));
#14365=CARTESIAN_POINT('',(3.12088245187216E-16,0.,0.199360160330798));
#14366=CARTESIAN_POINT('',(3.12088245187216E-16,0.,0.));
#14367=CARTESIAN_POINT('',(-0.0166089755633427,2.03401287607646E-18,0.));
#14368=CARTESIAN_POINT('',(-0.3484,-4.26666944822938E-17,0.199360160330798));
#14369=CARTESIAN_POINT('',(0.782147722993535,-0.57246657107615,-6.482871213883));
#14370=CARTESIAN_POINT('',(8.69971116776653E-16,0.,-6.482871213883));
#14371=CARTESIAN_POINT('',(-0.0166089755633421,-2.03401287607646E-18,-6.482871213883));
#14372=CARTESIAN_POINT('',(0.,0.,0.));
#14373=CARTESIAN_POINT('',(7.27490962606667E-16,0.,-8.4538));
#14374=CARTESIAN_POINT('',(1.,0.,-8.4538));
#14375=CARTESIAN_POINT('',(0.782147722993535,-0.57246657107615,-8.7538));
#14376=CARTESIAN_POINT('',(7.53307434345057E-16,-8.5311758207198E-18,-8.7538));
#14377=CARTESIAN_POINT('',(-0.699999999999999,-8.5311758207198E-18,-8.7538));
#14378=CARTESIAN_POINT('',(3.12088245187216E-16,0.,0.));
#14379=CARTESIAN_POINT('',(-0.0166089755633427,2.03401287607646E-18,-1.42928382744884E-18));
#14380=CARTESIAN_POINT('',(7.53307434345057E-16,0.,-8.7538));
#14381=CARTESIAN_POINT('',(-21.5747540786397,-29.3990957748711,17.8363926464736));
#14382=CARTESIAN_POINT('',(-8.00309107862782,-22.8311122748641,21.9363926464717));
#14383=CARTESIAN_POINT('',(7.99690892137217,-22.8311122748642,21.9363926464707));
#14384=CARTESIAN_POINT('',(21.5685719213741,-29.3990957748654,17.8363926464887));
#14385=CARTESIAN_POINT('',(11.,0.,0.));
#14386=CARTESIAN_POINT('',(11.,0.,0.));
#14387=CARTESIAN_POINT('',(11.,0.,-1.2));
#14388=CARTESIAN_POINT('',(11.,0.,0.));
#14389=CARTESIAN_POINT('',(10.7,0.,0.));
#14390=CARTESIAN_POINT('',(10.7,0.,1.5));
#14391=CARTESIAN_POINT('',(3.,0.,0.));
#14392=CARTESIAN_POINT('',(3.,0.,-1.5));
#14393=CARTESIAN_POINT('',(0.375,0.,0.));
#14394=CARTESIAN_POINT('',(0.,0.,0.));
#14395=CARTESIAN_POINT('',(0.,0.,-2.375));
#14396=CARTESIAN_POINT('',(0.375,0.,0.));
#14397=CARTESIAN_POINT('',(0.375,0.,-2.75));
#14398=CARTESIAN_POINT('',(1.3,0.,0.));
#14399=CARTESIAN_POINT('',(2.02168783648704,0.,0.));
#14400=CARTESIAN_POINT('',(1.3,0.,0.));
#14401=CARTESIAN_POINT('',(1.3,0.625,-1.08253175473055));
#14402=CARTESIAN_POINT('',(1.3,1.25,0.));
#14403=CARTESIAN_POINT('',(1.3,0.,0.));
#14404=CARTESIAN_POINT('',(1.3,-0.625,-1.08253175473055));
#14405=CARTESIAN_POINT('',(1.3,0.,0.));
#14406=CARTESIAN_POINT('',(1.3,-1.25,1.87789324842145E-16));
#14407=CARTESIAN_POINT('',(1.3,0.,0.));
#14408=CARTESIAN_POINT('',(1.3,-0.625,1.08253175473055));
#14409=CARTESIAN_POINT('',(1.3,0.,0.));
#14410=CARTESIAN_POINT('',(1.3,0.625,1.08253175473055));
#14411=CARTESIAN_POINT('',(1.3,0.,0.));
#14412=CARTESIAN_POINT('',(3.,0.,0.));
#14413=CARTESIAN_POINT('',(3.,0.,0.));
#14414=CARTESIAN_POINT('',(3.,0.,-2.75));
#14415=CARTESIAN_POINT('',(1.3,-2.5,-8.67361737988403E-16));
#14416=CARTESIAN_POINT('',(1.3,-2.25180611554471E-16,1.44337567297406));
#14417=CARTESIAN_POINT('',(1.3,-1.25,0.721687836487032));
#14418=CARTESIAN_POINT('',(1.3,-1.25,0.721687836487032));
#14419=CARTESIAN_POINT('',(1.3,-2.5,-8.67361737988403E-16));
#14420=CARTESIAN_POINT('',(1.3,-1.25,0.721687836487032));
#14421=CARTESIAN_POINT('',(1.3,-1.25,-0.721687836487033));
#14422=CARTESIAN_POINT('',(1.3,-1.25,-0.721687836487033));
#14423=CARTESIAN_POINT('',(1.3,-2.5,-8.67361737988403E-16));
#14424=CARTESIAN_POINT('',(1.3,-1.25,-0.721687836487033));
#14425=CARTESIAN_POINT('',(1.3,1.96502220352318E-16,-1.44337567297406));
#14426=CARTESIAN_POINT('',(1.3,1.96502220352318E-16,-1.44337567297406));
#14427=CARTESIAN_POINT('',(1.3,-2.5,-8.67361737988403E-16));
#14428=CARTESIAN_POINT('',(1.3,1.96502220352318E-16,-1.44337567297406));
#14429=CARTESIAN_POINT('',(1.3,1.25,-0.721687836487032));
#14430=CARTESIAN_POINT('',(1.3,1.25,-0.721687836487032));
#14431=CARTESIAN_POINT('',(1.3,-2.5,-8.67361737988403E-16));
#14432=CARTESIAN_POINT('',(1.3,1.25,-0.721687836487032));
#14433=CARTESIAN_POINT('',(1.3,1.25,0.721687836487032));
#14434=CARTESIAN_POINT('',(1.3,1.25,0.721687836487032));
#14435=CARTESIAN_POINT('',(1.3,-2.5,-8.67361737988403E-16));
#14436=CARTESIAN_POINT('',(1.3,1.25,0.721687836487032));
#14437=CARTESIAN_POINT('',(1.3,-2.25180611554471E-16,1.44337567297406));
#14438=CARTESIAN_POINT('',(1.3,-2.25180611554471E-16,1.44337567297406));
#14439=CARTESIAN_POINT('',(0.,0.,0.));
#14440=CARTESIAN_POINT('',(0.,-1.25,-0.721687836487033));
#14441=CARTESIAN_POINT('',(0.,-1.25,-0.721687836487033));
#14442=CARTESIAN_POINT('',(0.,1.96502220352318E-16,-1.44337567297406));
#14443=CARTESIAN_POINT('',(0.,1.96502220352318E-16,-1.44337567297406));
#14444=CARTESIAN_POINT('',(0.,1.25,-0.721687836487032));
#14445=CARTESIAN_POINT('',(0.,1.25,-0.721687836487032));
#14446=CARTESIAN_POINT('',(0.,1.25,0.721687836487032));
#14447=CARTESIAN_POINT('',(0.,1.25,0.721687836487032));
#14448=CARTESIAN_POINT('',(0.,-2.25180611554471E-16,1.44337567297406));
#14449=CARTESIAN_POINT('',(0.,-2.25180611554471E-16,1.44337567297406));
#14450=CARTESIAN_POINT('',(0.,-1.25,0.721687836487032));
#14451=CARTESIAN_POINT('',(0.,-1.25,0.721687836487032));
#14452=CARTESIAN_POINT('',(3.,0.,0.));
#14453=CARTESIAN_POINT('',(1.3,-1.25,-0.721687836487033));
#14454=CARTESIAN_POINT('',(1.3,-1.25,-0.721687836487033));
#14455=CARTESIAN_POINT('',(1.3,1.96502220352318E-16,-1.44337567297406));
#14456=CARTESIAN_POINT('',(1.3,1.96502220352318E-16,-1.44337567297406));
#14457=CARTESIAN_POINT('',(1.3,1.25,-0.721687836487032));
#14458=CARTESIAN_POINT('',(1.3,1.25,-0.721687836487032));
#14459=CARTESIAN_POINT('',(1.3,1.25,0.721687836487032));
#14460=CARTESIAN_POINT('',(1.3,1.25,0.721687836487032));
#14461=CARTESIAN_POINT('',(1.3,-2.25180611554471E-16,1.44337567297406));
#14462=CARTESIAN_POINT('',(1.3,-2.25180611554471E-16,1.44337567297406));
#14463=CARTESIAN_POINT('',(1.3,-1.25,0.721687836487032));
#14464=CARTESIAN_POINT('',(1.3,-1.25,0.721687836487032));
#14465=CARTESIAN_POINT('',(11.,0.,0.));
#14466=CARTESIAN_POINT('',(-19.1530910786356,-52.4999989999959,5.1546413551184));
#14467=CARTESIAN_POINT('',(19.1469089213774,-52.4999989999959,5.1546413551184));
#14468=CARTESIAN_POINT('',(-4.075,0.500000000000001,1.05));
#14469=CARTESIAN_POINT('',(-4.97855339059327,0.750000000000001,1.95355339059327));
#14470=CARTESIAN_POINT('',(-4.97855339059327,1.,1.95355339059328));
#14471=CARTESIAN_POINT('',(-4.97855339059327,-2.5,1.95355339059327));
#14472=CARTESIAN_POINT('',(-3.025,1.,0.));
#14473=CARTESIAN_POINT('',(-3.025,1.,0.));
#14474=CARTESIAN_POINT('',(-3.025,0.500000000000001,0.));
#14475=CARTESIAN_POINT('',(-3.025,-2.5,0.));
#14476=CARTESIAN_POINT('',(-3.54375,-2.5,0.51875));
#14477=CARTESIAN_POINT('',(-1.,1.,1.05));
#14478=CARTESIAN_POINT('',(-4.62195943187366,2.64629795472785,1.95355339060313));
#14479=CARTESIAN_POINT('',(-4.383076241498,2.65493055140723,1.73965318248982));
#14480=CARTESIAN_POINT('',(-4.04500699528179,2.67001351084207,1.44490819223716));
#14481=CARTESIAN_POINT('',(-3.69732553229258,2.6877034700615,1.15575776264303));
#14482=CARTESIAN_POINT('',(-3.49812061307327,2.69890664848964,0.995837824680437));
#14483=CARTESIAN_POINT('',(-3.38583118318853,2.70539812011242,0.906946178053825));
#14484=CARTESIAN_POINT('',(-3.15726511930589,2.72042694490208,0.732946108117764));
#14485=CARTESIAN_POINT('',(-2.90358792612959,2.73917378428448,0.550821232870878));
#14486=CARTESIAN_POINT('',(-2.46024006679528,2.77400480801728,0.258206899170898));
#14487=CARTESIAN_POINT('',(-2.11836313013104,2.80118772724529,0.0848152899753143));
#14488=CARTESIAN_POINT('',(-1.89335830097199,2.81728807940252,4.30964270346779E-9));
#14489=CARTESIAN_POINT('',(-1.89335830082604,2.81728807725748,4.64047258518646E-9));
#14490=CARTESIAN_POINT('',(-4.62195943186527,2.6462979547225,1.95355339059327));
#14491=CARTESIAN_POINT('',(-1.,1.,0.));
#14492=CARTESIAN_POINT('',(-1.,1.,1.95355339059327));
#14493=CARTESIAN_POINT('',(4.075,-0.500000000000001,1.05));
#14494=CARTESIAN_POINT('',(4.97855339059327,-0.750000000000001,1.95355339059327));
#14495=CARTESIAN_POINT('',(4.97855339059327,-1.,1.95355339059327));
#14496=CARTESIAN_POINT('',(4.97855339059327,2.5,1.95355339059327));
#14497=CARTESIAN_POINT('',(3.025,-1.,0.));
#14498=CARTESIAN_POINT('',(3.025,-1.,0.));
#14499=CARTESIAN_POINT('',(3.025,-0.500000000000001,0.));
#14500=CARTESIAN_POINT('',(3.025,2.5,0.));
#14501=CARTESIAN_POINT('',(3.54375,2.5,0.51875));
#14502=CARTESIAN_POINT('',(1.,-1.,1.05));
#14503=CARTESIAN_POINT('',(4.62195943187222,-2.64629795472791,1.95355339060184));
#14504=CARTESIAN_POINT('',(4.38307635561813,-2.65493054728324,1.73965328467501));
#14505=CARTESIAN_POINT('',(4.04500733536361,-2.67001347543631,1.44490848216937));
#14506=CARTESIAN_POINT('',(3.69732631013081,-2.68770343455326,1.15575840449271));
#14507=CARTESIAN_POINT('',(3.49812157945125,-2.6989066423457,0.995838622663898));
#14508=CARTESIAN_POINT('',(3.38583255523264,-2.70539813039203,0.906947298707064));
#14509=CARTESIAN_POINT('',(3.1572659487834,-2.7204270617928,0.732946824076798));
#14510=CARTESIAN_POINT('',(2.90358845355037,-2.73917393532422,0.550821720301332));
#14511=CARTESIAN_POINT('',(2.46024008792188,-2.77400492477728,0.258206981319026));
#14512=CARTESIAN_POINT('',(2.1183630841097,-2.80118773063416,0.0848152717310988));
#14513=CARTESIAN_POINT('',(1.89335829072643,-2.81728808013565,4.47594218633274E-10));
#14514=CARTESIAN_POINT('',(1.89335829071128,-2.81728807991286,4.81952706909983E-10));
#14515=CARTESIAN_POINT('',(4.62195943186492,-2.64629795472325,1.95355339059327));
#14516=CARTESIAN_POINT('',(1.,-1.,0.));
#14517=CARTESIAN_POINT('',(1.,-1.,1.95355339059327));
#14518=CARTESIAN_POINT('',(3.,3.,0.));
#14519=CARTESIAN_POINT('',(2.5625,3.,3.5));
#14520=CARTESIAN_POINT('',(2.5,3.,3.5));
#14521=CARTESIAN_POINT('',(4.625,3.,3.5));
#14522=CARTESIAN_POINT('',(4.625,3.,0.));
#14523=CARTESIAN_POINT('',(4.625,3.,2.30710678118655));
#14524=CARTESIAN_POINT('',(3.19019660940673,3.,0.872303390593274));
#14525=CARTESIAN_POINT('',(2.31789321881345,3.,0.));
#14526=CARTESIAN_POINT('',(-4.60771742241545,3.,0.));
#14527=CARTESIAN_POINT('',(-1.275,3.,5.57498274209599E-17));
#14528=CARTESIAN_POINT('',(-1.73738306371192,3.,0.353553394946369));
#14529=CARTESIAN_POINT('',(-1.63294039166244,3.,0.307476987259975));
#14530=CARTESIAN_POINT('',(-1.48194884970384,3.,0.225409399187114));
#14531=CARTESIAN_POINT('',(-1.32023790878573,3.,0.105938699289073));
#14532=CARTESIAN_POINT('',(-1.275,3.,0.0287286668744473));
#14533=CARTESIAN_POINT('',(-1.275,3.,-5.84006679114784E-17));
#14534=CARTESIAN_POINT('',(-1.73738306371192,3.,0.353553394946368));
#14535=CARTESIAN_POINT('',(-4.30009469562185,3.,2.3071067811964));
#14536=CARTESIAN_POINT('',(-3.95848902142448,3.,1.99611889887641));
#14537=CARTESIAN_POINT('',(-3.3831100924054,3.,1.48310238455261));
#14538=CARTESIAN_POINT('',(-2.53985989893025,3.,0.81205065044818));
#14539=CARTESIAN_POINT('',(-2.01915961363937,3.,0.477863231667954));
#14540=CARTESIAN_POINT('',(-1.73738306361342,3.,0.353553394902915));
#14541=CARTESIAN_POINT('',(-4.30009469560781,3.,2.30710678118363));
#14542=CARTESIAN_POINT('',(-4.30009469561102,3.,0.));
#14543=CARTESIAN_POINT('',(-4.30009469561102,3.,3.5));
#14544=CARTESIAN_POINT('',(2.5625,3.,3.5));
#14545=CARTESIAN_POINT('',(-0.5,3.,3.5));
#14546=CARTESIAN_POINT('',(-0.5,3.,1.5));
#14547=CARTESIAN_POINT('',(-0.5,3.,4.5));
#14548=CARTESIAN_POINT('',(1.5,3.,4.5));
#14549=CARTESIAN_POINT('',(2.5,3.,4.5));
#14550=CARTESIAN_POINT('',(2.5,3.,1.5));
#14551=CARTESIAN_POINT('',(-3.,1.,3.));
#14552=CARTESIAN_POINT('',(-3.,-2.5,1.5));
#14553=CARTESIAN_POINT('',(-3.,-2.5,4.5));
#14554=CARTESIAN_POINT('',(-3.,-2.5,3.5));
#14555=CARTESIAN_POINT('',(-3.,1.,4.5));
#14556=CARTESIAN_POINT('',(-3.,0.5,4.5));
#14557=CARTESIAN_POINT('',(-3.,0.5,1.5));
#14558=CARTESIAN_POINT('',(-3.,0.5,3.5));
#14559=CARTESIAN_POINT('',(-3.,0.500000000000001,3.5));
#14560=CARTESIAN_POINT('',(-0.5,0.5,1.5));
#14561=CARTESIAN_POINT('',(-0.5,0.5,4.5));
#14562=CARTESIAN_POINT('',(-0.5,0.5,3.5));
#14563=CARTESIAN_POINT('',(0.5,-0.5,1.5));
#14564=CARTESIAN_POINT('',(0.5,-0.5,4.5));
#14565=CARTESIAN_POINT('',(3.,-0.5,4.5));
#14566=CARTESIAN_POINT('',(0.500000000000001,-3.,4.5));
#14567=CARTESIAN_POINT('',(0.500000000000001,-3.,1.5));
#14568=CARTESIAN_POINT('',(0.500000000000001,-3.,3.5));
#14569=CARTESIAN_POINT('',(0.5,-0.5,3.5));
#14570=CARTESIAN_POINT('',(3.,-0.5,3.5));
#14571=CARTESIAN_POINT('',(3.,-0.5,1.5));
#14572=CARTESIAN_POINT('',(-1.11022302462516E-15,0.,3.5));
#14573=CARTESIAN_POINT('',(-4.30009469561102,2.5,3.5));
#14574=CARTESIAN_POINT('',(-4.75528017086771,2.70689655172414,3.5));
#14575=CARTESIAN_POINT('',(-1.,1.,3.5));
#14576=CARTESIAN_POINT('',(-5.125,1.,3.5));
#14577=CARTESIAN_POINT('',(-5.125,0.500000000000001,3.5));
#14578=CARTESIAN_POINT('',(-5.125,-2.5,3.5));
#14579=CARTESIAN_POINT('',(-4.625,-2.5,3.5));
#14580=CARTESIAN_POINT('',(-4.625,-3.,3.5));
#14581=CARTESIAN_POINT('',(-2.5625,-3.,3.5));
#14582=CARTESIAN_POINT('',(-2.5,-3.,3.5));
#14583=CARTESIAN_POINT('',(-2.5,-2.5,3.5));
#14584=CARTESIAN_POINT('',(-5.125,1.,0.));
#14585=CARTESIAN_POINT('',(-5.125,0.750000000000001,2.30710678118655));
#14586=CARTESIAN_POINT('',(-5.125,-2.5,2.30710678118655));
#14587=CARTESIAN_POINT('',(-5.125,1.,2.30710678118655));
#14588=CARTESIAN_POINT('',(-5.125,-2.5,0.));
#14589=CARTESIAN_POINT('',(-5.125,1.,0.));
#14590=CARTESIAN_POINT('',(-1.,1.,0.));
#14591=CARTESIAN_POINT('',(-4.75528017086771,2.70689655172414,0.));
#14592=CARTESIAN_POINT('',(-4.75528017086771,2.70689655172414,2.30710678118655));
#14593=CARTESIAN_POINT('',(-1.,1.,2.30710678118655));
#14594=CARTESIAN_POINT('',(-1.36516103458498,2.99180321483047,-2.75442242596147E-6));
#14595=CARTESIAN_POINT('',(-1.36516393442623,2.99180327868853,0.));
#14596=CARTESIAN_POINT('',(-1.4233915088459,2.98136486095948,0.));
#14597=CARTESIAN_POINT('',(-1.62478522490501,2.93310254722594,0.));
#14598=CARTESIAN_POINT('',(-1.79145036667177,2.86738486447419,0.));
#14599=CARTESIAN_POINT('',(-1.89335829916683,2.81728807548769,0.));
#14600=CARTESIAN_POINT('',(-1.33543938124566,2.99725278010496,-2.01866073948098E-17));
#14601=CARTESIAN_POINT('',(-1.33543938124566,2.99725278010496,0.00947099243074548));
#14602=CARTESIAN_POINT('',(-1.38978149909467,2.99358746243659,0.0348284202884888));
#14603=CARTESIAN_POINT('',(-1.58086634026217,2.97697613782174,0.0700170571432201));
#14604=CARTESIAN_POINT('',(-1.74858976486029,2.9519334146319,0.0846836267248817));
#14605=CARTESIAN_POINT('',(-1.85564945515935,2.9310706806506,0.0854756832356315));
#14606=CARTESIAN_POINT('',(-1.30521996240025,3.,-3.97602235607343E-17));
#14607=CARTESIAN_POINT('',(-1.30521996240025,3.,0.019099730802432));
#14608=CARTESIAN_POINT('',(-1.35500322319699,2.99983342796928,0.0704064125845146));
#14609=CARTESIAN_POINT('',(-1.53141035554383,2.99987059578486,0.14771245487653));
#14610=CARTESIAN_POINT('',(-1.69085487899285,2.99952994288764,0.195987531178865));
#14611=CARTESIAN_POINT('',(-1.79680673406183,3.,0.218856112194329));
#14612=CARTESIAN_POINT('',(-1.275,3.,-5.84006679114784E-17));
#14613=CARTESIAN_POINT('',(-1.275,3.,0.0287286668744473));
#14614=CARTESIAN_POINT('',(-1.32023790878573,3.,0.105938699289073));
#14615=CARTESIAN_POINT('',(-1.48194884970384,3.,0.225409399187114));
#14616=CARTESIAN_POINT('',(-1.63294039166244,3.,0.307476987259975));
#14617=CARTESIAN_POINT('',(-1.73738306371192,3.,0.353553394946369));
#14618=CARTESIAN_POINT('',(-1.275,3.,-5.84006679114784E-17));
#14619=CARTESIAN_POINT('',(-1.30521996240025,3.,-3.97602235607343E-17));
#14620=CARTESIAN_POINT('',(-1.33543938124566,2.99725278010496,-2.01866073948098E-17));
#14621=CARTESIAN_POINT('',(-1.36516103458498,2.99180321483047,-2.75442242596147E-6));
#14622=CARTESIAN_POINT('',(-1.36516393442623,2.99180327868853,0.));
#14623=CARTESIAN_POINT('',(-1.89335829980243,2.81728807517523,0.));
#14624=CARTESIAN_POINT('',(-1.72535999742527,2.8998741438517,0.));
#14625=CARTESIAN_POINT('',(-1.54929520896654,2.95804587835614,0.));
#14626=CARTESIAN_POINT('',(-1.36516393442623,2.99180327868852,0.));
#14627=CARTESIAN_POINT('',(-1.89335803118989,2.8172882072221,0.));
#14628=CARTESIAN_POINT('',(-1.85564917363537,2.9310707355112,0.0854756811528204));
#14629=CARTESIAN_POINT('',(-1.79680645545102,2.99999999876394,0.218856052059127));
#14630=CARTESIAN_POINT('',(-1.73738278906966,3.,0.353553273783908));
#14631=CARTESIAN_POINT('',(-4.30009469561102,2.5,0.));
#14632=CARTESIAN_POINT('',(-4.30009469561102,2.5,2.30710678118253));
#14633=CARTESIAN_POINT('',(-4.625,-2.5,0.));
#14634=CARTESIAN_POINT('',(-4.625,-2.5,2.30710678118655));
#14635=CARTESIAN_POINT('',(-4.625,-3.,2.30710678118655));
#14636=CARTESIAN_POINT('',(-4.625,-3.,0.));
#14637=CARTESIAN_POINT('',(-3.19019660940673,-2.5,0.872303390593274));
#14638=CARTESIAN_POINT('',(-2.31789321881345,-2.5,0.));
#14639=CARTESIAN_POINT('',(-2.31789321881345,-3.,0.));
#14640=CARTESIAN_POINT('',(-3.19019660940673,-3.,0.872303390593274));
#14641=CARTESIAN_POINT('',(-4.625,-2.5,2.30710678118655));
#14642=CARTESIAN_POINT('',(-1.,1.,2.30710678118655));
#14643=CARTESIAN_POINT('',(-4.625,1.,2.30710678118655));
#14644=CARTESIAN_POINT('',(-4.30009469561102,2.5,2.30710678118655));
#14645=CARTESIAN_POINT('',(-4.625,0.750000000000001,2.30710678118655));
#14646=CARTESIAN_POINT('',(-4.625,-2.5,2.30710678118655));
#14647=CARTESIAN_POINT('',(-4.625,-2.5,2.30710678118655));
#14648=CARTESIAN_POINT('',(-4.30009469562185,3.,2.3071067811964));
#14649=CARTESIAN_POINT('',(-3.95848902142448,3.,1.99611889887641));
#14650=CARTESIAN_POINT('',(-3.3831100924054,3.,1.48310238455261));
#14651=CARTESIAN_POINT('',(-2.53985989893025,3.,0.81205065044818));
#14652=CARTESIAN_POINT('',(-2.01915961363937,3.,0.477863231667954));
#14653=CARTESIAN_POINT('',(-1.73738306361342,3.,0.353553394902915));
#14654=CARTESIAN_POINT('',(-4.37155704288123,3.,2.22860872804671));
#14655=CARTESIAN_POINT('',(-4.02778056692735,2.99996272440735,1.91861315398905));
#14656=CARTESIAN_POINT('',(-3.44787994446333,3.00012423326435,1.40756006800314));
#14657=CARTESIAN_POINT('',(-2.59236389968136,2.99999172650275,0.740485636864329));
#14658=CARTESIAN_POINT('',(-2.05858227158188,3.00002806363701,0.409232715578011));
#14659=CARTESIAN_POINT('',(-1.7670948990574,3.,0.28620475456831));
#14660=CARTESIAN_POINT('',(-4.51425974115761,2.93003912921879,2.07185647425848));
#14661=CARTESIAN_POINT('',(-4.16619956921061,2.93304157061108,1.76379164368182));
#14662=CARTESIAN_POINT('',(-3.57719035386544,2.93904913519133,1.25673224889031));
#14663=CARTESIAN_POINT('',(-2.6973194151561,2.95203395058651,0.597442479362674));
#14664=CARTESIAN_POINT('',(-2.1373798206377,2.96229101967579,0.272047763244938));
#14665=CARTESIAN_POINT('',(-1.82649889816166,2.96695430951548,0.151552064476034));
#14666=CARTESIAN_POINT('',(-4.60104984138546,2.7478068795251,1.97652159985497));
#14667=CARTESIAN_POINT('',(-4.25255050478045,2.7574430164592,1.66724144984937));
#14668=CARTESIAN_POINT('',(-3.66252909424639,2.77746959324336,1.15752048878474));
#14669=CARTESIAN_POINT('',(-2.77407283105934,2.82107858672306,0.493532039638829));
#14670=CARTESIAN_POINT('',(-2.19954161474508,2.85738351329793,0.164662326370499));
#14671=CARTESIAN_POINT('',(-1.8745038785649,2.87417938085828,0.042737845793917));
#14672=CARTESIAN_POINT('',(-4.62195943187366,2.64629795472785,1.95355339060313));
#14673=CARTESIAN_POINT('',(-4.27464898205205,2.65884882124604,1.64256550828313));
#14674=CARTESIAN_POINT('',(-3.68671080812961,2.68502833547215,1.12954899395935));
#14675=CARTESIAN_POINT('',(-2.80023509952977,2.74357620463568,0.458497259854908));
#14676=CARTESIAN_POINT('',(-2.22313746005378,2.7936905387845,0.124309841074685));
#14677=CARTESIAN_POINT('',(-1.89335830097199,2.81728807940252,4.3096414631405E-9));
#14678=CARTESIAN_POINT('',(-4.30009469560781,3.,2.30710678118363));
#14679=CARTESIAN_POINT('',(-4.34795525339921,3.,2.25453419221507));
#14680=CARTESIAN_POINT('',(-4.40229467566542,2.98176662583987,2.19491261563484));
#14681=CARTESIAN_POINT('',(-4.50294855793883,2.91296925095891,2.08404418188551));
#14682=CARTESIAN_POINT('',(-4.58757676233235,2.77813612654238,1.99220180254292));
#14683=CARTESIAN_POINT('',(-4.61286806615339,2.69043343215977,1.96353983152885));
#14684=CARTESIAN_POINT('',(-4.62195943187476,2.6462979547225,1.95355339060192));
#14685=CARTESIAN_POINT('',(-4.30009469562185,2.5,2.30710678119641));
#14686=CARTESIAN_POINT('',(-1.11022302462516E-15,0.,3.5));
#14687=CARTESIAN_POINT('',(4.30009469561102,-2.5,3.5));
#14688=CARTESIAN_POINT('',(4.75528017086772,-2.70689655172414,3.5));
#14689=CARTESIAN_POINT('',(4.30009469561102,-3.,3.5));
#14690=CARTESIAN_POINT('',(1.,-1.,3.5));
#14691=CARTESIAN_POINT('',(5.125,-1.,3.5));
#14692=CARTESIAN_POINT('',(5.125,-0.500000000000001,3.5));
#14693=CARTESIAN_POINT('',(5.125,2.5,3.5));
#14694=CARTESIAN_POINT('',(4.625,2.5,3.5));
#14695=CARTESIAN_POINT('',(2.5,2.5,3.5));
#14696=CARTESIAN_POINT('',(3.,2.5,3.5));
#14697=CARTESIAN_POINT('',(3.,-0.500000000000001,3.5));
#14698=CARTESIAN_POINT('',(-2.5625,-3.,3.5));
#14699=CARTESIAN_POINT('',(5.125,-1.,0.));
#14700=CARTESIAN_POINT('',(5.125,-0.750000000000001,2.30710678118655));
#14701=CARTESIAN_POINT('',(5.125,2.5,2.30710678118655));
#14702=CARTESIAN_POINT('',(5.125,-1.,2.30710678118655));
#14703=CARTESIAN_POINT('',(5.125,2.5,0.));
#14704=CARTESIAN_POINT('',(5.125,-1.,0.));
#14705=CARTESIAN_POINT('',(1.,-1.,0.));
#14706=CARTESIAN_POINT('',(4.75528017086772,-2.70689655172414,0.));
#14707=CARTESIAN_POINT('',(4.75528017086772,-2.70689655172414,2.30710678118655));
#14708=CARTESIAN_POINT('',(1.,-1.,2.30710678118655));
#14709=CARTESIAN_POINT('',(1.365161034585,-2.99180321483047,-2.7544224443712E-6));
#14710=CARTESIAN_POINT('',(1.36516393442623,-2.99180327868852,0.));
#14711=CARTESIAN_POINT('',(1.42339150720769,-2.98136486125977,0.));
#14712=CARTESIAN_POINT('',(1.62478521974277,-2.93310254866729,0.));
#14713=CARTESIAN_POINT('',(1.79145035917554,-2.86738486755851,0.));
#14714=CARTESIAN_POINT('',(1.89335829053895,-2.81728807972906,0.));
#14715=CARTESIAN_POINT('',(1.33543938124566,-2.99725278010496,-2.01866073948097E-17));
#14716=CARTESIAN_POINT('',(1.33543938124566,-2.99725278010496,0.00947099227697192));
#14717=CARTESIAN_POINT('',(1.38978149756381,-2.99358746254493,0.0348284198279391));
#14718=CARTESIAN_POINT('',(1.58086633530759,-2.9769761383319,0.0700170564113724));
#14719=CARTESIAN_POINT('',(1.74858975724345,-2.95193341584105,0.0846836261594306));
#14720=CARTESIAN_POINT('',(1.85564944610423,-2.93107068245278,0.0854756831433581));
#14721=CARTESIAN_POINT('',(1.30521996240025,-3.,-3.94458486478031E-17));
#14722=CARTESIAN_POINT('',(1.30521996240025,-3.,0.0190997304923236));
#14723=CARTESIAN_POINT('',(1.35500322179403,-2.99983342797722,0.0704064116463791));
#14724=CARTESIAN_POINT('',(1.5314103509439,-2.99987059579137,0.14771245316046));
#14725=CARTESIAN_POINT('',(1.69085487170321,-2.99952994291027,0.195987529081806));
#14726=CARTESIAN_POINT('',(1.79680672509828,-3.,0.218856110239325));
#14727=CARTESIAN_POINT('',(1.275,-3.,-5.74626856431967E-17));
#14728=CARTESIAN_POINT('',(1.275,-3.,0.028728666408001));
#14729=CARTESIAN_POINT('',(1.32023790751017,-3.,0.105938697876337));
#14730=CARTESIAN_POINT('',(1.48194884545821,-3.,0.225409396487158));
#14731=CARTESIAN_POINT('',(1.63294038471107,-3.,0.30747698362149));
#14732=CARTESIAN_POINT('',(1.73738305486944,-3.,0.353553391045381));
#14733=CARTESIAN_POINT('',(1.275,-3.,-5.74626856431967E-17));
#14734=CARTESIAN_POINT('',(1.30521996240025,-3.,-3.94458486478031E-17));
#14735=CARTESIAN_POINT('',(1.33543938124566,-2.99725278010496,-2.01866073948097E-17));
#14736=CARTESIAN_POINT('',(1.365161034585,-2.99180321483047,-2.7544224443712E-6));
#14737=CARTESIAN_POINT('',(1.275,-3.,8.4358286603538E-17));
#14738=CARTESIAN_POINT('',(1.36516393442623,-2.99180327868852,0.));
#14739=CARTESIAN_POINT('',(1.89335829060497,-2.8172880796966,0.));
#14740=CARTESIAN_POINT('',(1.72535999093461,-2.89987414598671,0.));
#14741=CARTESIAN_POINT('',(1.5492952055417,-2.95804587898402,0.));
#14742=CARTESIAN_POINT('',(1.36516393442623,-2.99180327868852,0.));
#14743=CARTESIAN_POINT('',(1.89335802104751,-2.81728821220798,0.));
#14744=CARTESIAN_POINT('',(1.85564916298919,-2.93107073762343,0.0854756810487744));
#14745=CARTESIAN_POINT('',(1.79680644491288,-2.99999999875695,0.218856049764263));
#14746=CARTESIAN_POINT('',(1.73738277867502,-3.,0.35355326919816));
#14747=CARTESIAN_POINT('',(1.73738305486944,-3.,0.35355339104538));
#14748=CARTESIAN_POINT('',(1.73738305486944,-3.,0.353553391045381));
#14749=CARTESIAN_POINT('',(1.63294038471107,-3.,0.30747698362149));
#14750=CARTESIAN_POINT('',(1.48194884545821,-3.,0.225409396487158));
#14751=CARTESIAN_POINT('',(1.32023790751017,-3.,0.105938697876337));
#14752=CARTESIAN_POINT('',(1.275,-3.,0.028728666408001));
#14753=CARTESIAN_POINT('',(1.275,-3.,-5.74626856431967E-17));
#14754=CARTESIAN_POINT('',(4.30009469561102,-2.5,0.));
#14755=CARTESIAN_POINT('',(4.30009469561102,-3.,0.));
#14756=CARTESIAN_POINT('',(4.30009469560823,-3.,2.30710678118401));
#14757=CARTESIAN_POINT('',(4.30009469561102,-2.5,2.30710678118305));
#14758=CARTESIAN_POINT('',(4.625,2.5,0.));
#14759=CARTESIAN_POINT('',(4.625,2.5,2.30710678118655));
#14760=CARTESIAN_POINT('',(3.19019660940673,2.5,0.872303390593274));
#14761=CARTESIAN_POINT('',(2.31789321881345,2.5,0.));
#14762=CARTESIAN_POINT('',(4.625,2.5,2.30710678118655));
#14763=CARTESIAN_POINT('',(1.,-1.,2.30710678118655));
#14764=CARTESIAN_POINT('',(4.625,-1.,2.30710678118655));
#14765=CARTESIAN_POINT('',(4.30009469561102,-2.5,2.30710678118655));
#14766=CARTESIAN_POINT('',(4.625,-0.750000000000001,2.30710678118655));
#14767=CARTESIAN_POINT('',(4.625,2.5,2.30710678118655));
#14768=CARTESIAN_POINT('',(4.625,2.5,2.30710678118655));
#14769=CARTESIAN_POINT('',(4.30009469562043,-3.,2.30710678119512));
#14770=CARTESIAN_POINT('',(3.95848415276861,-3.,1.99611446659355));
#14771=CARTESIAN_POINT('',(3.38312198932151,-3.,1.48311191467681));
#14772=CARTESIAN_POINT('',(2.53984780073769,-3.,0.812041467350383));
#14773=CARTESIAN_POINT('',(2.01916120864376,-3.,0.47786393413883));
#14774=CARTESIAN_POINT('',(1.73738305485921,-3.,0.353553391040866));
#14775=CARTESIAN_POINT('',(4.37155704287981,-3.,2.22860872804542));
#14776=CARTESIAN_POINT('',(4.02777566733262,-2.99996272387608,1.91860873584884));
#14777=CARTESIAN_POINT('',(3.44789200570614,-3.00012423466011,1.40756954815794));
#14778=CARTESIAN_POINT('',(2.59235159680257,-2.99999172468896,0.740476511256407));
#14779=CARTESIAN_POINT('',(2.05858392160371,-3.00002806379645,0.409233410800878));
#14780=CARTESIAN_POINT('',(1.76709489000157,-3.,0.286204750745998));
#14781=CARTESIAN_POINT('',(4.51425974115617,-2.9300391292188,2.0718564742572));
#14782=CARTESIAN_POINT('',(4.16619460856349,-2.93304161340268,1.76378725305909));
#14783=CARTESIAN_POINT('',(3.57720274166643,-2.93904897278699,1.25674163110636));
#14784=CARTESIAN_POINT('',(2.69730670519344,-2.95203414216339,0.597433466471077));
#14785=CARTESIAN_POINT('',(2.13738158053521,-2.96229099330501,0.272048444150244));
#14786=CARTESIAN_POINT('',(1.82649888850297,-2.96695430965976,0.15155206073277));
#14787=CARTESIAN_POINT('',(4.60104984138402,-2.74780687952514,1.97652159985369));
#14788=CARTESIAN_POINT('',(4.25254553787424,-2.75744315379602,1.66723704190558));
#14789=CARTESIAN_POINT('',(3.6625416113972,-2.77746904735692,1.15752993044404));
#14790=CARTESIAN_POINT('',(2.77405993998177,-2.82107923907634,0.493522959524226));
#14791=CARTESIAN_POINT('',(2.19954345489727,-2.85738341831279,0.164663015352894));
#14792=CARTESIAN_POINT('',(1.87450386846718,-2.87417938138059,0.0427378420054023));
#14793=CARTESIAN_POINT('',(4.62195943187222,-2.64629795472791,1.95355339060184));
#14794=CARTESIAN_POINT('',(4.27464403209017,-2.65884900012437,1.64256107600028));
#14795=CARTESIAN_POINT('',(3.68672331230405,-2.68502760266252,1.12955852408354));
#14796=CARTESIAN_POINT('',(2.80022220962518,-2.74357708888526,0.458488076757109));
#14797=CARTESIAN_POINT('',(2.22313932711108,-2.79369040532651,0.124310543545558));
#14798=CARTESIAN_POINT('',(1.89335829072643,-2.81728808013565,4.47592587993206E-10));
#14799=CARTESIAN_POINT('',(4.30009469560823,-3.,2.30710678118401));
#14800=CARTESIAN_POINT('',(4.34795525340058,-3.,2.25453419221424));
#14801=CARTESIAN_POINT('',(4.40229467566397,-2.98176662584025,2.19491261563674));
#14802=CARTESIAN_POINT('',(4.50294855793728,-2.91296925096026,2.08404418188684));
#14803=CARTESIAN_POINT('',(4.58757676232912,-2.77813612654669,1.99220180254422));
#14804=CARTESIAN_POINT('',(4.61286806615072,-2.69043343216484,1.96353983152926));
#14805=CARTESIAN_POINT('',(4.62195943187222,-2.64629795472791,1.95355339060185));
#14806=CARTESIAN_POINT('',(4.30009469562043,-3.,2.30710678119512));
#14807=CARTESIAN_POINT('',(3.95848415276861,-3.,1.99611446659355));
#14808=CARTESIAN_POINT('',(3.38312198932151,-3.,1.48311191467681));
#14809=CARTESIAN_POINT('',(2.53984780073769,-3.,0.812041467350383));
#14810=CARTESIAN_POINT('',(2.01916120864376,-3.,0.47786393413883));
#14811=CARTESIAN_POINT('',(1.73738305485921,-3.,0.353553391040866));
#14812=CARTESIAN_POINT('',(4.30009469562043,-2.5,2.30710678119512));
#14813=CARTESIAN_POINT('',(-3.,-3.,0.));
#14814=CARTESIAN_POINT('',(-2.5,-3.,1.5));
#14815=CARTESIAN_POINT('',(-2.5,-3.,4.5));
#14816=CARTESIAN_POINT('',(-5.125,-3.,0.));
#14817=CARTESIAN_POINT('',(-1.5,-3.,4.5));
#14818=CARTESIAN_POINT('',(-2.5,-2.5,1.5));
#14819=CARTESIAN_POINT('',(-2.5,-2.5,4.5));
#14820=CARTESIAN_POINT('',(3.,-1.,3.));
#14821=CARTESIAN_POINT('',(3.,2.5,1.5));
#14822=CARTESIAN_POINT('',(3.,2.5,4.5));
#14823=CARTESIAN_POINT('',(3.,-1.,4.5));
#14824=CARTESIAN_POINT('',(2.5,2.5,1.5));
#14825=CARTESIAN_POINT('',(2.5,2.5,4.5));
#14826=CARTESIAN_POINT('',(0.,5.55111512312578E-16,4.5));
#14827=CARTESIAN_POINT('',(0.,0.,4.5));
#14828=CARTESIAN_POINT('',(-1.9,-2.32682891837997E-16,4.5));
#14829=CARTESIAN_POINT('',(0.,0.,4.3));
#14830=CARTESIAN_POINT('',(-1.7,-2.0818995585505E-16,4.3));
#14831=CARTESIAN_POINT('',(-1.5,1.83697019872103E-16,4.1));
#14832=CARTESIAN_POINT('',(0.,0.,4.1));
#14833=CARTESIAN_POINT('',(0.,5.55111512312578E-16,0.));
#14834=CARTESIAN_POINT('',(0.,0.,0.));
#14835=CARTESIAN_POINT('',(-1.9,2.32682891837997E-16,0.));
#14836=CARTESIAN_POINT('',(0.,0.,0.));
#14837=CARTESIAN_POINT('',(0.,0.,0.4));
#14838=CARTESIAN_POINT('',(-1.5,-1.83697019872103E-16,0.4));
#14839=CARTESIAN_POINT('',(-1.5,-1.83697019872103E-16,0.));
#14840=CARTESIAN_POINT('',(0.,0.,0.2));
#14841=CARTESIAN_POINT('',(-1.7,-2.0818995585505E-16,0.2));
#14842=CARTESIAN_POINT('',(-19.1530910786356,-52.4999989999959,-5.8453586448816));
#14843=CARTESIAN_POINT('',(19.1469089213774,-52.4999989999959,-5.8453586448816));
#14844=CARTESIAN_POINT('',(-12.5,-5.,5.));
#14845=CARTESIAN_POINT('',(-9.5,-5.,5.));
#14846=CARTESIAN_POINT('',(-9.5,-5.,4.6));
#14847=CARTESIAN_POINT('',(-9.5,-5.,0.4));
#14848=CARTESIAN_POINT('',(-12.5,-5.,0.4));
#14849=CARTESIAN_POINT('',(9.5,-5.,0.4));
#14850=CARTESIAN_POINT('',(9.5,-5.,5.));
#14851=CARTESIAN_POINT('',(9.5,-5.,4.6));
#14852=CARTESIAN_POINT('',(0.,-5.,4.6));
#14853=CARTESIAN_POINT('',(13.5,-5.,5.));
#14854=CARTESIAN_POINT('',(13.5,-1.,5.));
#14855=CARTESIAN_POINT('',(13.5,-1.,4.6));
#14856=CARTESIAN_POINT('',(13.5,-1.,0.4));
#14857=CARTESIAN_POINT('',(13.5,-5.,0.4));
#14858=CARTESIAN_POINT('',(13.5,1.,0.4));
#14859=CARTESIAN_POINT('',(13.5,1.,5.));
#14860=CARTESIAN_POINT('',(13.5,1.,4.6));
#14861=CARTESIAN_POINT('',(13.5,0.,4.6));
#14862=CARTESIAN_POINT('',(12.5,5.,5.));
#14863=CARTESIAN_POINT('',(9.5,5.,5.));
#14864=CARTESIAN_POINT('',(9.5,5.,4.6));
#14865=CARTESIAN_POINT('',(9.5,5.,0.4));
#14866=CARTESIAN_POINT('',(12.5,5.,0.4));
#14867=CARTESIAN_POINT('',(-9.5,5.,0.4));
#14868=CARTESIAN_POINT('',(-9.5,5.,5.));
#14869=CARTESIAN_POINT('',(-9.5,5.,4.6));
#14870=CARTESIAN_POINT('',(0.,5.,4.6));
#14871=CARTESIAN_POINT('',(-13.5,5.,5.));
#14872=CARTESIAN_POINT('',(-13.5,1.,5.));
#14873=CARTESIAN_POINT('',(-13.5,1.,4.6));
#14874=CARTESIAN_POINT('',(-13.5,1.,0.4));
#14875=CARTESIAN_POINT('',(-13.5,5.,0.4));
#14876=CARTESIAN_POINT('',(-13.5,-1.,0.4));
#14877=CARTESIAN_POINT('',(-13.5,-1.,5.));
#14878=CARTESIAN_POINT('',(-13.5,-1.,4.6));
#14879=CARTESIAN_POINT('',(-13.5,0.,4.6));
#14880=CARTESIAN_POINT('',(0.,0.,5.));
#14881=CARTESIAN_POINT('',(-13.1,0.,5.));
#14882=CARTESIAN_POINT('',(-13.1,1.,5.));
#14883=CARTESIAN_POINT('',(-13.1,-1.,5.));
#14884=CARTESIAN_POINT('',(-9.5,-1.,5.));
#14885=CARTESIAN_POINT('',(-9.5,-4.6,5.));
#14886=CARTESIAN_POINT('',(0.,-4.6,5.));
#14887=CARTESIAN_POINT('',(9.5,-4.6,5.));
#14888=CARTESIAN_POINT('',(9.5,-1.,5.));
#14889=CARTESIAN_POINT('',(13.1,-1.,5.));
#14890=CARTESIAN_POINT('',(13.1,0.,5.));
#14891=CARTESIAN_POINT('',(13.1,1.,5.));
#14892=CARTESIAN_POINT('',(9.5,1.,5.));
#14893=CARTESIAN_POINT('',(9.5,4.6,5.));
#14894=CARTESIAN_POINT('',(0.,4.6,5.));
#14895=CARTESIAN_POINT('',(-9.5,4.6,5.));
#14896=CARTESIAN_POINT('',(-9.5,1.,5.));
#14897=CARTESIAN_POINT('',(9.1,0.,5.));
#14898=CARTESIAN_POINT('',(12.1,0.,5.));
#14899=CARTESIAN_POINT('',(-9.1,0.,5.));
#14900=CARTESIAN_POINT('',(-6.1,0.,5.));
#14901=CARTESIAN_POINT('',(0.,0.,0.));
#14902=CARTESIAN_POINT('',(-9.1,0.,0.));
#14903=CARTESIAN_POINT('',(-7.1,0.,0.));
#14904=CARTESIAN_POINT('',(9.1,0.,0.));
#14905=CARTESIAN_POINT('',(11.1,0.,0.));
#14906=CARTESIAN_POINT('',(0.,-4.6,0.));
#14907=CARTESIAN_POINT('',(9.5,-4.6,0.));
#14908=CARTESIAN_POINT('',(-9.5,-4.6,0.));
#14909=CARTESIAN_POINT('',(-9.5,-1.,0.));
#14910=CARTESIAN_POINT('',(-13.1,-1.,0.));
#14911=CARTESIAN_POINT('',(-13.1,0.,0.));
#14912=CARTESIAN_POINT('',(-13.1,1.,0.));
#14913=CARTESIAN_POINT('',(-9.5,1.,0.));
#14914=CARTESIAN_POINT('',(-9.5,4.6,0.));
#14915=CARTESIAN_POINT('',(0.,4.6,0.));
#14916=CARTESIAN_POINT('',(9.5,4.6,0.));
#14917=CARTESIAN_POINT('',(9.5,1.,0.));
#14918=CARTESIAN_POINT('',(13.1,1.,0.));
#14919=CARTESIAN_POINT('',(13.1,0.,0.));
#14920=CARTESIAN_POINT('',(13.1,-1.,0.));
#14921=CARTESIAN_POINT('',(9.5,-1.,0.));
#14922=CARTESIAN_POINT('',(-9.1,0.,-3.52370040193836));
#14923=CARTESIAN_POINT('',(-9.1,0.,0.4));
#14924=CARTESIAN_POINT('',(-7.5,0.,0.4));
#14925=CARTESIAN_POINT('',(-9.1,0.,3.));
#14926=CARTESIAN_POINT('',(-7.5,0.,3.));
#14927=CARTESIAN_POINT('',(9.1,0.,-3.52370040193836));
#14928=CARTESIAN_POINT('',(9.1,0.,0.4));
#14929=CARTESIAN_POINT('',(10.7,0.,0.4));
#14930=CARTESIAN_POINT('',(9.1,0.,3.));
#14931=CARTESIAN_POINT('',(10.7,0.,3.));
#14932=CARTESIAN_POINT('',(9.1,0.,3.));
#14933=CARTESIAN_POINT('',(9.1,0.,3.));
#14934=CARTESIAN_POINT('',(12.1,0.,3.));
#14935=CARTESIAN_POINT('',(9.1,0.,3.));
#14936=CARTESIAN_POINT('',(-9.1,0.,3.));
#14937=CARTESIAN_POINT('',(-9.1,0.,3.));
#14938=CARTESIAN_POINT('',(-6.1,0.,3.));
#14939=CARTESIAN_POINT('',(-9.1,0.,3.));
#14940=CARTESIAN_POINT('',(-9.5,1.,5.));
#14941=CARTESIAN_POINT('',(-9.5,1.,0.4));
#14942=CARTESIAN_POINT('',(-9.5,1.,4.6));
#14943=CARTESIAN_POINT('',(-9.5,-1.,5.));
#14944=CARTESIAN_POINT('',(-9.5,-1.,0.4));
#14945=CARTESIAN_POINT('',(-9.5,-1.,4.6));
#14946=CARTESIAN_POINT('',(9.5,1.,5.));
#14947=CARTESIAN_POINT('',(9.5,1.,0.4));
#14948=CARTESIAN_POINT('',(9.5,1.,4.6));
#14949=CARTESIAN_POINT('',(9.5,-1.,5.));
#14950=CARTESIAN_POINT('',(9.5,-1.,0.4));
#14951=CARTESIAN_POINT('',(9.5,-1.,4.6));
#14952=CARTESIAN_POINT('',(9.5,1.,5.));
#14953=CARTESIAN_POINT('',(13.5,1.,4.6));
#14954=CARTESIAN_POINT('',(9.5,5.,4.6));
#14955=CARTESIAN_POINT('',(0.,4.6,5.));
#14956=CARTESIAN_POINT('',(-9.5,5.,4.6));
#14957=CARTESIAN_POINT('',(13.1,0.,5.));
#14958=CARTESIAN_POINT('',(13.5,-1.,4.6));
#14959=CARTESIAN_POINT('',(-9.5,1.,5.));
#14960=CARTESIAN_POINT('',(-13.5,1.,4.6));
#14961=CARTESIAN_POINT('',(9.5,-1.,5.));
#14962=CARTESIAN_POINT('',(9.5,-5.,4.6));
#14963=CARTESIAN_POINT('',(-13.1,0.,5.));
#14964=CARTESIAN_POINT('',(-13.5,-1.,4.6));
#14965=CARTESIAN_POINT('',(0.,-4.6,5.));
#14966=CARTESIAN_POINT('',(-9.5,-5.,4.6));
#14967=CARTESIAN_POINT('',(-9.5,-1.,5.));
#14968=CARTESIAN_POINT('',(9.5,1.,0.));
#14969=CARTESIAN_POINT('',(9.5,5.,0.4));
#14970=CARTESIAN_POINT('',(13.1,1.,0.));
#14971=CARTESIAN_POINT('',(13.5,-5.,0.4));
#14972=CARTESIAN_POINT('',(13.1,-1.,0.));
#14973=CARTESIAN_POINT('',(12.5,5.,0.4));
#14974=CARTESIAN_POINT('',(-9.5,5.,0.4));
#14975=CARTESIAN_POINT('',(9.5,-1.,0.));
#14976=CARTESIAN_POINT('',(9.5,-4.6,0.));
#14977=CARTESIAN_POINT('',(-9.5,1.,0.));
#14978=CARTESIAN_POINT('',(-13.5,1.,0.4));
#14979=CARTESIAN_POINT('',(-12.5,-5.,0.4));
#14980=CARTESIAN_POINT('',(-9.5,-4.6,0.));
#14981=CARTESIAN_POINT('',(-13.5,5.,0.4));
#14982=CARTESIAN_POINT('',(-13.5,-1.,0.4));
#14983=CARTESIAN_POINT('',(-9.5,-1.,0.));
#14984=CARTESIAN_POINT('',(-9.1,0.,0.4));
#14985=CARTESIAN_POINT('',(9.1,0.,0.4));
#14986=CARTESIAN_POINT('',(0.00622944422879607,-26.2941423566918,-0.845358644900751));
#14987=CARTESIAN_POINT('',(9.10622944422879,-26.2941423566897,-6.84535864490073));
#14988=CARTESIAN_POINT('',(-9.09377055577121,-26.294142356694,-6.84535864490076));
#14989=CARTESIAN_POINT('',(13.2640200785762,6.87931095776902,56.7040901565295));
#14990=CARTESIAN_POINT('',(13.2640200785762,6.87931095776902,7.80656951735923));
#14991=CARTESIAN_POINT('',(-7.81973181087218,6.87931095776902,7.80656951735923));
#14992=CARTESIAN_POINT('',(7.86402007857618,6.87931095776902,7.80656951735923));
#14993=CARTESIAN_POINT('',(7.86402007857618,6.87931095776902,56.7040901565295));
#14994=CARTESIAN_POINT('',(7.86402007857618,6.87931095776902,7.20656951735923));
#14995=CARTESIAN_POINT('',(0.302752318064115,6.87931095776902,7.20656951735923));
#14996=CARTESIAN_POINT('',(-7.81973181087218,6.87931095776902,7.20656951735923));
#14997=CARTESIAN_POINT('',(-7.81973181087218,6.87931095776902,56.7040901565295));
#14998=CARTESIAN_POINT('',(7.86402007857618,6.7918222942431,6.27132226352608));
#14999=CARTESIAN_POINT('',(7.86402007857619,-6.50518095342543,0.515321711748213));
#15000=CARTESIAN_POINT('',(7.86402007857619,-7.09058928125911,7.20656951735923));
#15001=CARTESIAN_POINT('',(7.86402007857619,-6.72748314604675,3.05624740042846));
#15002=CARTESIAN_POINT('',(7.86402007857618,12.1267885615307,3.05624740042845));
#15003=CARTESIAN_POINT('',(7.86402007857618,6.51620482255666,3.05624740042845));
#15004=CARTESIAN_POINT('',(7.86402007857618,6.29390262993534,0.515321711748214));
#15005=CARTESIAN_POINT('',(7.86402007857618,6.87931095776902,7.80656951735923));
#15006=CARTESIAN_POINT('',(7.86402007857619,-7.09058928125911,7.80656951735923));
#15007=CARTESIAN_POINT('',(7.86402007857619,-7.09058928125911,56.7040901565295));
#15008=CARTESIAN_POINT('',(13.2640200785762,-7.09058928125911,56.7040901565295));
#15009=CARTESIAN_POINT('',(13.2640200785762,-7.09058928125911,7.80656951735923));
#15010=CARTESIAN_POINT('',(-7.81973181087218,-7.09058928125911,7.80656951735923));
#15011=CARTESIAN_POINT('',(-7.81973181087218,-7.09058928125911,56.7040901565295));
#15012=CARTESIAN_POINT('',(-7.81973181087218,-7.09058928125911,7.20656951735923));
#15013=CARTESIAN_POINT('',(0.302752318064115,-7.09058928125911,7.20656951735923));
#15014=CARTESIAN_POINT('',(-7.81973181087218,-6.00310061773318,6.80656951735923));
#15015=CARTESIAN_POINT('',(-7.81973181087218,-6.00310061773318,7.80656951735923));
#15016=CARTESIAN_POINT('',(-7.81973181087218,6.29390262993534,0.515321711748213));
#15017=CARTESIAN_POINT('',(-7.81973181087218,6.7918222942431,6.20656951735923));
#15018=CARTESIAN_POINT('',(-7.81973181087218,-10.3015194082106,6.20656951735923));
#15019=CARTESIAN_POINT('',(-7.81973181087218,-7.00310061773319,6.20656951735922));
#15020=CARTESIAN_POINT('',(-7.81973181087218,-6.50518095342543,0.515321711748213));
#15021=CARTESIAN_POINT('',(-7.75825670185925,-10.3015194082106,5.50390580602346));
#15022=CARTESIAN_POINT('',(-7.62985588832027,6.60194637169119,4.03627779155583));
#15023=CARTESIAN_POINT('',(-7.52227035488404,6.49436083825495,2.80656951735923));
#15024=CARTESIAN_POINT('',(-7.52227035488404,-10.3015194082106,2.80656951735923));
#15025=CARTESIAN_POINT('',(-7.52227035488404,-6.70563916174504,2.80656951735923));
#15026=CARTESIAN_POINT('',(-7.79112532025565,-6.97449412711665,5.87959583341381));
#15027=CARTESIAN_POINT('',(0.302752318064115,6.29390262993534,0.515321711748213));
#15028=CARTESIAN_POINT('',(0.938028364041424,6.34359069899691,1.08325893994521));
#15029=CARTESIAN_POINT('',(1.18728226422618,6.31938351120311,0.80656951735923));
#15030=CARTESIAN_POINT('',(-0.614404969461264,6.49436083825495,2.80656951735923));
#15031=CARTESIAN_POINT('',(4.30275231806412,6.49436083825495,2.80656951735923));
#15032=CARTESIAN_POINT('',(9.18335521139872,6.71613002164846,5.34140288268772));
#15033=CARTESIAN_POINT('',(6.56516794719622,6.3193835112031,0.806569517359231));
#15034=CARTESIAN_POINT('',(2.80275231806412,6.3193835112031,0.806569517359231));
#15035=CARTESIAN_POINT('',(0.302752318064115,-6.50518095342543,0.515321711748213));
#15036=CARTESIAN_POINT('',(0.938028364041424,-6.554869022487,1.08325893994521));
#15037=CARTESIAN_POINT('',(-0.614404969461266,-6.70563916174504,2.80656951735922));
#15038=CARTESIAN_POINT('',(1.18728226422619,-6.5306618346932,0.80656951735923));
#15039=CARTESIAN_POINT('',(2.80275231806412,-6.5306618346932,0.806569517359231));
#15040=CARTESIAN_POINT('',(6.56516794719622,-6.5306618346932,0.806569517359231));
#15041=CARTESIAN_POINT('',(4.03699819386248,-6.1475561106822,-3.57234894557368));
#15042=CARTESIAN_POINT('',(0.302752318064115,-6.70563916174504,2.80656951735923));
#15043=CARTESIAN_POINT('',(8.97837943252108,12.1267885615307,4.98637441935065));
#15044=CARTESIAN_POINT('',(6.56516794719622,12.1267885615307,0.806569517359232));
#15045=CARTESIAN_POINT('',(-7.69724768193589,-10.3015194082106,2.80656951735923));
#15046=CARTESIAN_POINT('',(-0.614404969461264,6.49436083825495,2.80656951735923));
#15047=CARTESIAN_POINT('',(-0.614404969461265,4.88907041949345,2.80656951735923));
#15048=CARTESIAN_POINT('',(-0.614404969461266,-10.3015194082106,2.80656951735923));
#15049=CARTESIAN_POINT('',(-0.614404969461267,-5.0941010560902,2.80656951735923));
#15050=CARTESIAN_POINT('',(-0.614404969461266,-6.70563916174504,2.80656951735923));
#15051=CARTESIAN_POINT('',(23.2777288230475,6.54944811514557,-23.7153853988774));
#15052=CARTESIAN_POINT('',(1.18728226422618,6.54944811514557,0.80656951735923));
#15053=CARTESIAN_POINT('',(1.18728226422618,5.4249688043557,0.80656951735923));
#15054=CARTESIAN_POINT('',(23.0825591444686,11.9375550606388,-23.4987332797641));
#15055=CARTESIAN_POINT('',(2.80275231806412,-10.3015194082106,0.806569517359231));
#15056=CARTESIAN_POINT('',(2.80275231806412,5.4249688043557,0.806569517359231));
#15057=CARTESIAN_POINT('',(1.71626320635158,5.4249688043557,0.806569517359231));
#15058=CARTESIAN_POINT('',(1.18728226422619,-6.74532222146627,0.80656951735923));
#15059=CARTESIAN_POINT('',(1.18728226422619,-5.62999944095245,0.80656951735923));
#15060=CARTESIAN_POINT('',(0.385595030538734,-5.62999944095245,0.80656951735923));
#15061=CARTESIAN_POINT('',(1.71626320635158,-5.62999944095245,0.80656951735923));
#15062=CARTESIAN_POINT('',(1.71626320635158,-10.3015194082106,0.806569517359231));
#15063=CARTESIAN_POINT('',(3.26599647668753,-10.3015194082106,0.806569517359231));
#15064=CARTESIAN_POINT('',(3.26599647668753,-5.63624712784565,0.806569517359223));
#15065=CARTESIAN_POINT('',(3.26599647668753,5.4249688043557,0.806569517359223));
#15066=CARTESIAN_POINT('',(0.385595030538734,-5.63624712784565,0.806569517359223));
#15067=CARTESIAN_POINT('',(5.10952994608819,-5.63624712784565,0.806569517359223));
#15068=CARTESIAN_POINT('',(5.10952994608819,-10.3015194082106,0.806569517359231));
#15069=CARTESIAN_POINT('',(5.10952994608819,5.4249688043557,0.806569517359223));
#15070=CARTESIAN_POINT('',(4.51933307179507,5.4249688043557,0.806569517359223));
#15071=CARTESIAN_POINT('',(21.4259086278928,-6.74532222146627,-21.6597342730548));
#15072=CARTESIAN_POINT('',(21.301742334964,-11.6128950638641,-21.5219009237285));
#15073=CARTESIAN_POINT('',(-0.555826325698576,-10.3015194082106,2.86514816112192));
#15074=CARTESIAN_POINT('',(-1.23134108658161,-5.25940859045419,2.18963340023889));
#15075=CARTESIAN_POINT('',(0.385595030538734,-4.82615186365908,3.80656951735923));
#15076=CARTESIAN_POINT('',(1.40676989942704,4.34749824561275,4.82774438624754));
#15077=CARTESIAN_POINT('',(0.385595030538734,4.62112122706233,3.80656951735923));
#15078=CARTESIAN_POINT('',(0.385595030538734,-10.3015194082106,3.80656951735923));
#15079=CARTESIAN_POINT('',(4.51933307179507,16.1181959895375,-39.101097634616));
#15080=CARTESIAN_POINT('',(0.52926467294861,3.62118757266705,7.53837271976043));
#15081=CARTESIAN_POINT('',(1.18728226422619,4.62112122706233,3.80656951735923));
#15082=CARTESIAN_POINT('',(4.51933307179507,4.62112122706233,3.80656951735923));
#15083=CARTESIAN_POINT('',(1.16723109980213,-10.3015194082106,3.92028532161956));
#15084=CARTESIAN_POINT('',(1.4030959472962,-5.15410565644707,2.58262930013955));
#15085=CARTESIAN_POINT('',(1.18728226422619,-4.82615186365908,3.80656951735923));
#15086=CARTESIAN_POINT('',(1.18728226422619,-10.3015194082106,3.80656951735923));
#15087=CARTESIAN_POINT('',(0.385595030538734,-16.3234395109028,-39.1018921313882));
#15088=CARTESIAN_POINT('',(0.385595030538734,-4.82615186365908,3.80656951735923));
#15089=CARTESIAN_POINT('',(3.86188012641802,-10.3015194082106,4.1859936266832));
#15090=CARTESIAN_POINT('',(4.49679657037503,3.55462604783231,7.78678371227297));
#15091=CARTESIAN_POINT('',(3.79497741881292,4.62112122706233,3.80656951735923));
#15092=CARTESIAN_POINT('',(3.79497741881293,-10.3015194082106,3.80656951735923));
#15093=CARTESIAN_POINT('',(3.79497741881292,-4.83239955055228,3.80656951735923));
#15094=CARTESIAN_POINT('',(3.62323294099314,-5.09338510109829,2.83255818268017));
#15095=CARTESIAN_POINT('',(4.51933307179507,16.1181959895375,-39.101097634616));
#15096=CARTESIAN_POINT('',(4.72960453367487,4.84762830302581,2.96123360158966));
#15097=CARTESIAN_POINT('',(4.5805490039628,4.62112122706233,3.80656951735923));
#15098=CARTESIAN_POINT('',(4.51933307179507,4.62112122706233,3.80656951735923));
#15099=CARTESIAN_POINT('',(4.5853891963535,7.99492226577676,3.7791194222504));
#15100=CARTESIAN_POINT('',(4.03556383590286,-4.00423170532592,6.89733399293885));
#15101=CARTESIAN_POINT('',(4.5805490039628,-4.83239955055228,3.80656951735923));
#15102=CARTESIAN_POINT('',(4.5805490039628,7.99492226577676,3.80656951735923));
#15103=CARTESIAN_POINT('',(0.385595030538734,-16.3294743130275,-39.101097634616));
#15104=CARTESIAN_POINT('',(0.385595030538734,-4.83239955055228,3.80656951735923));
#15105=CARTESIAN_POINT('',(0.302752318064115,-10.3015194082106,3.80656951735923));
#15106=CARTESIAN_POINT('',(5.1709473597052,-5.38533870487156,3.80656951735923));
#15107=CARTESIAN_POINT('',(-13.7791330367019,19.7570345295403,7.80656951735923));
#15108=CARTESIAN_POINT('',(0.,0.,0.4139346));
#15109=CARTESIAN_POINT('',(-25.,-0.5,-5.));
#15110=CARTESIAN_POINT('',(-25.,-0.1,-5.));
#15111=CARTESIAN_POINT('',(-25.,-0.1,-5.));
#15112=CARTESIAN_POINT('',(25.,-0.1,-5.));
#15113=CARTESIAN_POINT('',(25.,-0.5,-5.));
#15114=CARTESIAN_POINT('',(25.,-0.5,-5.));
#15115=CARTESIAN_POINT('',(-25.,-0.5,-5.));
#15116=CARTESIAN_POINT('',(-25.,-0.5,-5.));
#15117=CARTESIAN_POINT('',(-25.,-0.5,-5.));
#15118=CARTESIAN_POINT('',(25.,-0.5,-5.));
#15119=CARTESIAN_POINT('',(25.,-0.1,-5.));
#15120=CARTESIAN_POINT('',(25.,-0.1,5.));
#15121=CARTESIAN_POINT('',(25.,-0.5,5.));
#15122=CARTESIAN_POINT('',(25.,-0.5,5.));
#15123=CARTESIAN_POINT('',(25.,-0.5,-5.));
#15124=CARTESIAN_POINT('',(25.,-0.5,5.));
#15125=CARTESIAN_POINT('',(25.,-0.1,5.));
#15126=CARTESIAN_POINT('',(-25.,-0.1,5.));
#15127=CARTESIAN_POINT('',(-25.,-0.5,5.));
#15128=CARTESIAN_POINT('',(-25.,-0.5,5.));
#15129=CARTESIAN_POINT('',(25.,-0.5,5.));
#15130=CARTESIAN_POINT('',(-25.,-0.5,5.));
#15131=CARTESIAN_POINT('',(-25.,-0.1,5.));
#15132=CARTESIAN_POINT('',(-25.,-0.5,5.));
#15133=CARTESIAN_POINT('',(0.,-0.5,0.));
#15134=CARTESIAN_POINT('',(0.,-0.1,0.));
#15135=CARTESIAN_POINT('',(-18.2892064834773,-0.188176593616452,6.72050409924962));
#15136=CARTESIAN_POINT('',(0.100169089214825,4.33130964356957,5.375145454345));
#15137=MECHANICAL_DESIGN_GEOMETRIC_PRESENTATION_REPRESENTATION('',(#7790,
#7791,#7792,#7793,#7794,#7795,#7796,#7797,#7798,#7799),#15138);
#15138=(
GEOMETRIC_REPRESENTATION_CONTEXT(3)
GLOBAL_UNCERTAINTY_ASSIGNED_CONTEXT((#15151))
GLOBAL_UNIT_ASSIGNED_CONTEXT((#15166,#15165,#15164))
REPRESENTATION_CONTEXT('MiniBurner XL Dock Assembly',
'TOP_LEVEL_ASSEMBLY_PART')
);
#15139=(
GEOMETRIC_REPRESENTATION_CONTEXT(3)
GLOBAL_UNCERTAINTY_ASSIGNED_CONTEXT((#15152))
GLOBAL_UNIT_ASSIGNED_CONTEXT((#15166,#15165,#15164))
REPRESENTATION_CONTEXT('MiniBurner XL Dock With Brim','COMPONENT_PART')
);
#15140=(
GEOMETRIC_REPRESENTATION_CONTEXT(3)
GLOBAL_UNCERTAINTY_ASSIGNED_CONTEXT((#15153))
GLOBAL_UNIT_ASSIGNED_CONTEXT((#15166,#15165,#15164))
REPRESENTATION_CONTEXT('Miniburner XL Dock','COMPONENT_PART')
);
#15141=(
GEOMETRIC_REPRESENTATION_CONTEXT(3)
GLOBAL_UNCERTAINTY_ASSIGNED_CONTEXT((#15154))
GLOBAL_UNIT_ASSIGNED_CONTEXT((#15166,#15165,#15164))
REPRESENTATION_CONTEXT('Miniburner XL Dock - Brim','COMPONENT_PART')
);
#15142=(
GEOMETRIC_REPRESENTATION_CONTEXT(3)
GLOBAL_UNCERTAINTY_ASSIGNED_CONTEXT((#15155))
GLOBAL_UNIT_ASSIGNED_CONTEXT((#15166,#15165,#15164))
REPRESENTATION_CONTEXT('6x3 Magnet With 2mm Coutersunk Hole',
'COMPONENT_PART')
);
#15143=(
GEOMETRIC_REPRESENTATION_CONTEXT(3)
GLOBAL_UNCERTAINTY_ASSIGNED_CONTEXT((#15156))
GLOBAL_UNIT_ASSIGNED_CONTEXT((#15166,#15165,#15164))
REPRESENTATION_CONTEXT('Heat Insert M3 Short 5x4','COMPONENT_PART')
);
#15144=(
GEOMETRIC_REPRESENTATION_CONTEXT(3)
GLOBAL_UNCERTAINTY_ASSIGNED_CONTEXT((#15157))
GLOBAL_UNIT_ASSIGNED_CONTEXT((#15166,#15165,#15164))
REPRESENTATION_CONTEXT('M2x10mm - Selftapping Screw Countersunk',
'COMPONENT_PART')
);
#15145=(
GEOMETRIC_REPRESENTATION_CONTEXT(3)
GLOBAL_UNCERTAINTY_ASSIGNED_CONTEXT((#15158))
GLOBAL_UNIT_ASSIGNED_CONTEXT((#15166,#15165,#15164))
REPRESENTATION_CONTEXT('M3x8 hex socket cap screw','COMPONENT_PART')
);
#15146=(
GEOMETRIC_REPRESENTATION_CONTEXT(3)
GLOBAL_UNCERTAINTY_ASSIGNED_CONTEXT((#15159))
GLOBAL_UNIT_ASSIGNED_CONTEXT((#15166,#15165,#15164))
REPRESENTATION_CONTEXT('M3 Hammerhead T-Nut','COMPONENT_PART')
);
#15147=(
GEOMETRIC_REPRESENTATION_CONTEXT(3)
GLOBAL_UNCERTAINTY_ASSIGNED_CONTEXT((#15160))
GLOBAL_UNIT_ASSIGNED_CONTEXT((#15166,#15165,#15164))
REPRESENTATION_CONTEXT('SpringSteel Holder','COMPONENT_PART')
);
#15148=(
GEOMETRIC_REPRESENTATION_CONTEXT(3)
GLOBAL_UNCERTAINTY_ASSIGNED_CONTEXT((#15161))
GLOBAL_UNIT_ASSIGNED_CONTEXT((#15166,#15165,#15164))
REPRESENTATION_CONTEXT('Silicon Pad Assembly','COMPONENT_PART')
);
#15149=(
GEOMETRIC_REPRESENTATION_CONTEXT(3)
GLOBAL_UNCERTAINTY_ASSIGNED_CONTEXT((#15162))
GLOBAL_UNIT_ASSIGNED_CONTEXT((#15166,#15165,#15164))
REPRESENTATION_CONTEXT('Silicon Pad','COMPONENT_PART')
);
#15150=(
GEOMETRIC_REPRESENTATION_CONTEXT(3)
GLOBAL_UNCERTAINTY_ASSIGNED_CONTEXT((#15163))
GLOBAL_UNIT_ASSIGNED_CONTEXT((#15166,#15165,#15164))
REPRESENTATION_CONTEXT('SpringSteel','COMPONENT_PART')
);
#15151=UNCERTAINTY_MEASURE_WITH_UNIT(LENGTH_MEASURE(0.005),#15166,
'DISTANCE_ACCURACY_VALUE','Maximum Tolerance applied to model');
#15152=UNCERTAINTY_MEASURE_WITH_UNIT(LENGTH_MEASURE(0.005),#15166,
'DISTANCE_ACCURACY_VALUE','Maximum Tolerance applied to model');
#15153=UNCERTAINTY_MEASURE_WITH_UNIT(LENGTH_MEASURE(0.005),#15166,
'DISTANCE_ACCURACY_VALUE','Maximum Tolerance applied to model');
#15154=UNCERTAINTY_MEASURE_WITH_UNIT(LENGTH_MEASURE(0.005),#15166,
'DISTANCE_ACCURACY_VALUE','Maximum Tolerance applied to model');
#15155=UNCERTAINTY_MEASURE_WITH_UNIT(LENGTH_MEASURE(0.005),#15166,
'DISTANCE_ACCURACY_VALUE','Maximum Tolerance applied to model');
#15156=UNCERTAINTY_MEASURE_WITH_UNIT(LENGTH_MEASURE(0.005),#15166,
'DISTANCE_ACCURACY_VALUE','Maximum Tolerance applied to model');
#15157=UNCERTAINTY_MEASURE_WITH_UNIT(LENGTH_MEASURE(0.005),#15166,
'DISTANCE_ACCURACY_VALUE','Maximum Tolerance applied to model');
#15158=UNCERTAINTY_MEASURE_WITH_UNIT(LENGTH_MEASURE(0.005),#15166,
'DISTANCE_ACCURACY_VALUE','Maximum Tolerance applied to model');
#15159=UNCERTAINTY_MEASURE_WITH_UNIT(LENGTH_MEASURE(0.005),#15166,
'DISTANCE_ACCURACY_VALUE','Maximum Tolerance applied to model');
#15160=UNCERTAINTY_MEASURE_WITH_UNIT(LENGTH_MEASURE(0.005),#15166,
'DISTANCE_ACCURACY_VALUE','Maximum Tolerance applied to model');
#15161=UNCERTAINTY_MEASURE_WITH_UNIT(LENGTH_MEASURE(0.005),#15166,
'DISTANCE_ACCURACY_VALUE','Maximum Tolerance applied to model');
#15162=UNCERTAINTY_MEASURE_WITH_UNIT(LENGTH_MEASURE(0.005),#15166,
'DISTANCE_ACCURACY_VALUE','Maximum Tolerance applied to model');
#15163=UNCERTAINTY_MEASURE_WITH_UNIT(LENGTH_MEASURE(0.005),#15166,
'DISTANCE_ACCURACY_VALUE','Maximum Tolerance applied to model');
#15164=(
NAMED_UNIT(*)
SI_UNIT($,.STERADIAN.)
SOLID_ANGLE_UNIT()
);
#15165=(
NAMED_UNIT(*)
PLANE_ANGLE_UNIT()
SI_UNIT($,.RADIAN.)
);
#15166=(
LENGTH_UNIT()
NAMED_UNIT(*)
SI_UNIT(.MILLI.,.METRE.)
);
#15167=PRODUCT_DEFINITION_SHAPE('','',#15203);
#15168=PRODUCT_DEFINITION_SHAPE('','',#15204);
#15169=PRODUCT_DEFINITION_SHAPE('','',#15205);
#15170=PRODUCT_DEFINITION_SHAPE(' ','NAUO PRDDFN',#51);
#15171=PRODUCT_DEFINITION_SHAPE('','',#15206);
#15172=PRODUCT_DEFINITION_SHAPE(' ','NAUO PRDDFN',#52);
#15173=PRODUCT_DEFINITION_SHAPE(' ','NAUO PRDDFN',#53);
#15174=PRODUCT_DEFINITION_SHAPE('','',#15207);
#15175=PRODUCT_DEFINITION_SHAPE(' ','NAUO PRDDFN',#54);
#15176=PRODUCT_DEFINITION_SHAPE(' ','NAUO PRDDFN',#55);
#15177=PRODUCT_DEFINITION_SHAPE(' ','NAUO PRDDFN',#56);
#15178=PRODUCT_DEFINITION_SHAPE(' ','NAUO PRDDFN',#57);
#15179=PRODUCT_DEFINITION_SHAPE('','',#15208);
#15180=PRODUCT_DEFINITION_SHAPE(' ','NAUO PRDDFN',#58);
#15181=PRODUCT_DEFINITION_SHAPE(' ','NAUO PRDDFN',#59);
#15182=PRODUCT_DEFINITION_SHAPE('','',#15209);
#15183=PRODUCT_DEFINITION_SHAPE(' ','NAUO PRDDFN',#60);
#15184=PRODUCT_DEFINITION_SHAPE(' ','NAUO PRDDFN',#61);
#15185=PRODUCT_DEFINITION_SHAPE(' ','NAUO PRDDFN',#62);
#15186=PRODUCT_DEFINITION_SHAPE(' ','NAUO PRDDFN',#63);
#15187=PRODUCT_DEFINITION_SHAPE('','',#15210);
#15188=PRODUCT_DEFINITION_SHAPE(' ','NAUO PRDDFN',#64);
#15189=PRODUCT_DEFINITION_SHAPE(' ','NAUO PRDDFN',#65);
#15190=PRODUCT_DEFINITION_SHAPE('','',#15211);
#15191=PRODUCT_DEFINITION_SHAPE(' ','NAUO PRDDFN',#66);
#15192=PRODUCT_DEFINITION_SHAPE(' ','NAUO PRDDFN',#67);
#15193=PRODUCT_DEFINITION_SHAPE('','',#15212);
#15194=PRODUCT_DEFINITION_SHAPE(' ','NAUO PRDDFN',#68);
#15195=PRODUCT_DEFINITION_SHAPE(' ','NAUO PRDDFN',#69);
#15196=PRODUCT_DEFINITION_SHAPE(' ','NAUO PRDDFN',#70);
#15197=PRODUCT_DEFINITION_SHAPE('','',#15213);
#15198=PRODUCT_DEFINITION_SHAPE('','',#15214);
#15199=PRODUCT_DEFINITION_SHAPE(' ','NAUO PRDDFN',#71);
#15200=PRODUCT_DEFINITION_SHAPE('','',#15215);
#15201=PRODUCT_DEFINITION_SHAPE(' ','NAUO PRDDFN',#72);
#15202=PRODUCT_DEFINITION_SHAPE(' ','NAUO PRDDFN',#73);
#15203=PRODUCT_DEFINITION('','',#15229,#15216);
#15204=PRODUCT_DEFINITION('','',#15230,#15217);
#15205=PRODUCT_DEFINITION('','',#15231,#15218);
#15206=PRODUCT_DEFINITION('','',#15232,#15219);
#15207=PRODUCT_DEFINITION('','',#15233,#15220);
#15208=PRODUCT_DEFINITION('','',#15234,#15221);
#15209=PRODUCT_DEFINITION('','',#15235,#15222);
#15210=PRODUCT_DEFINITION('','',#15236,#15223);
#15211=PRODUCT_DEFINITION('','',#15237,#15224);
#15212=PRODUCT_DEFINITION('','',#15238,#15225);
#15213=PRODUCT_DEFINITION('','',#15239,#15226);
#15214=PRODUCT_DEFINITION('','',#15240,#15227);
#15215=PRODUCT_DEFINITION('','',#15241,#15228);
#15216=PRODUCT_DEFINITION_CONTEXT('',#15295,'design');
#15217=PRODUCT_DEFINITION_CONTEXT('',#15295,'design');
#15218=PRODUCT_DEFINITION_CONTEXT('',#15295,'design');
#15219=PRODUCT_DEFINITION_CONTEXT('',#15295,'design');
#15220=PRODUCT_DEFINITION_CONTEXT('',#15295,'design');
#15221=PRODUCT_DEFINITION_CONTEXT('',#15295,'design');
#15222=PRODUCT_DEFINITION_CONTEXT('',#15295,'design');
#15223=PRODUCT_DEFINITION_CONTEXT('',#15295,'design');
#15224=PRODUCT_DEFINITION_CONTEXT('',#15295,'design');
#15225=PRODUCT_DEFINITION_CONTEXT('',#15295,'design');
#15226=PRODUCT_DEFINITION_CONTEXT('',#15295,'design');
#15227=PRODUCT_DEFINITION_CONTEXT('',#15295,'design');
#15228=PRODUCT_DEFINITION_CONTEXT('',#15295,'design');
#15229=PRODUCT_DEFINITION_FORMATION_WITH_SPECIFIED_SOURCE('','',#15255,
 .NOT_KNOWN.);
#15230=PRODUCT_DEFINITION_FORMATION_WITH_SPECIFIED_SOURCE('','',#15256,
 .NOT_KNOWN.);
#15231=PRODUCT_DEFINITION_FORMATION_WITH_SPECIFIED_SOURCE('','',#15257,
 .NOT_KNOWN.);
#15232=PRODUCT_DEFINITION_FORMATION_WITH_SPECIFIED_SOURCE('','',#15258,
 .NOT_KNOWN.);
#15233=PRODUCT_DEFINITION_FORMATION_WITH_SPECIFIED_SOURCE('','',#15259,
 .NOT_KNOWN.);
#15234=PRODUCT_DEFINITION_FORMATION_WITH_SPECIFIED_SOURCE('','',#15260,
 .NOT_KNOWN.);
#15235=PRODUCT_DEFINITION_FORMATION_WITH_SPECIFIED_SOURCE('','',#15261,
 .NOT_KNOWN.);
#15236=PRODUCT_DEFINITION_FORMATION_WITH_SPECIFIED_SOURCE('','',#15262,
 .NOT_KNOWN.);
#15237=PRODUCT_DEFINITION_FORMATION_WITH_SPECIFIED_SOURCE('','',#15263,
 .NOT_KNOWN.);
#15238=PRODUCT_DEFINITION_FORMATION_WITH_SPECIFIED_SOURCE('','',#15264,
 .NOT_KNOWN.);
#15239=PRODUCT_DEFINITION_FORMATION_WITH_SPECIFIED_SOURCE('','',#15265,
 .NOT_KNOWN.);
#15240=PRODUCT_DEFINITION_FORMATION_WITH_SPECIFIED_SOURCE('','',#15266,
 .NOT_KNOWN.);
#15241=PRODUCT_DEFINITION_FORMATION_WITH_SPECIFIED_SOURCE('','',#15267,
 .NOT_KNOWN.);
#15242=PRODUCT_RELATED_PRODUCT_CATEGORY('','',(#15255));
#15243=PRODUCT_RELATED_PRODUCT_CATEGORY('','',(#15256));
#15244=PRODUCT_RELATED_PRODUCT_CATEGORY('','',(#15257));
#15245=PRODUCT_RELATED_PRODUCT_CATEGORY('','',(#15258));
#15246=PRODUCT_RELATED_PRODUCT_CATEGORY('','',(#15259));
#15247=PRODUCT_RELATED_PRODUCT_CATEGORY('','',(#15260));
#15248=PRODUCT_RELATED_PRODUCT_CATEGORY('','',(#15261));
#15249=PRODUCT_RELATED_PRODUCT_CATEGORY('','',(#15262));
#15250=PRODUCT_RELATED_PRODUCT_CATEGORY('','',(#15263));
#15251=PRODUCT_RELATED_PRODUCT_CATEGORY('','',(#15264));
#15252=PRODUCT_RELATED_PRODUCT_CATEGORY('','',(#15265));
#15253=PRODUCT_RELATED_PRODUCT_CATEGORY('','',(#15266));
#15254=PRODUCT_RELATED_PRODUCT_CATEGORY('','',(#15267));
#15255=PRODUCT('MiniBurner XL Dock Assembly',
'MiniBurner XL Dock Assembly','MiniBurner XL Dock Assembly',(#15281));
#15256=PRODUCT('MiniBurner XL Dock With Brim',
'MiniBurner XL Dock With Brim','MiniBurner XL Dock With Brim',(#15282));
#15257=PRODUCT('Miniburner XL Dock','Miniburner XL Dock',
'Miniburner XL Dock',(#15283));
#15258=PRODUCT('Miniburner XL Dock - Brim','Miniburner XL Dock - Brim',
'Miniburner XL Dock - Brim',(#15284));
#15259=PRODUCT('6x3 Magnet With 2mm Coutersunk Hole',
'6x3 Magnet With 2mm Coutersunk Hole',
'6x3 Magnet With 2mm Coutersunk Hole',(#15285));
#15260=PRODUCT('Heat Insert M3 Short 5x4','Heat Insert M3 Short 5x4',
'Heat Insert M3 Short 5x4',(#15286));
#15261=PRODUCT('M2x10mm - Selftapping Screw Countersunk',
'M2x10mm - Selftapping Screw Countersunk',
'M2x10mm - Selftapping Screw Countersunk',(#15287));
#15262=PRODUCT('M3x8 hex socket cap screw','M3x8 hex socket cap screw',
'M3x8 hex socket cap screw',(#15288));
#15263=PRODUCT('M3 Hammerhead T-Nut','M3 Hammerhead T-Nut',
'M3 Hammerhead T-Nut',(#15289));
#15264=PRODUCT('SpringSteel Holder','SpringSteel Holder',
'SpringSteel Holder',(#15290));
#15265=PRODUCT('Silicon Pad Assembly','Silicon Pad Assembly',
'Silicon Pad Assembly',(#15291));
#15266=PRODUCT('Silicon Pad','Silicon Pad','Silicon Pad',(#15292));
#15267=PRODUCT('SpringSteel','SpringSteel','SpringSteel',(#15293));
#15268=PRODUCT_CATEGORY('','');
#15269=PRODUCT_CATEGORY('','');
#15270=PRODUCT_CATEGORY('','');
#15271=PRODUCT_CATEGORY('','');
#15272=PRODUCT_CATEGORY('','');
#15273=PRODUCT_CATEGORY('','');
#15274=PRODUCT_CATEGORY('','');
#15275=PRODUCT_CATEGORY('','');
#15276=PRODUCT_CATEGORY('','');
#15277=PRODUCT_CATEGORY('','');
#15278=PRODUCT_CATEGORY('','');
#15279=PRODUCT_CATEGORY('','');
#15280=PRODUCT_CATEGORY('','');
#15281=PRODUCT_CONTEXT('',#15295,'mechanical');
#15282=PRODUCT_CONTEXT('',#15295,'mechanical');
#15283=PRODUCT_CONTEXT('',#15295,'mechanical');
#15284=PRODUCT_CONTEXT('',#15295,'mechanical');
#15285=PRODUCT_CONTEXT('',#15295,'mechanical');
#15286=PRODUCT_CONTEXT('',#15295,'mechanical');
#15287=PRODUCT_CONTEXT('',#15295,'mechanical');
#15288=PRODUCT_CONTEXT('',#15295,'mechanical');
#15289=PRODUCT_CONTEXT('',#15295,'mechanical');
#15290=PRODUCT_CONTEXT('',#15295,'mechanical');
#15291=PRODUCT_CONTEXT('',#15295,'mechanical');
#15292=PRODUCT_CONTEXT('',#15295,'mechanical');
#15293=PRODUCT_CONTEXT('',#15295,'mechanical');
#15294=APPLICATION_PROTOCOL_DEFINITION('international standard',
'automotive_design',2010,#15295);
#15295=APPLICATION_CONTEXT(
'core data for automotive mechanical design processes');
ENDSEC;
END-ISO-10303-21;
